/*******************************************************************************
 * Size: 20 px
 * Bpp: 4
 * Opts: --font build\NotoSansSC-Bold.ttf --size 20 --bpp 4 --format lvgl --range 0x20-0x7E --symbols —，·按败班板棒报备本闭表不部查常成程次待到笛第调动短段断多二发返分复告更工共关后候回会即计继间键接节结解今开看科可课劳乐了立连量铃六络码没每美密眠描命模目幕闹屏启器请取全日入三扫稍设声失时始式输术束竖数睡四锁提体天停完网未文五武息熄习现响消写新信醒休修续选学扬业一已音英永用有语育月再在载暂择长真整正置中钟重周注专准自作气晴云阴雨雷雪雾需配加点试等刷 --no-compress --lv-include lvgl.h --lv-font-name ui_font_bold_20 --output build\ui_font_bold_20_new.c
 ******************************************************************************/

#ifdef LV_LVGL_H_INCLUDE_SIMPLE
#include "lvgl.h"
#else
#include "lvgl.h"
#endif

#ifndef UI_FONT_BOLD_20
#define UI_FONT_BOLD_20 1
#endif

#if UI_FONT_BOLD_20

/*-----------------
 *    BITMAPS
 *----------------*/

/*Store the image of the glyphs*/
static LV_ATTRIBUTE_LARGE_CONST const uint8_t glyph_bitmap[] = {
    /* U+0020 " " */

    /* U+0021 "!" */
    0xc, 0xff, 0x20, 0xbf, 0xf2, 0xb, 0xff, 0x10,
    0xaf, 0xf0, 0x9, 0xff, 0x0, 0x8f, 0xf0, 0x7,
    0xfe, 0x0, 0x7f, 0xd0, 0x6, 0xfc, 0x0, 0x5f,
    0xb0, 0x2, 0xa6, 0x0, 0x7f, 0xc1, 0x1f, 0xff,
    0x70, 0xff, 0xf7, 0x7, 0xfc, 0x10,

    /* U+0022 "\"" */
    0x4f, 0xfb, 0x4, 0xff, 0xb3, 0xff, 0xb0, 0x3f,
    0xfb, 0x2f, 0xfa, 0x2, 0xff, 0xa1, 0xff, 0x90,
    0x1f, 0xf9, 0xf, 0xf7, 0x0, 0xff, 0x70, 0xdf,
    0x50, 0xd, 0xf5, 0xb, 0xf2, 0x0, 0xbf, 0x20,
    0x36, 0x0, 0x3, 0x60,

    /* U+0023 "#" */
    0x0, 0x4, 0xf6, 0x0, 0xfb, 0x0, 0x0, 0x7,
    0xf4, 0x3, 0xf8, 0x0, 0x0, 0xa, 0xf1, 0x5,
    0xf6, 0x0, 0xc, 0xff, 0xff, 0xff, 0xff, 0xf2,
    0xc, 0xff, 0xff, 0xff, 0xff, 0xf2, 0x0, 0xf,
    0xb0, 0xb, 0xf0, 0x0, 0x0, 0x1f, 0xa0, 0xd,
    0xe0, 0x0, 0x0, 0x3f, 0x80, 0xf, 0xc0, 0x0,
    0x3f, 0xff, 0xff, 0xff, 0xff, 0xa0, 0x3f, 0xff,
    0xff, 0xff, 0xff, 0xa0, 0x0, 0x8f, 0x30, 0x4f,
    0x70, 0x0, 0x0, 0xaf, 0x10, 0x6f, 0x50, 0x0,
    0x0, 0xcf, 0x0, 0x8f, 0x40, 0x0, 0x0, 0xdd,
    0x0, 0x9f, 0x20, 0x0, 0x0, 0xfc, 0x0, 0xbf,
    0x0, 0x0,

    /* U+0024 "$" */
    0x0, 0x0, 0x1f, 0xe0, 0x0, 0x0, 0x0, 0x1,
    0xfe, 0x0, 0x0, 0x0, 0x0, 0x1f, 0xe0, 0x0,
    0x0, 0x0, 0x5d, 0xff, 0xd6, 0x0, 0x0, 0x8f,
    0xff, 0xff, 0xfc, 0x0, 0x2f, 0xff, 0x87, 0xbf,
    0xa0, 0x6, 0xff, 0x70, 0x0, 0x40, 0x0, 0x6f,
    0xf7, 0x0, 0x0, 0x0, 0x3, 0xff, 0xf6, 0x0,
    0x0, 0x0, 0x9, 0xff, 0xfd, 0x50, 0x0, 0x0,
    0x6, 0xef, 0xff, 0xb1, 0x0, 0x0, 0x1, 0x8f,
    0xff, 0xc0, 0x0, 0x0, 0x0, 0x2e, 0xff, 0x40,
    0x0, 0x0, 0x0, 0x7f, 0xf6, 0x0, 0x91, 0x0,
    0x8, 0xff, 0x50, 0x9f, 0xf9, 0x79, 0xff, 0xf1,
    0x9, 0xff, 0xff, 0xff, 0xf6, 0x0, 0x3, 0x9e,
    0xff, 0xb4, 0x0, 0x0, 0x0, 0x1f, 0xe0, 0x0,
    0x0, 0x0, 0x1, 0xfe, 0x0, 0x0, 0x0, 0x0,
    0x8, 0x70, 0x0, 0x0,

    /* U+0025 "%" */
    0x0, 0x8e, 0xfc, 0x30, 0x0, 0x0, 0x7f, 0x40,
    0x0, 0x0, 0x9f, 0xec, 0xff, 0x20, 0x0, 0x1f,
    0xb0, 0x0, 0x0, 0x1f, 0xf1, 0x9, 0xf9, 0x0,
    0x9, 0xf2, 0x0, 0x0, 0x4, 0xfc, 0x0, 0x4f,
    0xc0, 0x2, 0xfa, 0x0, 0x0, 0x0, 0x5f, 0xb0,
    0x3, 0xfd, 0x0, 0xaf, 0x20, 0x0, 0x0, 0x4,
    0xfd, 0x0, 0x5f, 0xc0, 0x2f, 0x90, 0x5b, 0xb6,
    0x0, 0xe, 0xf5, 0x1c, 0xf7, 0xb, 0xf1, 0x8f,
    0xff, 0xf8, 0x0, 0x6f, 0xff, 0xfd, 0x4, 0xf8,
    0x2f, 0xf3, 0x2f, 0xf2, 0x0, 0x4a, 0xb8, 0x0,
    0xce, 0x6, 0xfa, 0x0, 0x9f, 0x70, 0x0, 0x0,
    0x0, 0x5f, 0x60, 0x9f, 0x80, 0x7, 0xf9, 0x0,
    0x0, 0x0, 0xd, 0xd0, 0x9, 0xf8, 0x0, 0x7f,
    0x90, 0x0, 0x0, 0x6, 0xf5, 0x0, 0x7f, 0x90,
    0x9, 0xf8, 0x0, 0x0, 0x0, 0xed, 0x0, 0x3,
    0xfe, 0x10, 0xef, 0x30, 0x0, 0x0, 0x7f, 0x40,
    0x0, 0xb, 0xfe, 0xef, 0xb0, 0x0, 0x0, 0x1f,
    0xc0, 0x0, 0x0, 0x9, 0xff, 0xa0, 0x0,

    /* U+0026 "&" */
    0x0, 0x1, 0x9e, 0xfd, 0x50, 0x0, 0x0, 0x0,
    0x0, 0xcf, 0xff, 0xff, 0x50, 0x0, 0x0, 0x0,
    0x5f, 0xf6, 0x1c, 0xfb, 0x0, 0x0, 0x0, 0x8,
    0xfe, 0x0, 0x8f, 0xb0, 0x0, 0x0, 0x0, 0x7f,
    0xf0, 0x1e, 0xf6, 0x0, 0x0, 0x0, 0x3, 0xff,
    0x9e, 0xfb, 0x0, 0x0, 0x0, 0x0, 0xc, 0xff,
    0xf9, 0x0, 0x2, 0x55, 0x10, 0x8, 0xff, 0xfc,
    0x0, 0x0, 0xbf, 0xf0, 0x9, 0xff, 0xdf, 0xfa,
    0x0, 0x2f, 0xf9, 0x2, 0xff, 0xc0, 0xaf, 0xfc,
    0x1b, 0xff, 0x20, 0x6f, 0xf6, 0x0, 0xbf, 0xff,
    0xff, 0x80, 0x5, 0xff, 0xa0, 0x0, 0xaf, 0xff,
    0xf2, 0x0, 0x1f, 0xff, 0xb6, 0x7d, 0xff, 0xff,
    0xfb, 0x20, 0x6f, 0xff, 0xff, 0xff, 0xcc, 0xff,
    0xf1, 0x0, 0x4b, 0xef, 0xeb, 0x50, 0x4, 0xac,
    0x0,

    /* U+0027 "'" */
    0x4f, 0xfb, 0x3f, 0xfb, 0x2f, 0xfa, 0x1f, 0xf9,
    0xf, 0xf7, 0xd, 0xf5, 0xb, 0xf2, 0x3, 0x60,

    /* U+0028 "(" */
    0x0, 0x2, 0x10, 0x0, 0xc, 0xf4, 0x0, 0x4f,
    0xe0, 0x0, 0xbf, 0x80, 0x2, 0xff, 0x20, 0x7,
    0xfe, 0x0, 0xb, 0xfa, 0x0, 0xf, 0xf6, 0x0,
    0x1f, 0xf4, 0x0, 0x3f, 0xf2, 0x0, 0x4f, 0xf1,
    0x0, 0x4f, 0xf1, 0x0, 0x4f, 0xf1, 0x0, 0x3f,
    0xf2, 0x0, 0x1f, 0xf4, 0x0, 0xe, 0xf7, 0x0,
    0xa, 0xfa, 0x0, 0x6, 0xfe, 0x0, 0x1, 0xff,
    0x30, 0x0, 0xaf, 0x90, 0x0, 0x3f, 0xf1, 0x0,
    0xb, 0xd3, 0x0, 0x0, 0x0,

    /* U+0029 ")" */
    0x3, 0x0, 0xb, 0xf5, 0x0, 0x6f, 0xd0, 0x0,
    0xff, 0x40, 0x9, 0xfa, 0x0, 0x5f, 0xf0, 0x1,
    0xff, 0x40, 0xd, 0xf8, 0x0, 0xbf, 0xa0, 0x9,
    0xfc, 0x0, 0x8f, 0xd0, 0x8, 0xfd, 0x0, 0x8f,
    0xd0, 0xa, 0xfc, 0x0, 0xbf, 0xa0, 0xe, 0xf7,
    0x1, 0xff, 0x30, 0x5f, 0xe0, 0xa, 0xf9, 0x1,
    0xff, 0x30, 0x8f, 0xc0, 0x8, 0xf4, 0x0, 0x1,
    0x0, 0x0,

    /* U+002A "*" */
    0x0, 0xc, 0xe0, 0x0, 0x0, 0x0, 0xdf, 0x0,
    0x0, 0x89, 0x5f, 0xf6, 0x99, 0xd, 0xff, 0xff,
    0xff, 0xe0, 0x6, 0xef, 0xff, 0x70, 0x0, 0x1f,
    0xff, 0xf2, 0x0, 0x9, 0xfb, 0x9f, 0xb0, 0x0,
    0x8c, 0x0, 0xba, 0x0, 0x0, 0x0, 0x0, 0x0,
    0x0,

    /* U+002B "+" */
    0x0, 0x0, 0x1, 0x10, 0x0, 0x0, 0x0, 0x0,
    0x3f, 0xf0, 0x0, 0x0, 0x0, 0x0, 0x3f, 0xf0,
    0x0, 0x0, 0x0, 0x0, 0x3f, 0xf0, 0x0, 0x0,
    0x0, 0x0, 0x3f, 0xf0, 0x0, 0x0, 0x3f, 0xff,
    0xff, 0xff, 0xff, 0xf0, 0x3f, 0xff, 0xff, 0xff,
    0xff, 0xf0, 0x3, 0x33, 0x5f, 0xf3, 0x33, 0x30,
    0x0, 0x0, 0x3f, 0xf0, 0x0, 0x0, 0x0, 0x0,
    0x3f, 0xf0, 0x0, 0x0, 0x0, 0x0, 0x3f, 0xf0,
    0x0, 0x0, 0x0, 0x0, 0x3f, 0xf0, 0x0, 0x0,

    /* U+002C "," */
    0x6, 0x93, 0x6, 0xff, 0xf1, 0x8f, 0xff, 0x61,
    0xcf, 0xf7, 0x0, 0x9f, 0x50, 0x2f, 0xf1, 0x5e,
    0xf7, 0xb, 0xf8, 0x0, 0x33, 0x0, 0x0,

    /* U+002D "-" */
    0x3, 0x33, 0x33, 0x10, 0xff, 0xff, 0xf7, 0xf,
    0xff, 0xff, 0x70,

    /* U+002E "." */
    0x0, 0x0, 0x1, 0xdf, 0x70, 0x8f, 0xff, 0x7,
    0xff, 0xf0, 0x1c, 0xf6, 0x0,

    /* U+002F "/" */
    0x0, 0x0, 0xd, 0xf1, 0x0, 0x0, 0x1f, 0xd0,
    0x0, 0x0, 0x5f, 0x90, 0x0, 0x0, 0x9f, 0x50,
    0x0, 0x0, 0xdf, 0x10, 0x0, 0x1, 0xfd, 0x0,
    0x0, 0x5, 0xfa, 0x0, 0x0, 0x9, 0xf6, 0x0,
    0x0, 0xc, 0xf2, 0x0, 0x0, 0xf, 0xe0, 0x0,
    0x0, 0x4f, 0xa0, 0x0, 0x0, 0x8f, 0x60, 0x0,
    0x0, 0xcf, 0x20, 0x0, 0x0, 0xfe, 0x0, 0x0,
    0x4, 0xfb, 0x0, 0x0, 0x8, 0xf7, 0x0, 0x0,
    0xc, 0xf3, 0x0, 0x0, 0xf, 0xf0, 0x0, 0x0,
    0x3f, 0xb0, 0x0, 0x0, 0x7f, 0x70, 0x0, 0x0,
    0x58, 0x20, 0x0, 0x0,

    /* U+0030 "0" */
    0x0, 0x4, 0xcf, 0xfb, 0x30, 0x0, 0x7, 0xff,
    0xff, 0xff, 0x40, 0x2, 0xff, 0xe7, 0x8f, 0xfe,
    0x0, 0x8f, 0xf4, 0x0, 0x7f, 0xf5, 0xd, 0xfe,
    0x0, 0x2, 0xff, 0xa0, 0xff, 0xc0, 0x0, 0xf,
    0xfc, 0x1f, 0xfa, 0x0, 0x0, 0xef, 0xe1, 0xff,
    0xa0, 0x0, 0xe, 0xfe, 0x1f, 0xfb, 0x0, 0x0,
    0xef, 0xe0, 0xff, 0xc0, 0x0, 0xf, 0xfc, 0xc,
    0xff, 0x0, 0x2, 0xff, 0x90, 0x8f, 0xf5, 0x0,
    0x8f, 0xf5, 0x1, 0xff, 0xf7, 0x8f, 0xfd, 0x0,
    0x6, 0xff, 0xff, 0xff, 0x30, 0x0, 0x4, 0xcf,
    0xfb, 0x20, 0x0,

    /* U+0031 "1" */
    0x0, 0x16, 0xef, 0xc0, 0x0, 0xb, 0xff, 0xff,
    0xc0, 0x0, 0xd, 0xff, 0xff, 0xc0, 0x0, 0x1,
    0x13, 0xff, 0xc0, 0x0, 0x0, 0x2, 0xff, 0xc0,
    0x0, 0x0, 0x2, 0xff, 0xc0, 0x0, 0x0, 0x2,
    0xff, 0xc0, 0x0, 0x0, 0x2, 0xff, 0xc0, 0x0,
    0x0, 0x2, 0xff, 0xc0, 0x0, 0x0, 0x2, 0xff,
    0xc0, 0x0, 0x0, 0x2, 0xff, 0xc0, 0x0, 0x0,
    0x2, 0xff, 0xc0, 0x0, 0x28, 0x89, 0xff, 0xe8,
    0x84, 0x5f, 0xff, 0xff, 0xff, 0xf8, 0x5f, 0xff,
    0xff, 0xff, 0xf8,

    /* U+0032 "2" */
    0x0, 0x3b, 0xef, 0xe9, 0x10, 0x0, 0x7f, 0xff,
    0xff, 0xfe, 0x10, 0x1e, 0xfe, 0x87, 0xdf, 0xfa,
    0x0, 0x2a, 0x0, 0x1, 0xff, 0xf0, 0x0, 0x0,
    0x0, 0xc, 0xff, 0x10, 0x0, 0x0, 0x0, 0xdf,
    0xf0, 0x0, 0x0, 0x0, 0x2f, 0xfa, 0x0, 0x0,
    0x0, 0xb, 0xff, 0x30, 0x0, 0x0, 0x7, 0xff,
    0xa0, 0x0, 0x0, 0x4, 0xff, 0xd1, 0x0, 0x0,
    0x4, 0xff, 0xf2, 0x0, 0x0, 0x4, 0xff, 0xf4,
    0x0, 0x0, 0x5, 0xff, 0xfb, 0x89, 0x99, 0x71,
    0xff, 0xff, 0xff, 0xff, 0xfc, 0x2f, 0xff, 0xff,
    0xff, 0xff, 0xc0,

    /* U+0033 "3" */
    0x0, 0x3a, 0xef, 0xeb, 0x40, 0x0, 0x8f, 0xff,
    0xff, 0xff, 0x70, 0x7, 0xfd, 0x87, 0xbf, 0xff,
    0x0, 0x4, 0x0, 0x0, 0xdf, 0xf3, 0x0, 0x0,
    0x0, 0xe, 0xff, 0x10, 0x0, 0x14, 0x6c, 0xff,
    0x80, 0x0, 0x5, 0xff, 0xff, 0x50, 0x0, 0x0,
    0x5f, 0xff, 0xfd, 0x30, 0x0, 0x0, 0x2, 0x7f,
    0xff, 0x20, 0x0, 0x0, 0x0, 0x7f, 0xf8, 0x0,
    0x0, 0x0, 0x4, 0xff, 0xa0, 0x89, 0x0, 0x0,
    0x9f, 0xf9, 0x3f, 0xfe, 0x98, 0xcf, 0xff, 0x30,
    0xbf, 0xff, 0xff, 0xff, 0x70, 0x0, 0x5b, 0xff,
    0xea, 0x40, 0x0,

    /* U+0034 "4" */
    0x0, 0x0, 0x6, 0xff, 0xf7, 0x0, 0x0, 0x0,
    0x1e, 0xff, 0xf7, 0x0, 0x0, 0x0, 0x9f, 0xef,
    0xf7, 0x0, 0x0, 0x3, 0xff, 0x8f, 0xf7, 0x0,
    0x0, 0xd, 0xfd, 0x4f, 0xf7, 0x0, 0x0, 0x7f,
    0xf4, 0x4f, 0xf7, 0x0, 0x2, 0xff, 0xa0, 0x4f,
    0xf7, 0x0, 0xb, 0xfe, 0x10, 0x4f, 0xf7, 0x0,
    0x5f, 0xfa, 0x55, 0x8f, 0xfa, 0x51, 0x9f, 0xff,
    0xff, 0xff, 0xff, 0xf3, 0x9f, 0xff, 0xff, 0xff,
    0xff, 0xf3, 0x0, 0x0, 0x0, 0x4f, 0xf7, 0x0,
    0x0, 0x0, 0x0, 0x4f, 0xf7, 0x0, 0x0, 0x0,
    0x0, 0x4f, 0xf7, 0x0, 0x0, 0x0, 0x0, 0x4f,
    0xf7, 0x0,

    /* U+0035 "5" */
    0x0, 0xef, 0xff, 0xff, 0xff, 0x0, 0xf, 0xff,
    0xff, 0xff, 0xf0, 0x0, 0xff, 0xd9, 0x99, 0x99,
    0x0, 0x1f, 0xf8, 0x0, 0x0, 0x0, 0x2, 0xff,
    0x71, 0x20, 0x0, 0x0, 0x3f, 0xfe, 0xff, 0xf9,
    0x0, 0x4, 0xff, 0xff, 0xff, 0xfc, 0x0, 0x6,
    0x81, 0x5, 0xff, 0xf5, 0x0, 0x0, 0x0, 0x7,
    0xff, 0x90, 0x0, 0x0, 0x0, 0x4f, 0xfb, 0x0,
    0x0, 0x0, 0x5, 0xff, 0xa0, 0x88, 0x0, 0x0,
    0xcf, 0xf6, 0x3f, 0xfd, 0x98, 0xdf, 0xfe, 0x0,
    0xbf, 0xff, 0xff, 0xff, 0x30, 0x0, 0x4b, 0xef,
    0xe9, 0x20, 0x0,

    /* U+0036 "6" */
    0x0, 0x8, 0xdf, 0xfb, 0x40, 0x1, 0xdf, 0xff,
    0xff, 0xf6, 0xb, 0xff, 0xd8, 0x8d, 0xd1, 0x4f,
    0xfb, 0x0, 0x0, 0x10, 0x9f, 0xf2, 0x0, 0x0,
    0x0, 0xdf, 0xe2, 0xbf, 0xea, 0x20, 0xff, 0xef,
    0xff, 0xff, 0xe1, 0xff, 0xfd, 0x43, 0xaf, 0xf9,
    0xff, 0xe1, 0x0, 0xe, 0xfd, 0xef, 0xc0, 0x0,
    0xb, 0xff, 0xbf, 0xf0, 0x0, 0xc, 0xfe, 0x6f,
    0xf6, 0x0, 0x1f, 0xfb, 0xd, 0xff, 0x86, 0xdf,
    0xf5, 0x3, 0xff, 0xff, 0xff, 0xa0, 0x0, 0x2a,
    0xef, 0xd6, 0x0,

    /* U+0037 "7" */
    0xff, 0xff, 0xff, 0xff, 0xfd, 0xff, 0xff, 0xff,
    0xff, 0xfd, 0x99, 0x99, 0x99, 0xcf, 0xf5, 0x0,
    0x0, 0x1, 0xef, 0xa0, 0x0, 0x0, 0x9, 0xfe,
    0x10, 0x0, 0x0, 0x2f, 0xf7, 0x0, 0x0, 0x0,
    0x9f, 0xf1, 0x0, 0x0, 0x0, 0xff, 0xa0, 0x0,
    0x0, 0x4, 0xff, 0x60, 0x0, 0x0, 0x9, 0xff,
    0x30, 0x0, 0x0, 0xc, 0xff, 0x0, 0x0, 0x0,
    0xf, 0xfe, 0x0, 0x0, 0x0, 0x1f, 0xfd, 0x0,
    0x0, 0x0, 0x2f, 0xfc, 0x0, 0x0, 0x0, 0x4f,
    0xfb, 0x0, 0x0,

    /* U+0038 "8" */
    0x0, 0x6, 0xcf, 0xfc, 0x50, 0x0, 0xa, 0xff,
    0xff, 0xff, 0x70, 0x3, 0xff, 0xc3, 0x4d, 0xff,
    0x10, 0x7f, 0xf3, 0x0, 0x4f, 0xf4, 0x6, 0xff,
    0x20, 0x2, 0xff, 0x30, 0x1f, 0xfa, 0x0, 0x5f,
    0xd0, 0x0, 0x5f, 0xfc, 0x4d, 0xe2, 0x0, 0x1,
    0xcf, 0xff, 0xfb, 0x10, 0x1, 0xef, 0x76, 0xdf,
    0xfd, 0x10, 0xbf, 0xc0, 0x0, 0x8f, 0xf8, 0xf,
    0xf8, 0x0, 0x0, 0xef, 0xd0, 0xff, 0xa0, 0x0,
    0xf, 0xfd, 0xc, 0xff, 0x93, 0x3b, 0xff, 0x90,
    0x2e, 0xff, 0xff, 0xff, 0xd1, 0x0, 0x18, 0xdf,
    0xfc, 0x70, 0x0,

    /* U+0039 "9" */
    0x0, 0x19, 0xef, 0xe8, 0x10, 0x0, 0x2e, 0xff,
    0xff, 0xfd, 0x10, 0xb, 0xff, 0x95, 0x9f, 0xfb,
    0x1, 0xff, 0xb0, 0x0, 0xaf, 0xf3, 0x3f, 0xf8,
    0x0, 0x3, 0xff, 0x72, 0xff, 0xa0, 0x0, 0x2f,
    0xfa, 0xe, 0xff, 0x73, 0x6e, 0xff, 0xc0, 0x5f,
    0xff, 0xff, 0xdf, 0xfc, 0x0, 0x4c, 0xfe, 0x91,
    0xff, 0xb0, 0x0, 0x0, 0x0, 0x1f, 0xf9, 0x0,
    0x0, 0x0, 0x6, 0xff, 0x50, 0x5, 0x0, 0x1,
    0xef, 0xf1, 0x5, 0xfe, 0x99, 0xef, 0xf7, 0x0,
    0x9f, 0xff, 0xff, 0xfa, 0x0, 0x0, 0x5c, 0xff,
    0xc6, 0x0, 0x0,

    /* U+003A ":" */
    0x1c, 0xf7, 0x8, 0xff, 0xf0, 0x8f, 0xff, 0x1,
    0xcf, 0x60, 0x0, 0x0, 0x0, 0x0, 0x0, 0x0,
    0x0, 0x0, 0x0, 0x0, 0x1d, 0xf7, 0x8, 0xff,
    0xf0, 0x7f, 0xff, 0x1, 0xcf, 0x60,

    /* U+003B ";" */
    0x1c, 0xf7, 0x8, 0xff, 0xf0, 0x8f, 0xff, 0x1,
    0xcf, 0x60, 0x0, 0x0, 0x0, 0x0, 0x0, 0x0,
    0x0, 0x0, 0x0, 0x0, 0x6, 0x93, 0x6, 0xff,
    0xf1, 0x8f, 0xff, 0x61, 0xcf, 0xf7, 0x0, 0x9f,
    0x50, 0x2f, 0xf1, 0x5e, 0xf7, 0xb, 0xf8, 0x0,
    0x33, 0x0, 0x0,

    /* U+003C "<" */
    0x0, 0x0, 0x0, 0x0, 0x0, 0x0, 0x0, 0x0,
    0x0, 0x0, 0x17, 0xe0, 0x0, 0x0, 0x0, 0x4b,
    0xff, 0xf0, 0x0, 0x1, 0x7d, 0xff, 0xff, 0xa0,
    0x4, 0xaf, 0xff, 0xfb, 0x50, 0x0, 0x3f, 0xff,
    0xc6, 0x10, 0x0, 0x0, 0x3f, 0xff, 0x92, 0x0,
    0x0, 0x0, 0x7, 0xef, 0xff, 0xc7, 0x10, 0x0,
    0x0, 0x4, 0xbf, 0xff, 0xfb, 0x50, 0x0, 0x0,
    0x2, 0x8e, 0xff, 0xf0, 0x0, 0x0, 0x0, 0x0,
    0x5b, 0xf0, 0x0, 0x0, 0x0, 0x0, 0x0, 0x20,

    /* U+003D "=" */
    0x3f, 0xff, 0xff, 0xff, 0xff, 0xf0, 0x3f, 0xff,
    0xff, 0xff, 0xff, 0xf0, 0x2, 0x22, 0x22, 0x22,
    0x22, 0x20, 0x0, 0x0, 0x0, 0x0, 0x0, 0x0,
    0x0, 0x0, 0x0, 0x0, 0x0, 0x0, 0x3f, 0xff,
    0xff, 0xff, 0xff, 0xf0, 0x3f, 0xff, 0xff, 0xff,
    0xff, 0xf0, 0x3, 0x33, 0x33, 0x33, 0x33, 0x30,

    /* U+003E ">" */
    0x0, 0x0, 0x0, 0x0, 0x0, 0x0, 0x3d, 0x60,
    0x0, 0x0, 0x0, 0x0, 0x3f, 0xff, 0x93, 0x0,
    0x0, 0x0, 0x1b, 0xff, 0xff, 0xc6, 0x0, 0x0,
    0x0, 0x16, 0xcf, 0xff, 0xf9, 0x20, 0x0, 0x0,
    0x2, 0x8d, 0xff, 0xf0, 0x0, 0x0, 0x0, 0x4a,
    0xff, 0xf0, 0x0, 0x2, 0x8d, 0xff, 0xfd, 0x60,
    0x7, 0xcf, 0xff, 0xfa, 0x30, 0x0, 0x3f, 0xff,
    0xd7, 0x10, 0x0, 0x0, 0x3f, 0xa4, 0x0, 0x0,
    0x0, 0x0, 0x11, 0x0, 0x0, 0x0, 0x0, 0x0,

    /* U+003F "?" */
    0x0, 0x4b, 0xff, 0xd7, 0x0, 0x7, 0xff, 0xff,
    0xff, 0xa0, 0x9, 0xfc, 0x8a, 0xff, 0xf2, 0x0,
    0x40, 0x0, 0xaf, 0xf4, 0x0, 0x0, 0x0, 0xaf,
    0xf2, 0x0, 0x0, 0x5, 0xff, 0x90, 0x0, 0x0,
    0x4f, 0xfa, 0x0, 0x0, 0x1, 0xff, 0xc0, 0x0,
    0x0, 0x6, 0xff, 0x30, 0x0, 0x0, 0x5, 0xaa,
    0x0, 0x0, 0x0, 0x0, 0x0, 0x0, 0x0, 0x0,
    0x6, 0xfd, 0x20, 0x0, 0x0, 0xe, 0xff, 0x90,
    0x0, 0x0, 0xe, 0xff, 0x90, 0x0, 0x0, 0x5,
    0xfd, 0x20, 0x0,

    /* U+0040 "@" */
    0x0, 0x0, 0x0, 0x4a, 0xdf, 0xfe, 0xb5, 0x0,
    0x0, 0x0, 0x0, 0x3c, 0xff, 0xfe, 0xef, 0xff,
    0xc1, 0x0, 0x0, 0x5, 0xff, 0xc5, 0x0, 0x0,
    0x5d, 0xfe, 0x10, 0x0, 0x5f, 0xf7, 0x0, 0x0,
    0x0, 0x0, 0xaf, 0xb0, 0x1, 0xff, 0x70, 0x0,
    0x0, 0x0, 0x0, 0xd, 0xf3, 0xa, 0xfa, 0x0,
    0x7, 0xef, 0x8b, 0xf2, 0x6, 0xf9, 0x1f, 0xf2,
    0x0, 0x9f, 0xff, 0xff, 0xf0, 0x1, 0xfd, 0x7f,
    0xa0, 0x4, 0xff, 0x50, 0xbf, 0xc0, 0x0, 0xef,
    0xaf, 0x60, 0xb, 0xf9, 0x0, 0x8f, 0x90, 0x0,
    0xdf, 0xdf, 0x30, 0xf, 0xf3, 0x0, 0xbf, 0x60,
    0x0, 0xee, 0xef, 0x20, 0x2f, 0xf0, 0x0, 0xdf,
    0x30, 0x2, 0xfc, 0xef, 0x20, 0x3f, 0xf0, 0x0,
    0xff, 0x20, 0x9, 0xf7, 0xdf, 0x40, 0x1f, 0xf6,
    0xa, 0xff, 0x60, 0x7f, 0xe0, 0xaf, 0x70, 0xa,
    0xff, 0xff, 0x9f, 0xff, 0xff, 0x30, 0x5f, 0xd0,
    0x0, 0x9e, 0xb3, 0x8, 0xde, 0x92, 0x0, 0xe,
    0xf7, 0x0, 0x0, 0x0, 0x0, 0x0, 0x0, 0x0,
    0x5, 0xff, 0x70, 0x0, 0x0, 0x0, 0x0, 0x0,
    0x0, 0x0, 0x8f, 0xfc, 0x51, 0x0, 0x39, 0x70,
    0x0, 0x0, 0x0, 0x6, 0xef, 0xff, 0xff, 0xff,
    0xc0, 0x0, 0x0, 0x0, 0x0, 0x6, 0xad, 0xed,
    0xb6, 0x0, 0x0, 0x0,

    /* U+0041 "A" */
    0x0, 0x0, 0x8, 0xff, 0xf5, 0x0, 0x0, 0x0,
    0x0, 0xd, 0xff, 0xfa, 0x0, 0x0, 0x0, 0x0,
    0x2f, 0xfc, 0xfe, 0x0, 0x0, 0x0, 0x0, 0x7f,
    0xf5, 0xff, 0x40, 0x0, 0x0, 0x0, 0xcf, 0xb0,
    0xff, 0x90, 0x0, 0x0, 0x1, 0xff, 0x70, 0xcf,
    0xe0, 0x0, 0x0, 0x6, 0xff, 0x30, 0x7f, 0xf3,
    0x0, 0x0, 0xb, 0xff, 0x0, 0x3f, 0xf8, 0x0,
    0x0, 0xf, 0xfd, 0x66, 0x6f, 0xfd, 0x0, 0x0,
    0x5f, 0xff, 0xff, 0xff, 0xff, 0x20, 0x0, 0xaf,
    0xff, 0xff, 0xff, 0xff, 0x70, 0x0, 0xff, 0xd0,
    0x0, 0x2, 0xff, 0xc0, 0x4, 0xff, 0x90, 0x0,
    0x0, 0xef, 0xf1, 0x9, 0xff, 0x50, 0x0, 0x0,
    0x9f, 0xf6, 0xe, 0xff, 0x10, 0x0, 0x0, 0x5f,
    0xfb,

    /* U+0042 "B" */
    0x3f, 0xff, 0xff, 0xfd, 0xa3, 0x0, 0x3f, 0xff,
    0xff, 0xff, 0xff, 0x60, 0x3f, 0xfd, 0x66, 0x7c,
    0xff, 0xe0, 0x3f, 0xfc, 0x0, 0x0, 0xef, 0xf0,
    0x3f, 0xfc, 0x0, 0x0, 0xef, 0xe0, 0x3f, 0xfd,
    0x44, 0x5b, 0xff, 0x60, 0x3f, 0xff, 0xff, 0xff,
    0xf8, 0x0, 0x3f, 0xff, 0xff, 0xff, 0xff, 0x90,
    0x3f, 0xfc, 0x0, 0x3, 0xcf, 0xf6, 0x3f, 0xfc,
    0x0, 0x0, 0x2f, 0xfb, 0x3f, 0xfc, 0x0, 0x0,
    0x1f, 0xfc, 0x3f, 0xfc, 0x0, 0x0, 0x6f, 0xfa,
    0x3f, 0xfd, 0x66, 0x6a, 0xff, 0xf5, 0x3f, 0xff,
    0xff, 0xff, 0xff, 0x90, 0x3f, 0xff, 0xff, 0xfe,
    0xa4, 0x0,

    /* U+0043 "C" */
    0x0, 0x2, 0x8d, 0xff, 0xc6, 0x0, 0x0, 0x5f,
    0xff, 0xff, 0xff, 0xb0, 0x5, 0xff, 0xfe, 0xba,
    0xef, 0xc0, 0xe, 0xff, 0xa0, 0x0, 0x8, 0x10,
    0x6f, 0xfd, 0x0, 0x0, 0x0, 0x0, 0xbf, 0xf6,
    0x0, 0x0, 0x0, 0x0, 0xdf, 0xf3, 0x0, 0x0,
    0x0, 0x0, 0xef, 0xf2, 0x0, 0x0, 0x0, 0x0,
    0xdf, 0xf3, 0x0, 0x0, 0x0, 0x0, 0xbf, 0xf6,
    0x0, 0x0, 0x0, 0x0, 0x7f, 0xfd, 0x0, 0x0,
    0x0, 0x0, 0x1f, 0xff, 0xa0, 0x0, 0x9, 0x70,
    0x6, 0xff, 0xfe, 0xbb, 0xff, 0xf5, 0x0, 0x7f,
    0xff, 0xff, 0xff, 0xb0, 0x0, 0x2, 0x9e, 0xff,
    0xc6, 0x0,

    /* U+0044 "D" */
    0x3f, 0xff, 0xff, 0xda, 0x40, 0x0, 0x3, 0xff,
    0xff, 0xff, 0xff, 0xb1, 0x0, 0x3f, 0xfe, 0x78,
    0xcf, 0xff, 0xc0, 0x3, 0xff, 0xc0, 0x0, 0x4f,
    0xff, 0x60, 0x3f, 0xfc, 0x0, 0x0, 0x6f, 0xfc,
    0x3, 0xff, 0xc0, 0x0, 0x0, 0xff, 0xf0, 0x3f,
    0xfc, 0x0, 0x0, 0xd, 0xff, 0x23, 0xff, 0xc0,
    0x0, 0x0, 0xdf, 0xf3, 0x3f, 0xfc, 0x0, 0x0,
    0xe, 0xff, 0x23, 0xff, 0xc0, 0x0, 0x1, 0xff,
    0xf0, 0x3f, 0xfc, 0x0, 0x0, 0x7f, 0xfc, 0x3,
    0xff, 0xc0, 0x0, 0x4f, 0xff, 0x50, 0x3f, 0xfe,
    0x88, 0xcf, 0xff, 0xb0, 0x3, 0xff, 0xff, 0xff,
    0xff, 0xb0, 0x0, 0x3f, 0xff, 0xff, 0xea, 0x40,
    0x0, 0x0,

    /* U+0045 "E" */
    0x3f, 0xff, 0xff, 0xff, 0xfe, 0x3, 0xff, 0xff,
    0xff, 0xff, 0xe0, 0x3f, 0xfe, 0x99, 0x99, 0x98,
    0x3, 0xff, 0xc0, 0x0, 0x0, 0x0, 0x3f, 0xfc,
    0x0, 0x0, 0x0, 0x3, 0xff, 0xe9, 0x99, 0x99,
    0x0, 0x3f, 0xff, 0xff, 0xff, 0xf0, 0x3, 0xff,
    0xff, 0xff, 0xff, 0x0, 0x3f, 0xfc, 0x0, 0x0,
    0x0, 0x3, 0xff, 0xc0, 0x0, 0x0, 0x0, 0x3f,
    0xfc, 0x0, 0x0, 0x0, 0x3, 0xff, 0xc0, 0x0,
    0x0, 0x0, 0x3f, 0xfe, 0x99, 0x99, 0x99, 0x13,
    0xff, 0xff, 0xff, 0xff, 0xf2, 0x3f, 0xff, 0xff,
    0xff, 0xff, 0x20,

    /* U+0046 "F" */
    0x3f, 0xff, 0xff, 0xff, 0xff, 0x3f, 0xff, 0xff,
    0xff, 0xff, 0x3f, 0xfe, 0x99, 0x99, 0x98, 0x3f,
    0xfc, 0x0, 0x0, 0x0, 0x3f, 0xfc, 0x0, 0x0,
    0x0, 0x3f, 0xfc, 0x0, 0x0, 0x0, 0x3f, 0xff,
    0xff, 0xff, 0xf0, 0x3f, 0xff, 0xff, 0xff, 0xf0,
    0x3f, 0xfe, 0x99, 0x99, 0x90, 0x3f, 0xfc, 0x0,
    0x0, 0x0, 0x3f, 0xfc, 0x0, 0x0, 0x0, 0x3f,
    0xfc, 0x0, 0x0, 0x0, 0x3f, 0xfc, 0x0, 0x0,
    0x0, 0x3f, 0xfc, 0x0, 0x0, 0x0, 0x3f, 0xfc,
    0x0, 0x0, 0x0,

    /* U+0047 "G" */
    0x0, 0x1, 0x8d, 0xff, 0xd9, 0x10, 0x0, 0x5f,
    0xff, 0xff, 0xff, 0xf4, 0x4, 0xff, 0xff, 0xba,
    0xcf, 0xf4, 0xe, 0xff, 0xb1, 0x0, 0x3, 0x40,
    0x6f, 0xfd, 0x0, 0x0, 0x0, 0x0, 0xbf, 0xf6,
    0x0, 0x0, 0x0, 0x0, 0xdf, 0xf3, 0x0, 0x4f,
    0xff, 0xff, 0xef, 0xf2, 0x0, 0x4f, 0xff, 0xff,
    0xdf, 0xf3, 0x0, 0x28, 0x8d, 0xff, 0xbf, 0xf6,
    0x0, 0x0, 0xa, 0xff, 0x7f, 0xfd, 0x0, 0x0,
    0xa, 0xff, 0x1f, 0xff, 0xb1, 0x0, 0xb, 0xff,
    0x5, 0xff, 0xff, 0xcb, 0xdf, 0xff, 0x0, 0x6f,
    0xff, 0xff, 0xff, 0xf8, 0x0, 0x1, 0x8d, 0xff,
    0xe9, 0x30,

    /* U+0048 "H" */
    0x3f, 0xfc, 0x0, 0x0, 0xa, 0xff, 0x53, 0xff,
    0xc0, 0x0, 0x0, 0xaf, 0xf5, 0x3f, 0xfc, 0x0,
    0x0, 0xa, 0xff, 0x53, 0xff, 0xc0, 0x0, 0x0,
    0xaf, 0xf5, 0x3f, 0xfc, 0x0, 0x0, 0xa, 0xff,
    0x53, 0xff, 0xea, 0xaa, 0xaa, 0xef, 0xf5, 0x3f,
    0xff, 0xff, 0xff, 0xff, 0xff, 0x53, 0xff, 0xff,
    0xff, 0xff, 0xff, 0xf5, 0x3f, 0xfc, 0x0, 0x0,
    0xa, 0xff, 0x53, 0xff, 0xc0, 0x0, 0x0, 0xaf,
    0xf5, 0x3f, 0xfc, 0x0, 0x0, 0xa, 0xff, 0x53,
    0xff, 0xc0, 0x0, 0x0, 0xaf, 0xf5, 0x3f, 0xfc,
    0x0, 0x0, 0xa, 0xff, 0x53, 0xff, 0xc0, 0x0,
    0x0, 0xaf, 0xf5, 0x3f, 0xfc, 0x0, 0x0, 0xa,
    0xff, 0x50,

    /* U+0049 "I" */
    0x3f, 0xfc, 0x3f, 0xfc, 0x3f, 0xfc, 0x3f, 0xfc,
    0x3f, 0xfc, 0x3f, 0xfc, 0x3f, 0xfc, 0x3f, 0xfc,
    0x3f, 0xfc, 0x3f, 0xfc, 0x3f, 0xfc, 0x3f, 0xfc,
    0x3f, 0xfc, 0x3f, 0xfc, 0x3f, 0xfc,

    /* U+004A "J" */
    0x0, 0x0, 0x0, 0x5f, 0xfa, 0x0, 0x0, 0x0,
    0x5f, 0xfa, 0x0, 0x0, 0x0, 0x5f, 0xfa, 0x0,
    0x0, 0x0, 0x5f, 0xfa, 0x0, 0x0, 0x0, 0x5f,
    0xfa, 0x0, 0x0, 0x0, 0x5f, 0xfa, 0x0, 0x0,
    0x0, 0x5f, 0xfa, 0x0, 0x0, 0x0, 0x5f, 0xfa,
    0x0, 0x0, 0x0, 0x5f, 0xfa, 0x0, 0x0, 0x0,
    0x5f, 0xfa, 0x0, 0x0, 0x0, 0x6f, 0xf9, 0x7,
    0xd1, 0x0, 0xbf, 0xf7, 0x5f, 0xff, 0xbd, 0xff,
    0xf2, 0xa, 0xff, 0xff, 0xff, 0x80, 0x0, 0x6c,
    0xff, 0xd6, 0x0,

    /* U+004B "K" */
    0x3f, 0xfc, 0x0, 0x0, 0xaf, 0xf9, 0x3, 0xff,
    0xc0, 0x0, 0x6f, 0xfd, 0x0, 0x3f, 0xfc, 0x0,
    0x2f, 0xff, 0x20, 0x3, 0xff, 0xc0, 0xd, 0xff,
    0x50, 0x0, 0x3f, 0xfc, 0xa, 0xff, 0x80, 0x0,
    0x3, 0xff, 0xc6, 0xff, 0xc0, 0x0, 0x0, 0x3f,
    0xfe, 0xff, 0xfd, 0x0, 0x0, 0x3, 0xff, 0xff,
    0xff, 0xf6, 0x0, 0x0, 0x3f, 0xff, 0xfa, 0xff,
    0xe1, 0x0, 0x3, 0xff, 0xfc, 0x9, 0xff, 0x90,
    0x0, 0x3f, 0xfe, 0x10, 0x1e, 0xff, 0x20, 0x3,
    0xff, 0xc0, 0x0, 0x6f, 0xfc, 0x0, 0x3f, 0xfc,
    0x0, 0x0, 0xdf, 0xf5, 0x3, 0xff, 0xc0, 0x0,
    0x4, 0xff, 0xe0, 0x3f, 0xfc, 0x0, 0x0, 0xb,
    0xff, 0x80,

    /* U+004C "L" */
    0x3f, 0xfc, 0x0, 0x0, 0x0, 0x3f, 0xfc, 0x0,
    0x0, 0x0, 0x3f, 0xfc, 0x0, 0x0, 0x0, 0x3f,
    0xfc, 0x0, 0x0, 0x0, 0x3f, 0xfc, 0x0, 0x0,
    0x0, 0x3f, 0xfc, 0x0, 0x0, 0x0, 0x3f, 0xfc,
    0x0, 0x0, 0x0, 0x3f, 0xfc, 0x0, 0x0, 0x0,
    0x3f, 0xfc, 0x0, 0x0, 0x0, 0x3f, 0xfc, 0x0,
    0x0, 0x0, 0x3f, 0xfc, 0x0, 0x0, 0x0, 0x3f,
    0xfc, 0x0, 0x0, 0x0, 0x3f, 0xfe, 0x99, 0x99,
    0x97, 0x3f, 0xff, 0xff, 0xff, 0xfc, 0x3f, 0xff,
    0xff, 0xff, 0xfc,

    /* U+004D "M" */
    0x3f, 0xff, 0x40, 0x0, 0x0, 0x3f, 0xff, 0x43,
    0xff, 0xfa, 0x0, 0x0, 0x8, 0xff, 0xf4, 0x3f,
    0xff, 0xf0, 0x0, 0x0, 0xef, 0xff, 0x43, 0xff,
    0xff, 0x50, 0x0, 0x4f, 0xff, 0xf4, 0x3f, 0xfc,
    0xfb, 0x0, 0x9, 0xfc, 0xff, 0x43, 0xff, 0x8f,
    0xf1, 0x0, 0xef, 0x8f, 0xf4, 0x3f, 0xf5, 0xef,
    0x60, 0x5f, 0xe5, 0xff, 0x43, 0xff, 0x69, 0xfc,
    0xa, 0xf9, 0x6f, 0xf4, 0x3f, 0xf7, 0x3f, 0xf1,
    0xef, 0x36, 0xff, 0x43, 0xff, 0x70, 0xdf, 0xaf,
    0xd0, 0x7f, 0xf4, 0x3f, 0xf7, 0x7, 0xff, 0xf7,
    0x7, 0xff, 0x43, 0xff, 0x70, 0x2f, 0xff, 0x20,
    0x7f, 0xf4, 0x3f, 0xf7, 0x0, 0xcf, 0xc0, 0x7,
    0xff, 0x43, 0xff, 0x70, 0x4, 0xa4, 0x0, 0x7f,
    0xf4, 0x3f, 0xf7, 0x0, 0x0, 0x0, 0x7, 0xff,
    0x40,

    /* U+004E "N" */
    0x3f, 0xff, 0x20, 0x0, 0xa, 0xff, 0x23, 0xff,
    0xfa, 0x0, 0x0, 0xaf, 0xf2, 0x3f, 0xff, 0xf3,
    0x0, 0xa, 0xff, 0x23, 0xff, 0xff, 0xb0, 0x0,
    0xaf, 0xf2, 0x3f, 0xfa, 0xff, 0x40, 0xa, 0xff,
    0x23, 0xff, 0x6d, 0xfc, 0x0, 0xaf, 0xf2, 0x3f,
    0xf8, 0x5f, 0xf5, 0xa, 0xff, 0x23, 0xff, 0x90,
    0xdf, 0xd0, 0x9f, 0xf2, 0x3f, 0xfa, 0x5, 0xff,
    0x68, 0xff, 0x23, 0xff, 0xa0, 0xc, 0xfd, 0x7f,
    0xf2, 0x3f, 0xfa, 0x0, 0x4f, 0xfa, 0xff, 0x23,
    0xff, 0xa0, 0x0, 0xbf, 0xff, 0xf2, 0x3f, 0xfa,
    0x0, 0x3, 0xff, 0xff, 0x23, 0xff, 0xa0, 0x0,
    0xa, 0xff, 0xf2, 0x3f, 0xfa, 0x0, 0x0, 0x2f,
    0xff, 0x20,

    /* U+004F "O" */
    0x0, 0x3, 0xae, 0xff, 0xc6, 0x0, 0x0, 0x0,
    0x9f, 0xff, 0xff, 0xff, 0xd2, 0x0, 0x8, 0xff,
    0xfd, 0xab, 0xff, 0xfd, 0x0, 0x2f, 0xff, 0x80,
    0x0, 0x3e, 0xff, 0x80, 0x8f, 0xfb, 0x0, 0x0,
    0x5, 0xff, 0xe0, 0xcf, 0xf5, 0x0, 0x0, 0x0,
    0xef, 0xf2, 0xef, 0xf2, 0x0, 0x0, 0x0, 0xcf,
    0xf4, 0xef, 0xf2, 0x0, 0x0, 0x0, 0xbf, 0xf4,
    0xdf, 0xf3, 0x0, 0x0, 0x0, 0xcf, 0xf4, 0xbf,
    0xf6, 0x0, 0x0, 0x0, 0xff, 0xf1, 0x7f, 0xfc,
    0x0, 0x0, 0x6, 0xff, 0xd0, 0x1f, 0xff, 0x90,
    0x0, 0x3f, 0xff, 0x70, 0x6, 0xff, 0xfe, 0xbc,
    0xff, 0xfd, 0x0, 0x0, 0x8f, 0xff, 0xff, 0xff,
    0xd1, 0x0, 0x0, 0x3, 0xae, 0xff, 0xc6, 0x0,
    0x0,

    /* U+0050 "P" */
    0x3f, 0xff, 0xff, 0xfd, 0x92, 0x0, 0x3f, 0xff,
    0xff, 0xff, 0xff, 0x50, 0x3f, 0xfe, 0x77, 0x8d,
    0xff, 0xf1, 0x3f, 0xfc, 0x0, 0x0, 0xbf, 0xf6,
    0x3f, 0xfc, 0x0, 0x0, 0x7f, 0xf7, 0x3f, 0xfc,
    0x0, 0x0, 0x9f, 0xf6, 0x3f, 0xfc, 0x0, 0x16,
    0xff, 0xf2, 0x3f, 0xff, 0xff, 0xff, 0xff, 0x90,
    0x3f, 0xff, 0xff, 0xff, 0xf7, 0x0, 0x3f, 0xfe,
    0x77, 0x64, 0x0, 0x0, 0x3f, 0xfc, 0x0, 0x0,
    0x0, 0x0, 0x3f, 0xfc, 0x0, 0x0, 0x0, 0x0,
    0x3f, 0xfc, 0x0, 0x0, 0x0, 0x0, 0x3f, 0xfc,
    0x0, 0x0, 0x0, 0x0, 0x3f, 0xfc, 0x0, 0x0,
    0x0, 0x0,

    /* U+0051 "Q" */
    0x0, 0x3, 0xae, 0xff, 0xc6, 0x0, 0x0, 0x0,
    0x9f, 0xff, 0xff, 0xff, 0xd2, 0x0, 0x8, 0xff,
    0xfd, 0xab, 0xff, 0xfd, 0x0, 0x2f, 0xff, 0x80,
    0x0, 0x3e, 0xff, 0x80, 0x8f, 0xfb, 0x0, 0x0,
    0x5, 0xff, 0xe0, 0xcf, 0xf5, 0x0, 0x0, 0x0,
    0xef, 0xf2, 0xef, 0xf2, 0x0, 0x0, 0x0, 0xcf,
    0xf4, 0xef, 0xf2, 0x0, 0x0, 0x0, 0xbf, 0xf4,
    0xdf, 0xf3, 0x0, 0x0, 0x0, 0xcf, 0xf4, 0xbf,
    0xf5, 0x0, 0x0, 0x0, 0xff, 0xf1, 0x7f, 0xfb,
    0x0, 0x0, 0x5, 0xff, 0xd0, 0x1f, 0xff, 0x60,
    0x0, 0x2e, 0xff, 0x70, 0x6, 0xff, 0xfc, 0x8a,
    0xff, 0xfd, 0x0, 0x0, 0x8f, 0xff, 0xff, 0xff,
    0xd1, 0x0, 0x0, 0x3, 0xaf, 0xff, 0xd6, 0x0,
    0x0, 0x0, 0x0, 0x5, 0xff, 0xe2, 0x0, 0x0,
    0x0, 0x0, 0x0, 0xbf, 0xff, 0xa7, 0x85, 0x0,
    0x0, 0x0, 0xb, 0xff, 0xff, 0xfb, 0x0, 0x0,
    0x0, 0x0, 0x5b, 0xef, 0xea,

    /* U+0052 "R" */
    0x3f, 0xff, 0xff, 0xfe, 0xa4, 0x0, 0x3, 0xff,
    0xff, 0xff, 0xff, 0xf8, 0x0, 0x3f, 0xfe, 0x77,
    0x8b, 0xff, 0xf3, 0x3, 0xff, 0xc0, 0x0, 0x9,
    0xff, 0x70, 0x3f, 0xfc, 0x0, 0x0, 0x6f, 0xf8,
    0x3, 0xff, 0xc0, 0x0, 0xa, 0xff, 0x60, 0x3f,
    0xfe, 0x77, 0x8c, 0xff, 0xf1, 0x3, 0xff, 0xff,
    0xff, 0xff, 0xf5, 0x0, 0x3f, 0xff, 0xff, 0xff,
    0xe2, 0x0, 0x3, 0xff, 0xc0, 0xe, 0xff, 0x30,
    0x0, 0x3f, 0xfc, 0x0, 0x6f, 0xfc, 0x0, 0x3,
    0xff, 0xc0, 0x0, 0xef, 0xf4, 0x0, 0x3f, 0xfc,
    0x0, 0x6, 0xff, 0xd0, 0x3, 0xff, 0xc0, 0x0,
    0xe, 0xff, 0x60, 0x3f, 0xfc, 0x0, 0x0, 0x6f,
    0xfe, 0x0,

    /* U+0053 "S" */
    0x0, 0x3, 0xae, 0xfe, 0xb4, 0x0, 0x0, 0x6f,
    0xff, 0xff, 0xff, 0xa0, 0x2, 0xff, 0xfd, 0xab,
    0xff, 0xc0, 0x7, 0xff, 0xa0, 0x0, 0x19, 0x10,
    0x8, 0xff, 0x80, 0x0, 0x0, 0x0, 0x4, 0xff,
    0xf8, 0x10, 0x0, 0x0, 0x0, 0xaf, 0xff, 0xfa,
    0x40, 0x0, 0x0, 0x7, 0xef, 0xff, 0xfc, 0x20,
    0x0, 0x0, 0x5, 0xcf, 0xff, 0xe1, 0x0, 0x0,
    0x0, 0x3, 0xdf, 0xf8, 0x0, 0x0, 0x0, 0x0,
    0x6f, 0xfa, 0x2, 0xe8, 0x10, 0x0, 0xaf, 0xf9,
    0xd, 0xff, 0xfc, 0xbd, 0xff, 0xf3, 0x5, 0xef,
    0xff, 0xff, 0xff, 0x60, 0x0, 0x17, 0xcf, 0xfe,
    0xa3, 0x0,

    /* U+0054 "T" */
    0x6f, 0xff, 0xff, 0xff, 0xff, 0xfe, 0x6f, 0xff,
    0xff, 0xff, 0xff, 0xfe, 0x39, 0x99, 0xbf, 0xfe,
    0x99, 0x98, 0x0, 0x0, 0x3f, 0xfb, 0x0, 0x0,
    0x0, 0x0, 0x3f, 0xfb, 0x0, 0x0, 0x0, 0x0,
    0x3f, 0xfb, 0x0, 0x0, 0x0, 0x0, 0x3f, 0xfb,
    0x0, 0x0, 0x0, 0x0, 0x3f, 0xfb, 0x0, 0x0,
    0x0, 0x0, 0x3f, 0xfb, 0x0, 0x0, 0x0, 0x0,
    0x3f, 0xfb, 0x0, 0x0, 0x0, 0x0, 0x3f, 0xfb,
    0x0, 0x0, 0x0, 0x0, 0x3f, 0xfb, 0x0, 0x0,
    0x0, 0x0, 0x3f, 0xfb, 0x0, 0x0, 0x0, 0x0,
    0x3f, 0xfb, 0x0, 0x0, 0x0, 0x0, 0x3f, 0xfb,
    0x0, 0x0,

    /* U+0055 "U" */
    0x3f, 0xfb, 0x0, 0x0, 0xa, 0xff, 0x33, 0xff,
    0xb0, 0x0, 0x0, 0xaf, 0xf3, 0x3f, 0xfb, 0x0,
    0x0, 0xa, 0xff, 0x33, 0xff, 0xb0, 0x0, 0x0,
    0xaf, 0xf3, 0x3f, 0xfb, 0x0, 0x0, 0xa, 0xff,
    0x33, 0xff, 0xb0, 0x0, 0x0, 0xaf, 0xf3, 0x3f,
    0xfb, 0x0, 0x0, 0xa, 0xff, 0x33, 0xff, 0xb0,
    0x0, 0x0, 0xaf, 0xf3, 0x3f, 0xfb, 0x0, 0x0,
    0xa, 0xff, 0x32, 0xff, 0xc0, 0x0, 0x0, 0xbf,
    0xf2, 0xf, 0xff, 0x0, 0x0, 0xe, 0xff, 0x0,
    0xcf, 0xf8, 0x0, 0x8, 0xff, 0xb0, 0x5, 0xff,
    0xfd, 0xad, 0xff, 0xf4, 0x0, 0x9, 0xff, 0xff,
    0xff, 0xf9, 0x0, 0x0, 0x5, 0xbe, 0xff, 0xb5,
    0x0, 0x0,

    /* U+0056 "V" */
    0xe, 0xff, 0x20, 0x0, 0x0, 0xaf, 0xf5, 0xa,
    0xff, 0x60, 0x0, 0x0, 0xef, 0xf0, 0x5, 0xff,
    0xa0, 0x0, 0x2, 0xff, 0xb0, 0x1, 0xff, 0xe0,
    0x0, 0x7, 0xff, 0x60, 0x0, 0xbf, 0xf3, 0x0,
    0xb, 0xff, 0x20, 0x0, 0x7f, 0xf7, 0x0, 0xf,
    0xfd, 0x0, 0x0, 0x2f, 0xfb, 0x0, 0x3f, 0xf8,
    0x0, 0x0, 0xd, 0xff, 0x0, 0x7f, 0xf3, 0x0,
    0x0, 0x8, 0xff, 0x40, 0xcf, 0xe0, 0x0, 0x0,
    0x3, 0xff, 0x80, 0xff, 0x90, 0x0, 0x0, 0x0,
    0xef, 0xc4, 0xff, 0x50, 0x0, 0x0, 0x0, 0xaf,
    0xf9, 0xff, 0x0, 0x0, 0x0, 0x0, 0x5f, 0xff,
    0xfb, 0x0, 0x0, 0x0, 0x0, 0xf, 0xff, 0xf6,
    0x0, 0x0, 0x0, 0x0, 0xb, 0xff, 0xf1, 0x0,
    0x0,

    /* U+0057 "W" */
    0x8f, 0xf7, 0x0, 0x2, 0xff, 0x90, 0x0, 0xf,
    0xfd, 0x5f, 0xfa, 0x0, 0x6, 0xff, 0xd0, 0x0,
    0x2f, 0xfa, 0x2f, 0xfc, 0x0, 0x9, 0xff, 0xf1,
    0x0, 0x4f, 0xf7, 0xf, 0xff, 0x0, 0xd, 0xff,
    0xf5, 0x0, 0x7f, 0xf4, 0xc, 0xff, 0x10, 0x1f,
    0xfc, 0xf8, 0x0, 0xaf, 0xf1, 0x9, 0xff, 0x40,
    0x5f, 0xd9, 0xfc, 0x0, 0xcf, 0xe0, 0x6, 0xff,
    0x60, 0x8f, 0xa6, 0xff, 0x0, 0xff, 0xb0, 0x3,
    0xff, 0x90, 0xcf, 0x73, 0xff, 0x41, 0xff, 0x80,
    0x0, 0xff, 0xb0, 0xff, 0x40, 0xff, 0x73, 0xff,
    0x50, 0x0, 0xdf, 0xe2, 0xff, 0x0, 0xcf, 0xa6,
    0xff, 0x20, 0x0, 0xaf, 0xf6, 0xfd, 0x0, 0x8f,
    0xd8, 0xff, 0x0, 0x0, 0x7f, 0xfb, 0xf9, 0x0,
    0x4f, 0xfb, 0xfc, 0x0, 0x0, 0x4f, 0xff, 0xf6,
    0x0, 0x1f, 0xff, 0xf9, 0x0, 0x0, 0x1f, 0xff,
    0xf2, 0x0, 0xd, 0xff, 0xf6, 0x0, 0x0, 0xe,
    0xff, 0xf0, 0x0, 0xa, 0xff, 0xf3, 0x0,

    /* U+0058 "X" */
    0x3f, 0xff, 0x10, 0x0, 0x5f, 0xfb, 0x0, 0xaf,
    0xf8, 0x0, 0xc, 0xff, 0x30, 0x2, 0xff, 0xf0,
    0x3, 0xff, 0xa0, 0x0, 0x9, 0xff, 0x70, 0xbf,
    0xf2, 0x0, 0x0, 0x1f, 0xfe, 0x2f, 0xfa, 0x0,
    0x0, 0x0, 0x8f, 0xfd, 0xff, 0x20, 0x0, 0x0,
    0x0, 0xef, 0xff, 0x90, 0x0, 0x0, 0x0, 0xb,
    0xff, 0xf3, 0x0, 0x0, 0x0, 0x3, 0xff, 0xff,
    0xb0, 0x0, 0x0, 0x0, 0xcf, 0xeb, 0xff, 0x30,
    0x0, 0x0, 0x4f, 0xf8, 0x3f, 0xfc, 0x0, 0x0,
    0xd, 0xff, 0x10, 0xcf, 0xf5, 0x0, 0x5, 0xff,
    0x90, 0x4, 0xff, 0xd0, 0x0, 0xef, 0xf2, 0x0,
    0xc, 0xff, 0x70, 0x7f, 0xfa, 0x0, 0x0, 0x4f,
    0xfe, 0x10,

    /* U+0059 "Y" */
    0xe, 0xff, 0x30, 0x0, 0x8, 0xff, 0x80, 0x6f,
    0xfa, 0x0, 0x0, 0xef, 0xf1, 0x0, 0xef, 0xf1,
    0x0, 0x5f, 0xf9, 0x0, 0x7, 0xff, 0x60, 0xb,
    0xff, 0x10, 0x0, 0x1f, 0xfd, 0x2, 0xff, 0xa0,
    0x0, 0x0, 0x8f, 0xf3, 0x8f, 0xf2, 0x0, 0x0,
    0x1, 0xff, 0x9e, 0xfb, 0x0, 0x0, 0x0, 0x9,
    0xff, 0xff, 0x30, 0x0, 0x0, 0x0, 0x2f, 0xff,
    0xc0, 0x0, 0x0, 0x0, 0x0, 0xbf, 0xf5, 0x0,
    0x0, 0x0, 0x0, 0xa, 0xff, 0x40, 0x0, 0x0,
    0x0, 0x0, 0xaf, 0xf4, 0x0, 0x0, 0x0, 0x0,
    0xa, 0xff, 0x40, 0x0, 0x0, 0x0, 0x0, 0xaf,
    0xf4, 0x0, 0x0, 0x0, 0x0, 0xa, 0xff, 0x40,
    0x0, 0x0,

    /* U+005A "Z" */
    0x8, 0xff, 0xff, 0xff, 0xff, 0xf6, 0x8, 0xff,
    0xff, 0xff, 0xff, 0xf6, 0x4, 0x99, 0x99, 0x9b,
    0xff, 0xe1, 0x0, 0x0, 0x0, 0xc, 0xff, 0x50,
    0x0, 0x0, 0x0, 0x7f, 0xfa, 0x0, 0x0, 0x0,
    0x2, 0xff, 0xe1, 0x0, 0x0, 0x0, 0xc, 0xff,
    0x50, 0x0, 0x0, 0x0, 0x7f, 0xfb, 0x0, 0x0,
    0x0, 0x2, 0xff, 0xf1, 0x0, 0x0, 0x0, 0xc,
    0xff, 0x60, 0x0, 0x0, 0x0, 0x6f, 0xfb, 0x0,
    0x0, 0x0, 0x1, 0xff, 0xf2, 0x0, 0x0, 0x0,
    0xb, 0xff, 0xd9, 0x99, 0x99, 0x94, 0x2f, 0xff,
    0xff, 0xff, 0xff, 0xf7, 0x2f, 0xff, 0xff, 0xff,
    0xff, 0xf7,

    /* U+005B "[" */
    0xff, 0xff, 0x9f, 0xfb, 0xa6, 0xff, 0x30, 0xf,
    0xf3, 0x0, 0xff, 0x30, 0xf, 0xf3, 0x0, 0xff,
    0x30, 0xf, 0xf3, 0x0, 0xff, 0x30, 0xf, 0xf3,
    0x0, 0xff, 0x30, 0xf, 0xf3, 0x0, 0xff, 0x30,
    0xf, 0xf3, 0x0, 0xff, 0x30, 0xf, 0xf3, 0x0,
    0xff, 0x30, 0xf, 0xf3, 0x0, 0xff, 0x30, 0xf,
    0xff, 0xf9, 0x9a, 0xaa, 0x50,

    /* U+005C "\\" */
    0x5f, 0xa0, 0x0, 0x0, 0x1f, 0xd0, 0x0, 0x0,
    0xd, 0xf1, 0x0, 0x0, 0x9, 0xf5, 0x0, 0x0,
    0x5, 0xf9, 0x0, 0x0, 0x1, 0xfd, 0x0, 0x0,
    0x0, 0xdf, 0x10, 0x0, 0x0, 0xaf, 0x50, 0x0,
    0x0, 0x6f, 0x90, 0x0, 0x0, 0x2f, 0xd0, 0x0,
    0x0, 0xe, 0xf0, 0x0, 0x0, 0xa, 0xf4, 0x0,
    0x0, 0x6, 0xf8, 0x0, 0x0, 0x2, 0xfc, 0x0,
    0x0, 0x0, 0xef, 0x0, 0x0, 0x0, 0xbf, 0x40,
    0x0, 0x0, 0x7f, 0x80, 0x0, 0x0, 0x3f, 0xc0,
    0x0, 0x0, 0xf, 0xf0, 0x0, 0x0, 0xb, 0xf3,
    0x0, 0x0, 0x4, 0x83,

    /* U+005D "]" */
    0xf, 0xff, 0xf8, 0xa, 0xae, 0xf8, 0x0, 0xa,
    0xf8, 0x0, 0xa, 0xf8, 0x0, 0xa, 0xf8, 0x0,
    0xa, 0xf8, 0x0, 0xa, 0xf8, 0x0, 0xa, 0xf8,
    0x0, 0xa, 0xf8, 0x0, 0xa, 0xf8, 0x0, 0xa,
    0xf8, 0x0, 0xa, 0xf8, 0x0, 0xa, 0xf8, 0x0,
    0xa, 0xf8, 0x0, 0xa, 0xf8, 0x0, 0xa, 0xf8,
    0x0, 0xa, 0xf8, 0x0, 0xa, 0xf8, 0x0, 0xa,
    0xf8, 0xf, 0xff, 0xf8, 0xa, 0xaa, 0xa5,

    /* U+005E "^" */
    0x0, 0x3, 0x88, 0x10, 0x0, 0x0, 0xa, 0xff,
    0x70, 0x0, 0x0, 0x1f, 0xff, 0xd0, 0x0, 0x0,
    0x6f, 0xdf, 0xf3, 0x0, 0x0, 0xcf, 0x7a, 0xf9,
    0x0, 0x2, 0xff, 0x25, 0xfe, 0x0, 0x8, 0xfd,
    0x0, 0xff, 0x40, 0xd, 0xf7, 0x0, 0xbf, 0xa0,
    0x4f, 0xf2, 0x0, 0x5f, 0xf1, 0x9f, 0xd0, 0x0,
    0xf, 0xf6,

    /* U+005F "_" */
    0x8c, 0xcc, 0xcc, 0xcc, 0xcc, 0xc0, 0xbf, 0xff,
    0xff, 0xff, 0xff, 0xf1,

    /* U+0060 "`" */
    0x0, 0x10, 0x0, 0x9, 0xd0, 0x0, 0x7f, 0xfa,
    0x0, 0x1d, 0xff, 0x70, 0x1, 0xcf, 0xf4, 0x0,
    0xb, 0xe2, 0x0, 0x0, 0x20,

    /* U+0061 "a" */
    0x1, 0x7c, 0xff, 0xd6, 0x0, 0x4f, 0xff, 0xff,
    0xff, 0x70, 0x1f, 0xf9, 0x7a, 0xff, 0xf0, 0x4,
    0x10, 0x0, 0xcf, 0xf4, 0x0, 0x0, 0x47, 0xcf,
    0xf6, 0x2, 0xbf, 0xff, 0xff, 0xf6, 0x4f, 0xff,
    0xa6, 0xaf, 0xf6, 0xcf, 0xf2, 0x0, 0x8f, 0xf6,
    0xff, 0xd0, 0x0, 0xbf, 0xf6, 0xdf, 0xf9, 0x7c,
    0xff, 0xf6, 0x7f, 0xff, 0xff, 0xdf, 0xf6, 0x7,
    0xef, 0xd6, 0x1f, 0xf6,

    /* U+0062 "b" */
    0x6f, 0xf8, 0x0, 0x0, 0x0, 0x6, 0xff, 0x80,
    0x0, 0x0, 0x0, 0x6f, 0xf8, 0x0, 0x0, 0x0,
    0x6, 0xff, 0x80, 0x0, 0x0, 0x0, 0x6f, 0xf8,
    0x0, 0x0, 0x0, 0x6, 0xff, 0x76, 0xdf, 0xe8,
    0x0, 0x6f, 0xfe, 0xff, 0xff, 0xfb, 0x6, 0xff,
    0xfe, 0x9a, 0xff, 0xf4, 0x6f, 0xfb, 0x0, 0x9,
    0xff, 0xa6, 0xff, 0x80, 0x0, 0x3f, 0xfd, 0x6f,
    0xf8, 0x0, 0x1, 0xff, 0xf6, 0xff, 0x80, 0x0,
    0x1f, 0xfe, 0x6f, 0xf8, 0x0, 0x4, 0xff, 0xc6,
    0xff, 0x90, 0x0, 0xbf, 0xf8, 0x6f, 0xff, 0xc8,
    0xcf, 0xff, 0x16, 0xff, 0xdf, 0xff, 0xff, 0x50,
    0x6f, 0xf0, 0x8e, 0xfc, 0x40, 0x0,

    /* U+0063 "c" */
    0x0, 0x2, 0x9e, 0xfe, 0x91, 0x0, 0x5f, 0xff,
    0xff, 0xfa, 0x2, 0xff, 0xfd, 0x8a, 0xe1, 0xa,
    0xff, 0xa0, 0x0, 0x0, 0xf, 0xff, 0x20, 0x0,
    0x0, 0x1f, 0xfe, 0x0, 0x0, 0x0, 0x1f, 0xfe,
    0x0, 0x0, 0x0, 0xf, 0xff, 0x20, 0x0, 0x0,
    0xb, 0xff, 0xa0, 0x0, 0x20, 0x3, 0xff, 0xfc,
    0x8a, 0xf6, 0x0, 0x6f, 0xff, 0xff, 0xfc, 0x0,
    0x3, 0xbe, 0xfd, 0x81,

    /* U+0064 "d" */
    0x0, 0x0, 0x0, 0x0, 0xaf, 0xf5, 0x0, 0x0,
    0x0, 0x0, 0xaf, 0xf5, 0x0, 0x0, 0x0, 0x0,
    0xaf, 0xf5, 0x0, 0x0, 0x0, 0x0, 0xaf, 0xf5,
    0x0, 0x0, 0x0, 0x0, 0x9f, 0xf5, 0x0, 0x5,
    0xcf, 0xe7, 0x9f, 0xf5, 0x0, 0x7f, 0xff, 0xff,
    0xff, 0xf5, 0x3, 0xff, 0xfb, 0x9d, 0xff, 0xf5,
    0xa, 0xff, 0x90, 0x0, 0xbf, 0xf5, 0xe, 0xff,
    0x20, 0x0, 0xaf, 0xf5, 0xf, 0xff, 0x0, 0x0,
    0xaf, 0xf5, 0xf, 0xff, 0x0, 0x0, 0xaf, 0xf5,
    0xf, 0xff, 0x20, 0x0, 0xaf, 0xf5, 0xb, 0xff,
    0x80, 0x0, 0xcf, 0xf5, 0x5, 0xff, 0xfb, 0x9d,
    0xff, 0xf5, 0x0, 0xbf, 0xff, 0xff, 0xef, 0xf5,
    0x0, 0x8, 0xef, 0xd6, 0x2f, 0xf5,

    /* U+0065 "e" */
    0x0, 0x3, 0xbf, 0xfc, 0x50, 0x0, 0x6, 0xff,
    0xff, 0xff, 0x70, 0x3, 0xff, 0xe8, 0x6d, 0xff,
    0x20, 0xaf, 0xf3, 0x0, 0x1f, 0xf8, 0xf, 0xfc,
    0x11, 0x11, 0xcf, 0xb1, 0xff, 0xff, 0xff, 0xff,
    0xfc, 0x1f, 0xff, 0xff, 0xff, 0xff, 0xb0, 0xff,
    0xd0, 0x0, 0x0, 0x0, 0xb, 0xff, 0x50, 0x0,
    0x0, 0x0, 0x3f, 0xff, 0xa6, 0x7b, 0xb0, 0x0,
    0x6f, 0xff, 0xff, 0xff, 0x20, 0x0, 0x3a, 0xef,
    0xea, 0x30,

    /* U+0066 "f" */
    0x0, 0x4, 0xcf, 0xfc, 0x0, 0x3, 0xff, 0xff,
    0xd0, 0x0, 0xaf, 0xfc, 0x76, 0x0, 0xd, 0xff,
    0x10, 0x0, 0x0, 0xef, 0xf0, 0x0, 0x6, 0xff,
    0xff, 0xff, 0x20, 0x7f, 0xff, 0xff, 0xf2, 0x2,
    0x6f, 0xff, 0x66, 0x0, 0x0, 0xef, 0xf0, 0x0,
    0x0, 0xe, 0xff, 0x0, 0x0, 0x0, 0xef, 0xf0,
    0x0, 0x0, 0xe, 0xff, 0x0, 0x0, 0x0, 0xef,
    0xf0, 0x0, 0x0, 0xe, 0xff, 0x0, 0x0, 0x0,
    0xef, 0xf0, 0x0, 0x0, 0xe, 0xff, 0x0, 0x0,
    0x0, 0xef, 0xf0, 0x0, 0x0,

    /* U+0067 "g" */
    0x0, 0x19, 0xef, 0xff, 0xff, 0xf6, 0x2, 0xef,
    0xff, 0xff, 0xff, 0xf6, 0xa, 0xff, 0x82, 0x4e,
    0xfc, 0x41, 0xc, 0xff, 0x0, 0x9, 0xff, 0x0,
    0x9, 0xff, 0x50, 0x1d, 0xfe, 0x0, 0x1, 0xdf,
    0xfe, 0xff, 0xf6, 0x0, 0x0, 0xaf, 0xdf, 0xfc,
    0x50, 0x0, 0x4, 0xfd, 0x0, 0x0, 0x0, 0x0,
    0x8, 0xfd, 0x0, 0x0, 0x0, 0x0, 0x7, 0xff,
    0x96, 0x65, 0x42, 0x0, 0x2, 0xff, 0xff, 0xff,
    0xff, 0xb1, 0x2, 0xdf, 0xef, 0xff, 0xff, 0xf8,
    0xe, 0xf7, 0x0, 0x0, 0x6f, 0xf9, 0x1f, 0xfa,
    0x20, 0x2, 0xaf, 0xf4, 0xc, 0xff, 0xff, 0xff,
    0xff, 0x80, 0x0, 0x7c, 0xff, 0xfd, 0x92, 0x0,

    /* U+0068 "h" */
    0x6f, 0xf8, 0x0, 0x0, 0x0, 0x6, 0xff, 0x80,
    0x0, 0x0, 0x0, 0x6f, 0xf8, 0x0, 0x0, 0x0,
    0x6, 0xff, 0x80, 0x0, 0x0, 0x0, 0x6f, 0xf8,
    0x0, 0x0, 0x0, 0x6, 0xff, 0x73, 0xbf, 0xfa,
    0x10, 0x6f, 0xfb, 0xff, 0xff, 0xfa, 0x6, 0xff,
    0xff, 0xac, 0xff, 0xf1, 0x6f, 0xfd, 0x20, 0xd,
    0xff, 0x46, 0xff, 0x80, 0x0, 0x9f, 0xf5, 0x6f,
    0xf8, 0x0, 0x9, 0xff, 0x56, 0xff, 0x80, 0x0,
    0x9f, 0xf5, 0x6f, 0xf8, 0x0, 0x9, 0xff, 0x56,
    0xff, 0x80, 0x0, 0x9f, 0xf5, 0x6f, 0xf8, 0x0,
    0x9, 0xff, 0x56, 0xff, 0x80, 0x0, 0x9f, 0xf5,
    0x6f, 0xf8, 0x0, 0x9, 0xff, 0x50,

    /* U+0069 "i" */
    0x3e, 0xe4, 0x9f, 0xfb, 0x6f, 0xf8, 0x3, 0x40,
    0x0, 0x0, 0x6f, 0xf8, 0x6f, 0xf8, 0x6f, 0xf8,
    0x6f, 0xf8, 0x6f, 0xf8, 0x6f, 0xf8, 0x6f, 0xf8,
    0x6f, 0xf8, 0x6f, 0xf8, 0x6f, 0xf8, 0x6f, 0xf8,
    0x6f, 0xf8,

    /* U+006A "j" */
    0x0, 0x3, 0xee, 0x40, 0x0, 0x9f, 0xfc, 0x0,
    0x6, 0xff, 0x80, 0x0, 0x3, 0x40, 0x0, 0x0,
    0x0, 0x0, 0x0, 0x6f, 0xf9, 0x0, 0x6, 0xff,
    0x90, 0x0, 0x6f, 0xf9, 0x0, 0x6, 0xff, 0x90,
    0x0, 0x6f, 0xf9, 0x0, 0x6, 0xff, 0x90, 0x0,
    0x6f, 0xf9, 0x0, 0x6, 0xff, 0x90, 0x0, 0x6f,
    0xf9, 0x0, 0x6, 0xff, 0x90, 0x0, 0x6f, 0xf9,
    0x0, 0x6, 0xff, 0x80, 0x0, 0x7f, 0xf8, 0x5,
    0x7e, 0xff, 0x40, 0xcf, 0xff, 0xd0, 0xd, 0xff,
    0xa1, 0x0,

    /* U+006B "k" */
    0x6f, 0xf7, 0x0, 0x0, 0x0, 0x6, 0xff, 0x70,
    0x0, 0x0, 0x0, 0x6f, 0xf7, 0x0, 0x0, 0x0,
    0x6, 0xff, 0x70, 0x0, 0x0, 0x0, 0x6f, 0xf7,
    0x0, 0x0, 0x0, 0x6, 0xff, 0x70, 0x1, 0xef,
    0xf3, 0x6f, 0xf7, 0x0, 0xbf, 0xf7, 0x6, 0xff,
    0x70, 0x7f, 0xfa, 0x0, 0x6f, 0xf7, 0x3f, 0xfd,
    0x0, 0x6, 0xff, 0x8e, 0xff, 0x20, 0x0, 0x6f,
    0xff, 0xff, 0xf2, 0x0, 0x6, 0xff, 0xff, 0xff,
    0xa0, 0x0, 0x6f, 0xff, 0xaa, 0xff, 0x40, 0x6,
    0xff, 0xc0, 0x2f, 0xfd, 0x0, 0x6f, 0xf7, 0x0,
    0x9f, 0xf7, 0x6, 0xff, 0x70, 0x1, 0xff, 0xf1,
    0x6f, 0xf7, 0x0, 0x8, 0xff, 0xa0,

    /* U+006C "l" */
    0x6f, 0xf8, 0x6, 0xff, 0x80, 0x6f, 0xf8, 0x6,
    0xff, 0x80, 0x6f, 0xf8, 0x6, 0xff, 0x80, 0x6f,
    0xf8, 0x6, 0xff, 0x80, 0x6f, 0xf8, 0x6, 0xff,
    0x80, 0x6f, 0xf8, 0x6, 0xff, 0x80, 0x6f, 0xf8,
    0x6, 0xff, 0x80, 0x5f, 0xfd, 0x41, 0xff, 0xfa,
    0x5, 0xef, 0xb0,

    /* U+006D "m" */
    0x6f, 0xf0, 0x4c, 0xfe, 0x80, 0x7, 0xef, 0xd4,
    0x6, 0xff, 0x9f, 0xff, 0xff, 0x8a, 0xff, 0xff,
    0xf2, 0x6f, 0xff, 0xfa, 0xdf, 0xff, 0xfd, 0xaf,
    0xff, 0x86, 0xff, 0xd2, 0x1, 0xff, 0xf9, 0x0,
    0x6f, 0xfb, 0x6f, 0xf8, 0x0, 0xd, 0xff, 0x20,
    0x2, 0xff, 0xc6, 0xff, 0x80, 0x0, 0xcf, 0xf2,
    0x0, 0x2f, 0xfc, 0x6f, 0xf8, 0x0, 0xc, 0xff,
    0x20, 0x2, 0xff, 0xc6, 0xff, 0x80, 0x0, 0xcf,
    0xf2, 0x0, 0x2f, 0xfc, 0x6f, 0xf8, 0x0, 0xc,
    0xff, 0x20, 0x2, 0xff, 0xc6, 0xff, 0x80, 0x0,
    0xcf, 0xf2, 0x0, 0x2f, 0xfc, 0x6f, 0xf8, 0x0,
    0xc, 0xff, 0x20, 0x2, 0xff, 0xc6, 0xff, 0x80,
    0x0, 0xcf, 0xf2, 0x0, 0x2f, 0xfc,

    /* U+006E "n" */
    0x6f, 0xf0, 0x3c, 0xff, 0xa1, 0x6, 0xff, 0x9f,
    0xff, 0xff, 0xa0, 0x6f, 0xff, 0xfa, 0xcf, 0xff,
    0x16, 0xff, 0xd2, 0x0, 0xdf, 0xf4, 0x6f, 0xf8,
    0x0, 0x9, 0xff, 0x56, 0xff, 0x80, 0x0, 0x9f,
    0xf5, 0x6f, 0xf8, 0x0, 0x9, 0xff, 0x56, 0xff,
    0x80, 0x0, 0x9f, 0xf5, 0x6f, 0xf8, 0x0, 0x9,
    0xff, 0x56, 0xff, 0x80, 0x0, 0x9f, 0xf5, 0x6f,
    0xf8, 0x0, 0x9, 0xff, 0x56, 0xff, 0x80, 0x0,
    0x9f, 0xf5,

    /* U+006F "o" */
    0x0, 0x3, 0xae, 0xfd, 0x70, 0x0, 0x0, 0x5f,
    0xff, 0xff, 0xfc, 0x10, 0x3, 0xff, 0xfa, 0x8e,
    0xff, 0xb0, 0xa, 0xff, 0x80, 0x1, 0xef, 0xf3,
    0xf, 0xff, 0x10, 0x0, 0x8f, 0xf7, 0x1f, 0xfe,
    0x0, 0x0, 0x6f, 0xf9, 0x1f, 0xfe, 0x0, 0x0,
    0x6f, 0xf9, 0xf, 0xff, 0x10, 0x0, 0x8f, 0xf7,
    0xa, 0xff, 0x80, 0x1, 0xef, 0xf3, 0x3, 0xff,
    0xfa, 0x8e, 0xff, 0xb0, 0x0, 0x5f, 0xff, 0xff,
    0xfc, 0x10, 0x0, 0x3, 0xae, 0xfd, 0x70, 0x0,

    /* U+0070 "p" */
    0x6f, 0xf1, 0x6d, 0xfe, 0x80, 0x6, 0xff, 0xdf,
    0xff, 0xff, 0xb0, 0x6f, 0xff, 0xe9, 0xaf, 0xff,
    0x46, 0xff, 0xb0, 0x0, 0x9f, 0xfa, 0x6f, 0xf8,
    0x0, 0x3, 0xff, 0xd6, 0xff, 0x80, 0x0, 0x1f,
    0xff, 0x6f, 0xf8, 0x0, 0x1, 0xff, 0xe6, 0xff,
    0x80, 0x0, 0x4f, 0xfc, 0x6f, 0xf9, 0x0, 0xb,
    0xff, 0x86, 0xff, 0xfc, 0x8c, 0xff, 0xf1, 0x6f,
    0xff, 0xff, 0xff, 0xf5, 0x6, 0xff, 0x78, 0xef,
    0xc4, 0x0, 0x6f, 0xf8, 0x0, 0x0, 0x0, 0x6,
    0xff, 0x80, 0x0, 0x0, 0x0, 0x6f, 0xf8, 0x0,
    0x0, 0x0, 0x6, 0xff, 0x80, 0x0, 0x0, 0x0,

    /* U+0071 "q" */
    0x0, 0x5, 0xcf, 0xe9, 0x2f, 0xf5, 0x0, 0x7f,
    0xff, 0xff, 0xef, 0xf5, 0x3, 0xff, 0xfb, 0x9d,
    0xff, 0xf5, 0xa, 0xff, 0x90, 0x0, 0xbf, 0xf5,
    0xe, 0xff, 0x20, 0x0, 0xaf, 0xf5, 0xf, 0xff,
    0x0, 0x0, 0xaf, 0xf5, 0xf, 0xff, 0x0, 0x0,
    0xaf, 0xf5, 0xf, 0xff, 0x20, 0x0, 0xaf, 0xf5,
    0xb, 0xff, 0x80, 0x0, 0xcf, 0xf5, 0x5, 0xff,
    0xfb, 0x9d, 0xff, 0xf5, 0x0, 0xbf, 0xff, 0xff,
    0xef, 0xf5, 0x0, 0x8, 0xef, 0xd5, 0x9f, 0xf5,
    0x0, 0x0, 0x0, 0x0, 0x9f, 0xf5, 0x0, 0x0,
    0x0, 0x0, 0xaf, 0xf5, 0x0, 0x0, 0x0, 0x0,
    0xaf, 0xf5, 0x0, 0x0, 0x0, 0x0, 0xaf, 0xf5,

    /* U+0072 "r" */
    0x6f, 0xf0, 0x3c, 0xfa, 0x6f, 0xf5, 0xff, 0xf7,
    0x6f, 0xff, 0xfd, 0xc4, 0x6f, 0xff, 0x70, 0x0,
    0x6f, 0xfc, 0x0, 0x0, 0x6f, 0xf8, 0x0, 0x0,
    0x6f, 0xf8, 0x0, 0x0, 0x6f, 0xf8, 0x0, 0x0,
    0x6f, 0xf8, 0x0, 0x0, 0x6f, 0xf8, 0x0, 0x0,
    0x6f, 0xf8, 0x0, 0x0, 0x6f, 0xf8, 0x0, 0x0,

    /* U+0073 "s" */
    0x0, 0x3b, 0xff, 0xe8, 0x10, 0x3, 0xff, 0xff,
    0xff, 0xd0, 0xb, 0xff, 0x85, 0x8f, 0x50, 0xd,
    0xff, 0x0, 0x1, 0x0, 0xa, 0xff, 0xb4, 0x0,
    0x0, 0x1, 0xdf, 0xff, 0xd6, 0x0, 0x0, 0x8,
    0xef, 0xff, 0x90, 0x0, 0x0, 0x6, 0xff, 0xf1,
    0x2, 0x20, 0x0, 0x9f, 0xf3, 0xd, 0xf9, 0x56,
    0xef, 0xf1, 0x3f, 0xff, 0xff, 0xff, 0x80, 0x1,
    0x8d, 0xff, 0xc5, 0x0,

    /* U+0074 "t" */
    0x0, 0x8f, 0xe0, 0x0, 0x0, 0xa, 0xfe, 0x0,
    0x0, 0x0, 0xcf, 0xe0, 0x0, 0x8, 0xff, 0xff,
    0xff, 0xb0, 0x9f, 0xff, 0xff, 0xfb, 0x3, 0x6f,
    0xff, 0x66, 0x40, 0x0, 0xff, 0xe0, 0x0, 0x0,
    0xf, 0xfe, 0x0, 0x0, 0x0, 0xff, 0xe0, 0x0,
    0x0, 0xf, 0xfe, 0x0, 0x0, 0x0, 0xff, 0xe0,
    0x0, 0x0, 0xf, 0xff, 0x10, 0x0, 0x0, 0xcf,
    0xfc, 0x76, 0x0, 0x5, 0xff, 0xff, 0xd0, 0x0,
    0x6, 0xdf, 0xeb, 0x0,

    /* U+0075 "u" */
    0x8f, 0xf6, 0x0, 0xc, 0xff, 0x38, 0xff, 0x60,
    0x0, 0xcf, 0xf3, 0x8f, 0xf6, 0x0, 0xc, 0xff,
    0x38, 0xff, 0x60, 0x0, 0xcf, 0xf3, 0x8f, 0xf6,
    0x0, 0xc, 0xff, 0x38, 0xff, 0x60, 0x0, 0xcf,
    0xf3, 0x8f, 0xf6, 0x0, 0xc, 0xff, 0x38, 0xff,
    0x60, 0x0, 0xcf, 0xf3, 0x7f, 0xfa, 0x0, 0x4f,
    0xff, 0x34, 0xff, 0xfb, 0xbf, 0xff, 0xf3, 0xd,
    0xff, 0xff, 0xe9, 0xff, 0x30, 0x2b, 0xff, 0xa2,
    0x4f, 0xf3,

    /* U+0076 "v" */
    0x8f, 0xf5, 0x0, 0x0, 0xbf, 0xf1, 0x3f, 0xfa,
    0x0, 0x0, 0xff, 0xc0, 0xe, 0xfe, 0x0, 0x4,
    0xff, 0x70, 0x9, 0xff, 0x30, 0x8, 0xff, 0x20,
    0x4, 0xff, 0x70, 0xd, 0xfd, 0x0, 0x0, 0xff,
    0xb0, 0x1f, 0xf8, 0x0, 0x0, 0xaf, 0xf0, 0x5f,
    0xf3, 0x0, 0x0, 0x5f, 0xf4, 0x9f, 0xe0, 0x0,
    0x0, 0xf, 0xf8, 0xdf, 0x90, 0x0, 0x0, 0xb,
    0xfd, 0xff, 0x40, 0x0, 0x0, 0x6, 0xff, 0xff,
    0x0, 0x0, 0x0, 0x1, 0xff, 0xfa, 0x0, 0x0,

    /* U+0077 "w" */
    0x5f, 0xf9, 0x0, 0xb, 0xff, 0x10, 0x2, 0xff,
    0x91, 0xff, 0xc0, 0x0, 0xef, 0xf5, 0x0, 0x5f,
    0xf5, 0xd, 0xff, 0x0, 0x2f, 0xff, 0x90, 0x8,
    0xff, 0x20, 0x9f, 0xf3, 0x6, 0xfd, 0xfd, 0x0,
    0xbf, 0xe0, 0x5, 0xff, 0x60, 0xaf, 0x7f, 0xf1,
    0xf, 0xfa, 0x0, 0x1f, 0xfa, 0xd, 0xf3, 0xff,
    0x42, 0xff, 0x60, 0x0, 0xef, 0xc1, 0xff, 0xc,
    0xf8, 0x5f, 0xf3, 0x0, 0xa, 0xff, 0x4f, 0xc0,
    0x8f, 0xb7, 0xff, 0x0, 0x0, 0x6f, 0xf9, 0xf9,
    0x5, 0xfe, 0xaf, 0xb0, 0x0, 0x2, 0xff, 0xef,
    0x50, 0x1f, 0xfe, 0xf8, 0x0, 0x0, 0xe, 0xff,
    0xf2, 0x0, 0xdf, 0xff, 0x40, 0x0, 0x0, 0xaf,
    0xfe, 0x0, 0xa, 0xff, 0xf1, 0x0,

    /* U+0078 "x" */
    0x2f, 0xfe, 0x0, 0x8, 0xff, 0x70, 0x9f, 0xf7,
    0x0, 0xff, 0xe0, 0x1, 0xff, 0xf0, 0x6f, 0xf5,
    0x0, 0x7, 0xff, 0x7d, 0xfd, 0x0, 0x0, 0xd,
    0xff, 0xff, 0x40, 0x0, 0x0, 0x5f, 0xff, 0xc0,
    0x0, 0x0, 0x9, 0xff, 0xfa, 0x0, 0x0, 0x2,
    0xff, 0xef, 0xf4, 0x0, 0x0, 0xbf, 0xe3, 0xff,
    0xd0, 0x0, 0x4f, 0xf8, 0xa, 0xff, 0x60, 0xd,
    0xff, 0x10, 0x1f, 0xff, 0x16, 0xff, 0x90, 0x0,
    0x8f, 0xfa,

    /* U+0079 "y" */
    0x8f, 0xf6, 0x0, 0x0, 0xbf, 0xf1, 0x2f, 0xfb,
    0x0, 0x0, 0xff, 0xb0, 0xb, 0xff, 0x10, 0x5,
    0xff, 0x60, 0x5, 0xff, 0x60, 0x9, 0xff, 0x0,
    0x0, 0xef, 0xc0, 0xe, 0xfb, 0x0, 0x0, 0x9f,
    0xf1, 0x3f, 0xf5, 0x0, 0x0, 0x2f, 0xf6, 0x7f,
    0xf0, 0x0, 0x0, 0xc, 0xfa, 0xbf, 0xa0, 0x0,
    0x0, 0x6, 0xff, 0xff, 0x50, 0x0, 0x0, 0x0,
    0xff, 0xff, 0x0, 0x0, 0x0, 0x0, 0x9f, 0xfa,
    0x0, 0x0, 0x0, 0x0, 0x7f, 0xf5, 0x0, 0x0,
    0x0, 0x0, 0xdf, 0xe0, 0x0, 0x0, 0x4, 0x7c,
    0xff, 0x70, 0x0, 0x0, 0xb, 0xff, 0xfc, 0x0,
    0x0, 0x0, 0xc, 0xfe, 0x90, 0x0, 0x0, 0x0,

    /* U+007A "z" */
    0xa, 0xff, 0xff, 0xff, 0xf8, 0xa, 0xff, 0xff,
    0xff, 0xf7, 0x4, 0x66, 0x69, 0xff, 0xe1, 0x0,
    0x0, 0xd, 0xff, 0x50, 0x0, 0x0, 0x7f, 0xfb,
    0x0, 0x0, 0x2, 0xff, 0xf1, 0x0, 0x0, 0xb,
    0xff, 0x60, 0x0, 0x0, 0x5f, 0xfc, 0x0, 0x0,
    0x1, 0xef, 0xf3, 0x0, 0x0, 0xa, 0xff, 0xc6,
    0x66, 0x64, 0x2f, 0xff, 0xff, 0xff, 0xfb, 0x3f,
    0xff, 0xff, 0xff, 0xfb,

    /* U+007B "{" */
    0x0, 0x8, 0xef, 0x90, 0x4, 0xff, 0xc6, 0x0,
    0x8f, 0xe0, 0x0, 0x8, 0xfd, 0x0, 0x0, 0x8f,
    0xd0, 0x0, 0x6, 0xfe, 0x0, 0x0, 0x5f, 0xe0,
    0x0, 0x5, 0xfe, 0x0, 0x0, 0xbf, 0xc0, 0x3,
    0xff, 0xe4, 0x0, 0x4f, 0xfd, 0x20, 0x0, 0x2c,
    0xfb, 0x0, 0x0, 0x6f, 0xe0, 0x0, 0x5, 0xfe,
    0x0, 0x0, 0x6f, 0xe0, 0x0, 0x7, 0xfe, 0x0,
    0x0, 0x8f, 0xd0, 0x0, 0x8, 0xfd, 0x0, 0x0,
    0x7f, 0xf2, 0x0, 0x2, 0xff, 0xf9, 0x0, 0x3,
    0x8a, 0x50,

    /* U+007C "|" */
    0xba, 0xfe, 0xfe, 0xfe, 0xfe, 0xfe, 0xfe, 0xfe,
    0xfe, 0xfe, 0xfe, 0xfe, 0xfe, 0xfe, 0xfe, 0xfe,
    0xfe, 0xfe, 0xfe, 0xfe, 0xfe, 0xfe, 0xfe, 0xfe,

    /* U+007D "}" */
    0xf, 0xfc, 0x30, 0x0, 0xae, 0xfd, 0x0, 0x0,
    0x6f, 0xf0, 0x0, 0x4, 0xff, 0x10, 0x0, 0x4f,
    0xf0, 0x0, 0x5, 0xff, 0x0, 0x0, 0x5f, 0xe0,
    0x0, 0x5, 0xfe, 0x0, 0x0, 0x4f, 0xf4, 0x0,
    0x0, 0xaf, 0xfc, 0x0, 0x7, 0xff, 0xd0, 0x2,
    0xff, 0x70, 0x0, 0x5f, 0xf0, 0x0, 0x5, 0xfe,
    0x0, 0x0, 0x5f, 0xf0, 0x0, 0x5, 0xff, 0x0,
    0x0, 0x4f, 0xf1, 0x0, 0x4, 0xff, 0x10, 0x0,
    0x9f, 0xf0, 0x0, 0xff, 0xfa, 0x0, 0xa, 0x96,
    0x0, 0x0,

    /* U+007E "~" */
    0x0, 0x8f, 0xe8, 0x0, 0x4, 0x0, 0xa, 0xff,
    0xff, 0xd4, 0x6f, 0xc0, 0x1e, 0xe4, 0x5e, 0xff,
    0xff, 0x70, 0x1, 0x30, 0x1, 0xaf, 0xe6, 0x0,

    /* U+00B7 "·" */
    0x0, 0x44, 0x0, 0xc, 0xff, 0xc0, 0x6f, 0xff,
    0xf6, 0x8f, 0xff, 0xf8, 0x4f, 0xff, 0xf4, 0x7,
    0xee, 0x70,

    /* U+2014 "—" */
    0xf, 0xff, 0xff, 0xff, 0xff, 0xff, 0xff, 0xff,
    0xf2, 0xf, 0xff, 0xff, 0xff, 0xff, 0xff, 0xff,
    0xff, 0xf3,

    /* U+4E00 "一" */
    0x0, 0x0, 0x0, 0x0, 0x0, 0x0, 0x0, 0x0,
    0x0, 0x0, 0x1f, 0xff, 0xff, 0xff, 0xff, 0xff,
    0xff, 0xff, 0xff, 0xf7, 0x1f, 0xff, 0xff, 0xff,
    0xff, 0xff, 0xff, 0xff, 0xff, 0xf7, 0x9, 0x99,
    0x99, 0x99, 0x99, 0x99, 0x99, 0x99, 0x99, 0x93,

    /* U+4E09 "三" */
    0x1, 0x11, 0x11, 0x11, 0x11, 0x11, 0x11, 0x11,
    0x0, 0xc, 0xff, 0xff, 0xff, 0xff, 0xff, 0xff,
    0xff, 0x70, 0xc, 0xff, 0xff, 0xff, 0xff, 0xff,
    0xff, 0xff, 0x70, 0x4, 0x66, 0x66, 0x66, 0x66,
    0x66, 0x66, 0x66, 0x20, 0x0, 0x0, 0x0, 0x0,
    0x0, 0x0, 0x0, 0x0, 0x0, 0x0, 0x0, 0x0,
    0x0, 0x0, 0x0, 0x0, 0x0, 0x0, 0x0, 0x0,
    0x0, 0x0, 0x0, 0x0, 0x0, 0x0, 0x0, 0x0,
    0x37, 0x77, 0x77, 0x77, 0x77, 0x77, 0x60, 0x0,
    0x0, 0x6f, 0xff, 0xff, 0xff, 0xff, 0xff, 0xd0,
    0x0, 0x0, 0x6f, 0xff, 0xff, 0xff, 0xff, 0xff,
    0xd0, 0x0, 0x0, 0x0, 0x0, 0x0, 0x0, 0x0,
    0x0, 0x0, 0x0, 0x0, 0x0, 0x0, 0x0, 0x0,
    0x0, 0x0, 0x0, 0x0, 0x0, 0x0, 0x0, 0x0,
    0x0, 0x0, 0x0, 0x0, 0x0, 0x0, 0x0, 0x0,
    0x0, 0x0, 0x0, 0x0, 0x0, 0x0, 0xef, 0xff,
    0xff, 0xff, 0xff, 0xff, 0xff, 0xff, 0xf7, 0xef,
    0xff, 0xff, 0xff, 0xff, 0xff, 0xff, 0xff, 0xf8,
    0x77, 0x77, 0x77, 0x77, 0x77, 0x77, 0x77, 0x77,
    0x74,

    /* U+4E0D "不" */
    0x4, 0x88, 0x88, 0x88, 0x88, 0x88, 0x88, 0x88,
    0x88, 0x70, 0x8, 0xff, 0xff, 0xff, 0xff, 0xff,
    0xff, 0xff, 0xff, 0xe0, 0x7, 0xff, 0xff, 0xff,
    0xff, 0xff, 0xff, 0xff, 0xff, 0xe0, 0x0, 0x0,
    0x0, 0x0, 0xd, 0xff, 0x50, 0x0, 0x0, 0x0,
    0x0, 0x0, 0x0, 0x0, 0x8f, 0xfb, 0x0, 0x0,
    0x0, 0x0, 0x0, 0x0, 0x0, 0x5, 0xff, 0xf8,
    0x11, 0x0, 0x0, 0x0, 0x0, 0x0, 0x0, 0x4f,
    0xff, 0xfa, 0xde, 0x30, 0x0, 0x0, 0x0, 0x0,
    0x4, 0xff, 0xff, 0xfd, 0xff, 0xf7, 0x0, 0x0,
    0x0, 0x0, 0x6f, 0xff, 0xaf, 0xf8, 0x5f, 0xff,
    0xb0, 0x0, 0x0, 0x1a, 0xff, 0xf8, 0x1f, 0xf8,
    0x3, 0xef, 0xfd, 0x10, 0x6, 0xef, 0xff, 0x60,
    0x1f, 0xf8, 0x0, 0x1c, 0xff, 0xe2, 0xa, 0xff,
    0xe3, 0x0, 0x1f, 0xf8, 0x0, 0x0, 0xcf, 0xf4,
    0x0, 0xd8, 0x0, 0x0, 0x1f, 0xf8, 0x0, 0x0,
    0xb, 0x40, 0x0, 0x0, 0x0, 0x0, 0x1f, 0xf8,
    0x0, 0x0, 0x0, 0x0, 0x0, 0x0, 0x0, 0x0,
    0x1f, 0xf8, 0x0, 0x0, 0x0, 0x0, 0x0, 0x0,
    0x0, 0x0, 0x1f, 0xf8, 0x0, 0x0, 0x0, 0x0,
    0x0, 0x0, 0x0, 0x0, 0x1f, 0xf8, 0x0, 0x0,
    0x0, 0x0, 0x0, 0x0, 0x0, 0x0, 0x1f, 0xf8,
    0x0, 0x0, 0x0, 0x0,

    /* U+4E13 "专" */
    0x0, 0x0, 0x0, 0x0, 0x0, 0x0, 0x0, 0x0,
    0x0, 0x0, 0x0, 0x0, 0x3f, 0xe4, 0x0, 0x0,
    0x0, 0x0, 0x0, 0x22, 0x22, 0x8f, 0xf4, 0x22,
    0x22, 0x22, 0x10, 0x5, 0xff, 0xff, 0xff, 0xff,
    0xff, 0xff, 0xff, 0x60, 0x5, 0xff, 0xff, 0xff,
    0xff, 0xff, 0xff, 0xff, 0x60, 0x0, 0x22, 0x26,
    0xff, 0x62, 0x22, 0x22, 0x22, 0x0, 0x22, 0x22,
    0x29, 0xff, 0x32, 0x22, 0x22, 0x22, 0x22, 0xff,
    0xff, 0xff, 0xff, 0xff, 0xff, 0xff, 0xff, 0xfd,
    0xff, 0xff, 0xff, 0xff, 0xff, 0xff, 0xff, 0xff,
    0xfd, 0x22, 0x22, 0x8f, 0xf4, 0x22, 0x22, 0x22,
    0x22, 0x21, 0x0, 0x0, 0xbf, 0xe3, 0x33, 0x33,
    0x33, 0x31, 0x0, 0x0, 0x0, 0xff, 0xff, 0xff,
    0xff, 0xff, 0xff, 0x70, 0x0, 0x5, 0xff, 0xff,
    0xff, 0xff, 0xff, 0xff, 0x40, 0x0, 0x0, 0x1,
    0x0, 0x0, 0x3, 0xff, 0xf4, 0x0, 0x0, 0x0,
    0x7, 0x30, 0x0, 0x3e, 0xff, 0x40, 0x0, 0x0,
    0x0, 0x8f, 0xfe, 0xa6, 0xff, 0xf4, 0x0, 0x0,
    0x0, 0x0, 0x6b, 0xff, 0xff, 0xff, 0x80, 0x0,
    0x0, 0x0, 0x0, 0x0, 0x6, 0xbf, 0xff, 0xfd,
    0x60, 0x0, 0x0, 0x0, 0x0, 0x0, 0x1, 0x7e,
    0xff, 0x70, 0x0, 0x0, 0x0, 0x0, 0x0, 0x0,
    0x0, 0x5a, 0x0, 0x0,

    /* U+4E1A "业" */
    0x0, 0x0, 0x0, 0xef, 0x80, 0xe, 0xf8, 0x0,
    0x0, 0x0, 0x0, 0x0, 0xe, 0xf8, 0x0, 0xef,
    0x80, 0x0, 0x0, 0x0, 0x0, 0x0, 0xef, 0x80,
    0xe, 0xf8, 0x0, 0x0, 0x0, 0x0, 0x0, 0xe,
    0xf8, 0x0, 0xef, 0x80, 0x0, 0x0, 0x6, 0xc8,
    0x0, 0xef, 0x80, 0xe, 0xf8, 0x0, 0xa7, 0x0,
    0x8f, 0xe0, 0xe, 0xf8, 0x0, 0xef, 0x80, 0x1f,
    0xf6, 0x3, 0xff, 0x40, 0xef, 0x80, 0xe, 0xf8,
    0x6, 0xff, 0x10, 0xd, 0xfa, 0xe, 0xf8, 0x0,
    0xef, 0x80, 0xdf, 0xa0, 0x0, 0x8f, 0xf0, 0xef,
    0x80, 0xe, 0xf8, 0x3f, 0xf3, 0x0, 0x3, 0xff,
    0x5e, 0xf8, 0x0, 0xef, 0x8a, 0xfc, 0x0, 0x0,
    0xe, 0xfb, 0xef, 0x80, 0xe, 0xfb, 0xff, 0x50,
    0x0, 0x0, 0xae, 0x8e, 0xf8, 0x0, 0xef, 0xce,
    0xd0, 0x0, 0x0, 0x1, 0x0, 0xef, 0x80, 0xe,
    0xf8, 0x2, 0x0, 0x0, 0x0, 0x0, 0xe, 0xf8,
    0x0, 0xef, 0x80, 0x0, 0x0, 0x0, 0x0, 0x0,
    0xef, 0x80, 0xe, 0xf8, 0x0, 0x0, 0x1, 0xcc,
    0xcc, 0xcf, 0xfe, 0xcc, 0xff, 0xec, 0xcc, 0xc9,
    0x2f, 0xff, 0xff, 0xff, 0xff, 0xff, 0xff, 0xff,
    0xff, 0xc1, 0xaa, 0xaa, 0xaa, 0xaa, 0xaa, 0xaa,
    0xaa, 0xaa, 0xa7,

    /* U+4E2D "中" */
    0x0, 0x0, 0x0, 0x7, 0xff, 0x10, 0x0, 0x0,
    0x0, 0x0, 0x0, 0x0, 0x7, 0xff, 0x10, 0x0,
    0x0, 0x0, 0x0, 0x0, 0x0, 0x7, 0xff, 0x10,
    0x0, 0x0, 0x0, 0x16, 0x66, 0x66, 0x6a, 0xff,
    0x76, 0x66, 0x66, 0x61, 0x3f, 0xff, 0xff, 0xff,
    0xff, 0xff, 0xff, 0xff, 0xf4, 0x3f, 0xff, 0xff,
    0xff, 0xff, 0xff, 0xff, 0xff, 0xf4, 0x3f, 0xf2,
    0x0, 0x7, 0xff, 0x10, 0x0, 0x3f, 0xf4, 0x3f,
    0xf2, 0x0, 0x7, 0xff, 0x10, 0x0, 0x3f, 0xf4,
    0x3f, 0xf2, 0x0, 0x7, 0xff, 0x10, 0x0, 0x3f,
    0xf4, 0x3f, 0xf2, 0x0, 0x7, 0xff, 0x10, 0x0,
    0x3f, 0xf4, 0x3f, 0xff, 0xff, 0xff, 0xff, 0xff,
    0xff, 0xff, 0xf4, 0x3f, 0xff, 0xff, 0xff, 0xff,
    0xff, 0xff, 0xff, 0xf4, 0x3f, 0xf8, 0x66, 0x6a,
    0xff, 0x76, 0x66, 0x8f, 0xf4, 0x18, 0x81, 0x0,
    0x7, 0xff, 0x10, 0x0, 0x16, 0x61, 0x0, 0x0,
    0x0, 0x7, 0xff, 0x10, 0x0, 0x0, 0x0, 0x0,
    0x0, 0x0, 0x7, 0xff, 0x10, 0x0, 0x0, 0x0,
    0x0, 0x0, 0x0, 0x7, 0xff, 0x10, 0x0, 0x0,
    0x0, 0x0, 0x0, 0x0, 0x7, 0xff, 0x10, 0x0,
    0x0, 0x0, 0x0, 0x0, 0x0, 0x7, 0xff, 0x10,
    0x0, 0x0, 0x0,

    /* U+4E50 "乐" */
    0x0, 0x0, 0x0, 0x0, 0x0, 0x0, 0x0, 0x0,
    0x0, 0x0, 0x0, 0x0, 0x0, 0x0, 0x13, 0x45,
    0x79, 0xbe, 0xd0, 0x0, 0x0, 0xe, 0xff, 0xff,
    0xff, 0xff, 0xff, 0xff, 0xf6, 0x0, 0x0, 0xf,
    0xff, 0xff, 0xff, 0xfe, 0xdb, 0x97, 0x41, 0x0,
    0x0, 0xf, 0xf8, 0x32, 0x21, 0x0, 0x0, 0x0,
    0x0, 0x0, 0x0, 0x2f, 0xf4, 0x0, 0xa, 0xb6,
    0x0, 0x0, 0x0, 0x0, 0x0, 0x4f, 0xf1, 0x0,
    0xe, 0xf9, 0x0, 0x0, 0x0, 0x0, 0x0, 0x7f,
    0xe0, 0x0, 0xe, 0xf9, 0x0, 0x0, 0x0, 0x0,
    0x0, 0xbf, 0xd3, 0x33, 0x3f, 0xfa, 0x33, 0x33,
    0x33, 0x10, 0x1, 0xff, 0xff, 0xff, 0xff, 0xff,
    0xff, 0xff, 0xff, 0x60, 0x0, 0xcf, 0xff, 0xff,
    0xff, 0xff, 0xff, 0xff, 0xff, 0x60, 0x0, 0x34,
    0x33, 0x33, 0x3f, 0xfa, 0x33, 0x33, 0x33, 0x10,
    0x0, 0x0, 0x62, 0x0, 0xe, 0xf9, 0x0, 0x15,
    0x0, 0x0, 0x0, 0x5, 0xff, 0x50, 0xe, 0xf9,
    0x4, 0xff, 0x50, 0x0, 0x0, 0x1e, 0xfd, 0x0,
    0xe, 0xf9, 0x0, 0xbf, 0xf2, 0x0, 0x0, 0xbf,
    0xf3, 0x0, 0xe, 0xf9, 0x0, 0x1e, 0xfc, 0x0,
    0x9, 0xff, 0x80, 0x0, 0xe, 0xf9, 0x0, 0x5,
    0xff, 0x80, 0x2e, 0xfc, 0x0, 0x67, 0x7f, 0xf8,
    0x0, 0x0, 0xcf, 0xf1, 0x1, 0x91, 0x0, 0xaf,
    0xff, 0xf5, 0x0, 0x0, 0x39, 0x20, 0x0, 0x0,
    0x0, 0x5f, 0xfd, 0x70, 0x0, 0x0, 0x0, 0x0,

    /* U+4E60 "习" */
    0x1f, 0xff, 0xff, 0xff, 0xff, 0xff, 0xff, 0xff,
    0xe1, 0xff, 0xff, 0xff, 0xff, 0xff, 0xff, 0xff,
    0xfe, 0x5, 0x55, 0x55, 0x55, 0x55, 0x55, 0x55,
    0xbf, 0xe0, 0x0, 0x5, 0x20, 0x0, 0x0, 0x0,
    0x9, 0xfe, 0x0, 0x5, 0xff, 0x50, 0x0, 0x0,
    0x0, 0x9f, 0xd0, 0x0, 0x4f, 0xff, 0x80, 0x0,
    0x0, 0x9, 0xfd, 0x0, 0x0, 0x2d, 0xff, 0xc1,
    0x0, 0x0, 0x9f, 0xd0, 0x0, 0x0, 0x1c, 0xff,
    0x80, 0x0, 0xa, 0xfc, 0x0, 0x0, 0x0, 0xa,
    0xb0, 0x0, 0x0, 0xaf, 0xc0, 0x0, 0x0, 0x0,
    0x0, 0x4, 0xa7, 0xb, 0xfc, 0x0, 0x0, 0x0,
    0x3, 0x8e, 0xff, 0xa0, 0xbf, 0xb0, 0x0, 0x2,
    0x7d, 0xff, 0xff, 0xd6, 0xc, 0xfa, 0x2, 0x7c,
    0xff, 0xff, 0xfa, 0x40, 0x0, 0xdf, 0x94, 0xff,
    0xff, 0xfc, 0x61, 0x0, 0x0, 0xf, 0xf8, 0xf,
    0xfe, 0x82, 0x0, 0x0, 0x0, 0x1, 0xff, 0x60,
    0x64, 0x0, 0x0, 0x0, 0x33, 0x33, 0x9f, 0xf3,
    0x0, 0x0, 0x0, 0x0, 0x5, 0xff, 0xff, 0xfc,
    0x0, 0x0, 0x0, 0x0, 0x0, 0xf, 0xff, 0xfa,
    0x10, 0x0, 0x0, 0x0, 0x0, 0x0, 0x0, 0x0,
    0x0, 0x0,

    /* U+4E86 "了" */
    0x6, 0x66, 0x66, 0x66, 0x66, 0x66, 0x66, 0x76,
    0x0, 0xf, 0xff, 0xff, 0xff, 0xff, 0xff, 0xff,
    0xff, 0xb1, 0xf, 0xff, 0xff, 0xff, 0xff, 0xff,
    0xff, 0xff, 0xb0, 0x0, 0x0, 0x0, 0x0, 0x0,
    0x3, 0xef, 0xfa, 0x0, 0x0, 0x0, 0x0, 0x0,
    0x0, 0x6f, 0xff, 0x80, 0x0, 0x0, 0x0, 0x0,
    0x0, 0x2b, 0xff, 0xf5, 0x0, 0x0, 0x0, 0x0,
    0x0, 0x1, 0xff, 0xfc, 0x20, 0x0, 0x0, 0x0,
    0x0, 0x0, 0x1, 0xff, 0x90, 0x0, 0x0, 0x0,
    0x0, 0x0, 0x0, 0x1, 0xff, 0x70, 0x0, 0x0,
    0x0, 0x0, 0x0, 0x0, 0x1, 0xff, 0x70, 0x0,
    0x0, 0x0, 0x0, 0x0, 0x0, 0x1, 0xff, 0x70,
    0x0, 0x0, 0x0, 0x0, 0x0, 0x0, 0x1, 0xff,
    0x70, 0x0, 0x0, 0x0, 0x0, 0x0, 0x0, 0x1,
    0xff, 0x70, 0x0, 0x0, 0x0, 0x0, 0x0, 0x0,
    0x1, 0xff, 0x70, 0x0, 0x0, 0x0, 0x0, 0x0,
    0x0, 0x1, 0xff, 0x70, 0x0, 0x0, 0x0, 0x0,
    0x0, 0x66, 0x67, 0xff, 0x60, 0x0, 0x0, 0x0,
    0x0, 0x0, 0xbf, 0xff, 0xff, 0x30, 0x0, 0x0,
    0x0, 0x0, 0x0, 0x5f, 0xfe, 0xb6, 0x0, 0x0,
    0x0, 0x0,

    /* U+4E8C "二" */
    0x0, 0x0, 0x0, 0x0, 0x0, 0x0, 0x0, 0x0,
    0x0, 0x3, 0xff, 0xff, 0xff, 0xff, 0xff, 0xff,
    0xff, 0x40, 0x3, 0xff, 0xff, 0xff, 0xff, 0xff,
    0xff, 0xff, 0x40, 0x2, 0x99, 0x99, 0x99, 0x99,
    0x99, 0x99, 0x99, 0x20, 0x0, 0x0, 0x0, 0x0,
    0x0, 0x0, 0x0, 0x0, 0x0, 0x0, 0x0, 0x0,
    0x0, 0x0, 0x0, 0x0, 0x0, 0x0, 0x0, 0x0,
    0x0, 0x0, 0x0, 0x0, 0x0, 0x0, 0x0, 0x0,
    0x0, 0x0, 0x0, 0x0, 0x0, 0x0, 0x0, 0x0,
    0x0, 0x0, 0x0, 0x0, 0x0, 0x0, 0x0, 0x0,
    0x0, 0x0, 0x0, 0x0, 0x0, 0x0, 0x0, 0x0,
    0x0, 0x0, 0x0, 0x0, 0x0, 0x0, 0x0, 0x0,
    0x0, 0x0, 0x0, 0x0, 0x0, 0x0, 0x0, 0x0,
    0x0, 0x0, 0x0, 0x0, 0xab, 0xbb, 0xbb, 0xbb,
    0xbb, 0xbb, 0xbb, 0xbb, 0xba, 0xef, 0xff, 0xff,
    0xff, 0xff, 0xff, 0xff, 0xff, 0xff, 0xef, 0xff,
    0xff, 0xff, 0xff, 0xff, 0xff, 0xff, 0xff, 0x0,
    0x0, 0x0, 0x0, 0x0, 0x0, 0x0, 0x0, 0x0,

    /* U+4E91 "云" */
    0x0, 0x6, 0x88, 0x88, 0x88, 0x88, 0x88, 0x88,
    0x80, 0x0, 0x0, 0xc, 0xff, 0xff, 0xff, 0xff,
    0xff, 0xff, 0xf0, 0x0, 0x0, 0xb, 0xff, 0xff,
    0xff, 0xff, 0xff, 0xff, 0xf0, 0x0, 0x0, 0x0,
    0x0, 0x0, 0x0, 0x0, 0x0, 0x0, 0x0, 0x0,
    0x0, 0x0, 0x0, 0x0, 0x0, 0x0, 0x0, 0x0,
    0x0, 0x0, 0x1, 0x11, 0x11, 0x11, 0x11, 0x11,
    0x11, 0x11, 0x11, 0x10, 0xf, 0xff, 0xff, 0xff,
    0xff, 0xff, 0xff, 0xff, 0xff, 0xf1, 0xf, 0xff,
    0xff, 0xff, 0xff, 0xff, 0xff, 0xff, 0xff, 0xf1,
    0x6, 0x66, 0x66, 0xdf, 0xfd, 0x66, 0x66, 0x66,
    0x66, 0x60, 0x0, 0x0, 0x3, 0xff, 0xf3, 0x0,
    0x1, 0x20, 0x0, 0x0, 0x0, 0x0, 0xc, 0xff,
    0x80, 0x0, 0x8f, 0xd0, 0x0, 0x0, 0x0, 0x0,
    0x7f, 0xfc, 0x0, 0x0, 0x7f, 0xf9, 0x0, 0x0,
    0x0, 0x3, 0xff, 0xf2, 0x0, 0x0, 0xc, 0xff,
    0x40, 0x0, 0x0, 0x2e, 0xff, 0x51, 0x23, 0x45,
    0x69, 0xff, 0xe0, 0x0, 0x1, 0xef, 0xff, 0xff,
    0xff, 0xff, 0xff, 0xff, 0xf9, 0x0, 0x0, 0xdf,
    0xff, 0xff, 0xff, 0xff, 0xff, 0xef, 0xff, 0x30,
    0x0, 0x8d, 0xb9, 0x87, 0x54, 0x31, 0x0, 0x4,
    0xff, 0x80, 0x0, 0x0, 0x0, 0x0, 0x0, 0x0,
    0x0, 0x0, 0xa4, 0x0,

    /* U+4E94 "五" */
    0x4, 0x55, 0x55, 0x55, 0x55, 0x55, 0x55, 0x55,
    0x30, 0x0, 0xcf, 0xff, 0xff, 0xff, 0xff, 0xff,
    0xff, 0xfb, 0x0, 0xc, 0xff, 0xff, 0xff, 0xff,
    0xff, 0xff, 0xff, 0xb0, 0x0, 0x0, 0x0, 0x7,
    0xff, 0x40, 0x0, 0x0, 0x0, 0x0, 0x0, 0x0,
    0x0, 0x9f, 0xf1, 0x0, 0x0, 0x0, 0x0, 0x0,
    0x0, 0x0, 0xb, 0xfe, 0x0, 0x0, 0x0, 0x0,
    0x0, 0x0, 0x35, 0x55, 0xef, 0xd5, 0x55, 0x76,
    0x40, 0x0, 0x0, 0xa, 0xff, 0xff, 0xff, 0xff,
    0xff, 0xfb, 0x0, 0x0, 0x0, 0xaf, 0xff, 0xff,
    0xff, 0xff, 0xff, 0xa0, 0x0, 0x0, 0x0, 0x0,
    0x5f, 0xf4, 0x0, 0xf, 0xf9, 0x0, 0x0, 0x0,
    0x0, 0x8, 0xff, 0x10, 0x0, 0xff, 0x80, 0x0,
    0x0, 0x0, 0x0, 0xbf, 0xf0, 0x0, 0x2f, 0xf7,
    0x0, 0x0, 0x0, 0x0, 0xe, 0xfc, 0x0, 0x3,
    0xff, 0x50, 0x0, 0x0, 0x0, 0x1, 0xff, 0x90,
    0x0, 0x5f, 0xf3, 0x0, 0x0, 0x88, 0x88, 0xaf,
    0xfc, 0x88, 0x8b, 0xff, 0xa8, 0x88, 0xe, 0xff,
    0xff, 0xff, 0xff, 0xff, 0xff, 0xff, 0xff, 0xf0,
    0xcd, 0xdd, 0xdd, 0xdd, 0xdd, 0xdd, 0xdd, 0xdd,
    0xdd, 0x0,

    /* U+4ECA "今" */
    0x0, 0x0, 0x0, 0x0, 0x1, 0x0, 0x0, 0x0,
    0x0, 0x0, 0x0, 0x0, 0x0, 0x0, 0xd, 0xc5,
    0x0, 0x0, 0x0, 0x0, 0x0, 0x0, 0x0, 0x0,
    0xaf, 0xfd, 0x0, 0x0, 0x0, 0x0, 0x0, 0x0,
    0x0, 0x9, 0xff, 0xff, 0xa0, 0x0, 0x0, 0x0,
    0x0, 0x0, 0x0, 0xbf, 0xfd, 0xaf, 0xfc, 0x20,
    0x0, 0x0, 0x0, 0x0, 0x3d, 0xff, 0xd2, 0x9,
    0xff, 0xf6, 0x0, 0x0, 0x0, 0x8, 0xff, 0xfc,
    0x36, 0x0, 0x7f, 0xff, 0xc3, 0x0, 0x7, 0xef,
    0xff, 0x92, 0xdf, 0xb1, 0x4, 0xef, 0xff, 0xb2,
    0x1d, 0xff, 0xe5, 0x0, 0x8f, 0xfe, 0x30, 0x1b,
    0xff, 0xc0, 0x2, 0xf9, 0x10, 0x0, 0x5, 0xff,
    0xd0, 0x0, 0x5c, 0x10, 0x0, 0x4, 0x44, 0x44,
    0x44, 0x8f, 0x74, 0x45, 0x10, 0x0, 0x0, 0xe,
    0xff, 0xff, 0xff, 0xff, 0xff, 0xff, 0xf6, 0x0,
    0x0, 0xe, 0xff, 0xff, 0xff, 0xff, 0xff, 0xff,
    0xe1, 0x0, 0x0, 0x2, 0x22, 0x22, 0x22, 0x22,
    0x3e, 0xff, 0x40, 0x0, 0x0, 0x0, 0x0, 0x0,
    0x0, 0x0, 0xaf, 0xf8, 0x0, 0x0, 0x0, 0x0,
    0x0, 0x0, 0x0, 0x7, 0xff, 0xc0, 0x0, 0x0,
    0x0, 0x0, 0x0, 0x0, 0x0, 0x5f, 0xfe, 0x10,
    0x0, 0x0, 0x0, 0x0, 0x0, 0x0, 0x2, 0xff,
    0xf3, 0x0, 0x0, 0x0, 0x0, 0x0, 0x0, 0x0,
    0xd, 0xff, 0x60, 0x0, 0x0, 0x0, 0x0, 0x0,
    0x0, 0x0, 0x1, 0x89, 0x0, 0x0, 0x0, 0x0,

    /* U+4F11 "休" */
    0x0, 0x0, 0x0, 0x0, 0x0, 0x0, 0x0, 0x0,
    0x0, 0x0, 0x0, 0x0, 0xf, 0xc5, 0x0, 0x7,
    0xfe, 0x0, 0x0, 0x0, 0x0, 0x0, 0x7f, 0xf5,
    0x0, 0x7, 0xfe, 0x0, 0x0, 0x0, 0x0, 0x0,
    0xef, 0xd0, 0x0, 0x7, 0xfe, 0x0, 0x0, 0x0,
    0x0, 0x8, 0xff, 0x50, 0x0, 0x7, 0xfe, 0x0,
    0x0, 0x0, 0x0, 0x3f, 0xfd, 0x12, 0x22, 0x28,
    0xff, 0x22, 0x22, 0x20, 0x0, 0xdf, 0xf7, 0x9f,
    0xff, 0xff, 0xff, 0xff, 0xff, 0xf2, 0xa, 0xff,
    0xf7, 0x9f, 0xff, 0xff, 0xff, 0xff, 0xff, 0xf2,
    0x9f, 0xff, 0xf7, 0x13, 0x33, 0xbf, 0xff, 0xf5,
    0x33, 0x30, 0x8f, 0xff, 0xf7, 0x0, 0x1, 0xff,
    0xff, 0xf8, 0x0, 0x0, 0x1e, 0x5e, 0xf7, 0x0,
    0x9, 0xff, 0xff, 0xff, 0x10, 0x0, 0x2, 0xe,
    0xf7, 0x0, 0x2f, 0xff, 0xfe, 0xdf, 0x80, 0x0,
    0x0, 0xe, 0xf7, 0x0, 0xcf, 0xf8, 0xfe, 0x6f,
    0xf3, 0x0, 0x0, 0xe, 0xf7, 0x8, 0xff, 0x77,
    0xfe, 0xd, 0xfd, 0x0, 0x0, 0xe, 0xf7, 0x6f,
    0xfd, 0x7, 0xfe, 0x5, 0xff, 0xa0, 0x0, 0xe,
    0xfc, 0xff, 0xf3, 0x7, 0xfe, 0x0, 0xbf, 0xf7,
    0x0, 0xe, 0xf8, 0xcf, 0x60, 0x7, 0xfe, 0x0,
    0x1e, 0xc0, 0x0, 0xe, 0xf7, 0x6, 0x0, 0x7,
    0xfe, 0x0, 0x2, 0x10, 0x0, 0xe, 0xf7, 0x0,
    0x0, 0x7, 0xfe, 0x0, 0x0, 0x0, 0x0, 0xe,
    0xf7, 0x0, 0x0, 0x7, 0xfe, 0x0, 0x0, 0x0,

    /* U+4F1A "会" */
    0x0, 0x0, 0x0, 0x0, 0x0, 0x0, 0x0, 0x0,
    0x0, 0x0, 0x0, 0x0, 0x0, 0x0, 0x6, 0xe6,
    0x0, 0x0, 0x0, 0x0, 0x0, 0x0, 0x0, 0x0,
    0x6f, 0xfd, 0x0, 0x0, 0x0, 0x0, 0x0, 0x0,
    0x0, 0x8, 0xff, 0xff, 0x80, 0x0, 0x0, 0x0,
    0x0, 0x0, 0x1, 0xbf, 0xfd, 0x9f, 0xfc, 0x30,
    0x0, 0x0, 0x0, 0x0, 0x7f, 0xff, 0xc1, 0x6,
    0xff, 0xf9, 0x20, 0x0, 0x0, 0x6d, 0xff, 0xf9,
    0x0, 0x0, 0x3d, 0xff, 0xfa, 0x30, 0xd, 0xff,
    0xff, 0xff, 0xff, 0xff, 0xff, 0xff, 0xff, 0xf5,
    0x4, 0xff, 0x78, 0xff, 0xff, 0xff, 0xff, 0xe2,
    0x9f, 0x80, 0x0, 0x40, 0x1, 0x33, 0x33, 0x33,
    0x33, 0x30, 0x1, 0x0, 0x0, 0x11, 0x11, 0x11,
    0x11, 0x11, 0x11, 0x11, 0x11, 0x0, 0x1, 0xff,
    0xff, 0xff, 0xff, 0xff, 0xff, 0xff, 0xff, 0x80,
    0x1, 0xff, 0xff, 0xff, 0xff, 0xff, 0xff, 0xff,
    0xff, 0x80, 0x0, 0x44, 0x44, 0xaf, 0xfd, 0x44,
    0x48, 0xa4, 0x44, 0x20, 0x0, 0x0, 0x5, 0xff,
    0xe2, 0x0, 0x7f, 0xf8, 0x0, 0x0, 0x0, 0x0,
    0x5f, 0xfe, 0x20, 0x0, 0xa, 0xff, 0x70, 0x0,
    0x0, 0x7, 0xff, 0xf9, 0x89, 0xab, 0xbd, 0xff,
    0xf5, 0x0, 0x0, 0x4f, 0xff, 0xff, 0xff, 0xff,
    0xff, 0xff, 0xff, 0x20, 0x0, 0xe, 0xff, 0xfd,
    0xcb, 0xa9, 0x76, 0x55, 0xff, 0x70, 0x0, 0x4,
    0x20, 0x0, 0x0, 0x0, 0x0, 0x0, 0x73, 0x0,

    /* U+4F53 "体" */
    0x0, 0x0, 0xc9, 0x20, 0x0, 0xe, 0xf7, 0x0,
    0x0, 0x0, 0x0, 0x3, 0xff, 0x30, 0x0, 0xe,
    0xf7, 0x0, 0x0, 0x0, 0x0, 0xa, 0xfd, 0x0,
    0x0, 0xe, 0xf7, 0x0, 0x0, 0x0, 0x0, 0x2f,
    0xf6, 0x55, 0x55, 0x5f, 0xfa, 0x55, 0x55, 0x50,
    0x0, 0x9f, 0xf1, 0xff, 0xff, 0xff, 0xff, 0xff,
    0xff, 0xf0, 0x3, 0xff, 0xf1, 0xff, 0xff, 0xff,
    0xff, 0xff, 0xff, 0xf0, 0xd, 0xff, 0xf1, 0x0,
    0x2, 0xff, 0xff, 0xd0, 0x0, 0x0, 0x8f, 0xff,
    0xf1, 0x0, 0x9, 0xff, 0xff, 0xf4, 0x0, 0x0,
    0x3f, 0xdf, 0xf1, 0x0, 0x1f, 0xff, 0xfc, 0xfc,
    0x0, 0x0, 0x9, 0x4f, 0xf1, 0x0, 0x9f, 0x9e,
    0xf7, 0xef, 0x50, 0x0, 0x0, 0x3f, 0xf1, 0x2,
    0xff, 0x2e, 0xf7, 0x8f, 0xe0, 0x0, 0x0, 0x3f,
    0xf1, 0xc, 0xfa, 0xe, 0xf7, 0x1f, 0xf9, 0x0,
    0x0, 0x3f, 0xf1, 0x9f, 0xf1, 0xe, 0xf7, 0x7,
    0xff, 0x60, 0x0, 0x3f, 0xf9, 0xff, 0xef, 0xff,
    0xff, 0xff, 0xef, 0xf3, 0x0, 0x3f, 0xf5, 0xfb,
    0x8f, 0xff, 0xff, 0xff, 0x5f, 0xa0, 0x0, 0x3f,
    0xf1, 0x50, 0x13, 0x3e, 0xf8, 0x33, 0x4, 0x0,
    0x0, 0x3f, 0xf1, 0x0, 0x0, 0xe, 0xf7, 0x0,
    0x0, 0x0, 0x0, 0x3f, 0xf1, 0x0, 0x0, 0xe,
    0xf7, 0x0, 0x0, 0x0, 0x0, 0x3f, 0xf1, 0x0,
    0x0, 0xc, 0xe6, 0x0, 0x0, 0x0,

    /* U+4F5C "作" */
    0x0, 0x0, 0x1c, 0x71, 0x0, 0x88, 0x30, 0x0,
    0x0, 0x0, 0x0, 0x0, 0x8f, 0xf2, 0x1, 0xff,
    0x80, 0x0, 0x0, 0x0, 0x0, 0x0, 0xef, 0xb0,
    0x7, 0xff, 0x20, 0x0, 0x0, 0x0, 0x0, 0x8,
    0xff, 0x30, 0xe, 0xff, 0xbb, 0xbb, 0xbb, 0xb7,
    0x0, 0x2f, 0xfb, 0x0, 0x7f, 0xff, 0xff, 0xff,
    0xff, 0xfa, 0x0, 0xbf, 0xf7, 0x2, 0xff, 0xdc,
    0xff, 0x99, 0x99, 0x95, 0x7, 0xff, 0xf6, 0xc,
    0xff, 0x28, 0xfe, 0x0, 0x0, 0x0, 0x4f, 0xff,
    0xf6, 0x9f, 0xf8, 0x8, 0xff, 0x44, 0x44, 0x40,
    0x1f, 0xff, 0xf6, 0x3e, 0xc0, 0x8, 0xff, 0xff,
    0xff, 0xf2, 0x9, 0x6f, 0xf6, 0x2, 0x10, 0x8,
    0xff, 0xff, 0xff, 0xf1, 0x0, 0xf, 0xf6, 0x0,
    0x0, 0x8, 0xfe, 0x0, 0x0, 0x0, 0x0, 0xf,
    0xf6, 0x0, 0x0, 0x8, 0xfe, 0x0, 0x0, 0x0,
    0x0, 0xf, 0xf6, 0x0, 0x0, 0x8, 0xff, 0xff,
    0xff, 0xf5, 0x0, 0xf, 0xf6, 0x0, 0x0, 0x8,
    0xff, 0xff, 0xff, 0xf6, 0x0, 0xf, 0xf6, 0x0,
    0x0, 0x8, 0xff, 0x44, 0x44, 0x41, 0x0, 0xf,
    0xf6, 0x0, 0x0, 0x8, 0xfe, 0x0, 0x0, 0x0,
    0x0, 0xf, 0xf6, 0x0, 0x0, 0x8, 0xfe, 0x0,
    0x0, 0x0, 0x0, 0xf, 0xf6, 0x0, 0x0, 0x8,
    0xfe, 0x0, 0x0, 0x0, 0x0, 0xf, 0xf6, 0x0,
    0x0, 0x8, 0xfe, 0x0, 0x0, 0x0,

    /* U+4FE1 "信" */
    0x0, 0x0, 0x0, 0x0, 0x0, 0x0, 0x0, 0x0,
    0x0, 0x0, 0x0, 0x0, 0x7b, 0x40, 0x0, 0x9,
    0xe2, 0x0, 0x0, 0x0, 0x0, 0x0, 0xef, 0x70,
    0x0, 0xc, 0xfc, 0x0, 0x0, 0x0, 0x0, 0x5,
    0xff, 0x10, 0x0, 0x4, 0xfe, 0x10, 0x0, 0x0,
    0x0, 0xd, 0xfa, 0xce, 0xee, 0xee, 0xfe, 0xee,
    0xee, 0xe1, 0x0, 0x6f, 0xf5, 0xef, 0xff, 0xff,
    0xff, 0xff, 0xff, 0xf1, 0x1, 0xef, 0xf4, 0x0,
    0x0, 0x0, 0x0, 0x0, 0x0, 0x0, 0xb, 0xff,
    0xf4, 0x4, 0xdd, 0xdd, 0xdd, 0xdd, 0xda, 0x0,
    0x6f, 0xff, 0xf4, 0x5, 0xff, 0xff, 0xff, 0xff,
    0xfb, 0x0, 0x1f, 0xce, 0xf4, 0x0, 0x0, 0x0,
    0x0, 0x0, 0x0, 0x0, 0x7, 0x1e, 0xf4, 0x5,
    0xff, 0xff, 0xff, 0xff, 0xfb, 0x0, 0x0, 0xe,
    0xf4, 0x5, 0xee, 0xee, 0xee, 0xee, 0xea, 0x0,
    0x0, 0xe, 0xf4, 0x0, 0x0, 0x0, 0x0, 0x0,
    0x0, 0x0, 0x0, 0xe, 0xf4, 0x9, 0xff, 0xff,
    0xff, 0xff, 0xff, 0x0, 0x0, 0xe, 0xf4, 0xa,
    0xff, 0xff, 0xff, 0xff, 0xff, 0x0, 0x0, 0xe,
    0xf4, 0xa, 0xf6, 0x0, 0x0, 0x2, 0xff, 0x0,
    0x0, 0xe, 0xf4, 0xa, 0xf6, 0x0, 0x0, 0x2,
    0xff, 0x0, 0x0, 0xe, 0xf4, 0xa, 0xff, 0xee,
    0xee, 0xee, 0xff, 0x0, 0x0, 0xe, 0xf4, 0xa,
    0xff, 0xff, 0xff, 0xff, 0xff, 0x0, 0x0, 0xe,
    0xf4, 0xa, 0xf7, 0x0, 0x0, 0x2, 0xff, 0x0,
    0x0, 0x2, 0x20, 0x0, 0x10, 0x0, 0x0, 0x0,
    0x0, 0x0,

    /* U+4FEE "修" */
    0x0, 0x0, 0x0, 0x0, 0x0, 0x0, 0x0, 0x0,
    0x0, 0x0, 0x0, 0x0, 0xb9, 0x20, 0x0, 0x1e,
    0xb2, 0x0, 0x0, 0x0, 0x0, 0x2, 0xff, 0x40,
    0x0, 0x7f, 0xe0, 0x0, 0x0, 0x0, 0x0, 0x8,
    0xfe, 0x0, 0x1, 0xff, 0xff, 0xff, 0xff, 0x70,
    0x0, 0xe, 0xf8, 0x0, 0xb, 0xff, 0xff, 0xff,
    0xff, 0x60, 0x0, 0x6f, 0xf2, 0x0, 0x8f, 0xff,
    0x40, 0x9, 0xfd, 0x0, 0x0, 0xef, 0xf0, 0x13,
    0xef, 0xbf, 0xf5, 0x9f, 0xf3, 0x0, 0x8, 0xff,
    0xf0, 0xff, 0x38, 0x6, 0xff, 0xff, 0x50, 0x0,
    0x3f, 0xff, 0xf0, 0xff, 0x0, 0x29, 0xff, 0xff,
    0x71, 0x0, 0x6f, 0xff, 0xf0, 0xff, 0x8d, 0xff,
    0xfa, 0xdf, 0xff, 0xc4, 0xe, 0xbf, 0xf0, 0xff,
    0xcf, 0xe9, 0x23, 0x46, 0xcf, 0xe0, 0x3, 0x5f,
    0xf0, 0xff, 0x34, 0x2, 0x9f, 0xf4, 0x2, 0x20,
    0x0, 0x5f, 0xf0, 0xff, 0x4, 0xcf, 0xfb, 0x24,
    0x50, 0x0, 0x0, 0x5f, 0xf0, 0xff, 0x0, 0xca,
    0x31, 0x9f, 0xf3, 0x0, 0x0, 0x5f, 0xf0, 0xff,
    0x0, 0x4, 0xaf, 0xfc, 0x23, 0x0, 0x0, 0x5f,
    0xf0, 0xff, 0x3, 0xff, 0xfc, 0x41, 0xaf, 0xd1,
    0x0, 0x5f, 0xf0, 0x9a, 0x0, 0x77, 0x21, 0x7e,
    0xff, 0x50, 0x0, 0x5f, 0xf0, 0x0, 0x1, 0x47,
    0xcf, 0xff, 0xb2, 0x0, 0x0, 0x5f, 0xf0, 0x0,
    0x4f, 0xff, 0xff, 0xa3, 0x0, 0x0, 0x0, 0x5f,
    0xf0, 0x0, 0xa, 0xc9, 0x50, 0x0, 0x0, 0x0,

    /* U+5019 "候" */
    0x0, 0x0, 0x87, 0x20, 0x0, 0x0, 0x0, 0x0,
    0x0, 0x0, 0x0, 0x0, 0x1f, 0xf5, 0x0, 0x9f,
    0xff, 0xff, 0xff, 0xb0, 0x0, 0x0, 0x7, 0xff,
    0x0, 0x8, 0xff, 0xff, 0xff, 0xfa, 0x0, 0x0,
    0x0, 0xdf, 0x90, 0x0, 0x0, 0x0, 0x0, 0xcf,
    0x80, 0x0, 0x0, 0x5f, 0xf3, 0xff, 0x59, 0x99,
    0x99, 0x9f, 0xfc, 0x95, 0x0, 0xd, 0xff, 0xf,
    0xf6, 0xff, 0xff, 0xff, 0xff, 0xff, 0x80, 0x7,
    0xff, 0xf0, 0xff, 0x56, 0xbd, 0x86, 0x66, 0x66,
    0x63, 0x3, 0xff, 0xff, 0xf, 0xf4, 0xd, 0xf6,
    0x11, 0x11, 0x11, 0x0, 0x1f, 0xff, 0xf0, 0xff,
    0x44, 0xff, 0xff, 0xff, 0xff, 0xb0, 0x0, 0xab,
    0xff, 0xf, 0xf4, 0xdf, 0xee, 0xff, 0xed, 0xd9,
    0x0, 0x1, 0x5f, 0xf0, 0xff, 0x9f, 0xd0, 0x3f,
    0xf2, 0x0, 0x0, 0x0, 0x5, 0xff, 0xf, 0xf4,
    0x96, 0x36, 0xff, 0x53, 0x33, 0x20, 0x0, 0x5f,
    0xf0, 0xff, 0x6f, 0xff, 0xff, 0xff, 0xff, 0xfa,
    0x0, 0x5, 0xff, 0xf, 0xf5, 0xcc, 0xce, 0xff,
    0xec, 0xcc, 0x70, 0x0, 0x5f, 0xf0, 0xcc, 0x30,
    0x0, 0xef, 0xfe, 0x10, 0x0, 0x0, 0x5, 0xff,
    0x0, 0x0, 0x1, 0xcf, 0xff, 0xfd, 0x20, 0x0,
    0x0, 0x5f, 0xf0, 0x0, 0x7, 0xef, 0xf5, 0x5f,
    0xff, 0xa4, 0x0, 0x5, 0xff, 0x0, 0xc, 0xff,
    0xe3, 0x0, 0x5f, 0xff, 0x60, 0x0, 0x5f, 0xf0,
    0x0, 0x2d, 0x70, 0x0, 0x0, 0x19, 0x90, 0x0,
    0x0, 0x0, 0x0, 0x0, 0x0, 0x0, 0x0, 0x0,
    0x0, 0x0,

    /* U+505C "停" */
    0x0, 0x0, 0x0, 0x0, 0x0, 0x0, 0x0, 0x0,
    0x0, 0x0, 0x0, 0x0, 0x68, 0x30, 0x0, 0x7,
    0xd9, 0x0, 0x0, 0x0, 0x0, 0x0, 0xdf, 0xb5,
    0x55, 0x5b, 0xff, 0x65, 0x55, 0x50, 0x0, 0x4,
    0xff, 0xaf, 0xff, 0xff, 0xff, 0xff, 0xff, 0xf1,
    0x0, 0xc, 0xfb, 0x49, 0x99, 0x99, 0x99, 0x99,
    0x99, 0x90, 0x0, 0x5f, 0xf3, 0x3, 0xaa, 0xaa,
    0xaa, 0xaa, 0xa7, 0x0, 0x1, 0xef, 0xf0, 0x4,
    0xff, 0xff, 0xff, 0xff, 0xfb, 0x0, 0xa, 0xff,
    0xe0, 0x4, 0xfe, 0x11, 0x11, 0x19, 0xfb, 0x0,
    0x5f, 0xff, 0xe0, 0x4, 0xff, 0xff, 0xff, 0xff,
    0xfb, 0x0, 0x1f, 0xff, 0xe0, 0x2, 0x77, 0x77,
    0x77, 0x77, 0x75, 0x0, 0x6, 0x6f, 0xe0, 0xcd,
    0xdd, 0xdd, 0xdd, 0xdd, 0xdd, 0xd3, 0x0, 0x4f,
    0xe0, 0xef, 0xff, 0xff, 0xff, 0xff, 0xff, 0xf4,
    0x0, 0x4f, 0xe0, 0xef, 0x20, 0x0, 0x0, 0x0,
    0xe, 0xf4, 0x0, 0x4f, 0xe0, 0xbd, 0xdd, 0xdd,
    0xdd, 0xdd, 0xdd, 0xd3, 0x0, 0x4f, 0xe0, 0x0,
    0xef, 0xff, 0xff, 0xff, 0xf2, 0x0, 0x0, 0x4f,
    0xe0, 0x0, 0x1, 0x17, 0xff, 0x11, 0x10, 0x0,
    0x0, 0x4f, 0xe0, 0x0, 0x0, 0x7, 0xff, 0x0,
    0x0, 0x0, 0x0, 0x4f, 0xe0, 0x0, 0x0, 0x7,
    0xff, 0x0, 0x0, 0x0, 0x0, 0x4f, 0xe0, 0x0,
    0x1f, 0xff, 0xfe, 0x0, 0x0, 0x0, 0x0, 0x4f,
    0xe0, 0x0, 0xb, 0xff, 0xd4, 0x0, 0x0, 0x0,
    0x0, 0x1, 0x10, 0x0, 0x0, 0x0, 0x0, 0x0,
    0x0, 0x0,

    /* U+5165 "入" */
    0x0, 0x0, 0x0, 0x56, 0x0, 0x0, 0x0, 0x0,
    0x0, 0x0, 0x0, 0x0, 0x2, 0xff, 0x80, 0x0,
    0x0, 0x0, 0x0, 0x0, 0x0, 0x0, 0x3, 0xef,
    0xf8, 0x0, 0x0, 0x0, 0x0, 0x0, 0x0, 0x0,
    0x0, 0x1d, 0xff, 0x50, 0x0, 0x0, 0x0, 0x0,
    0x0, 0x0, 0x0, 0x2, 0xef, 0xe1, 0x0, 0x0,
    0x0, 0x0, 0x0, 0x0, 0x0, 0x0, 0x8f, 0xfa,
    0x0, 0x0, 0x0, 0x0, 0x0, 0x0, 0x0, 0x0,
    0xcf, 0xff, 0x40, 0x0, 0x0, 0x0, 0x0, 0x0,
    0x0, 0x1, 0xff, 0xff, 0xd0, 0x0, 0x0, 0x0,
    0x0, 0x0, 0x0, 0x6, 0xff, 0xdf, 0xf6, 0x0,
    0x0, 0x0, 0x0, 0x0, 0x0, 0xc, 0xff, 0x2e,
    0xfe, 0x0, 0x0, 0x0, 0x0, 0x0, 0x0, 0x4f,
    0xfb, 0x6, 0xff, 0x80, 0x0, 0x0, 0x0, 0x0,
    0x0, 0xdf, 0xf3, 0x0, 0xdf, 0xf2, 0x0, 0x0,
    0x0, 0x0, 0x7, 0xff, 0xb0, 0x0, 0x4f, 0xfd,
    0x0, 0x0, 0x0, 0x0, 0x4f, 0xff, 0x20, 0x0,
    0xb, 0xff, 0xb0, 0x0, 0x0, 0x4, 0xff, 0xf6,
    0x0, 0x0, 0x1, 0xef, 0xfb, 0x0, 0x0, 0x8f,
    0xff, 0x80, 0x0, 0x0, 0x0, 0x4f, 0xff, 0xd2,
    0x1d, 0xff, 0xf9, 0x0, 0x0, 0x0, 0x0, 0x5,
    0xff, 0xf3, 0x4, 0xff, 0x60, 0x0, 0x0, 0x0,
    0x0, 0x0, 0x5f, 0xc0, 0x0, 0x32, 0x0, 0x0,
    0x0, 0x0, 0x0, 0x0, 0x1, 0x40,

    /* U+5168 "全" */
    0x0, 0x0, 0x0, 0x0, 0x1, 0x0, 0x0, 0x0,
    0x0, 0x0, 0x0, 0x0, 0x0, 0x0, 0xc, 0xe7,
    0x0, 0x0, 0x0, 0x0, 0x0, 0x0, 0x0, 0x0,
    0xaf, 0xfc, 0x0, 0x0, 0x0, 0x0, 0x0, 0x0,
    0x0, 0x9, 0xff, 0xff, 0xc1, 0x0, 0x0, 0x0,
    0x0, 0x0, 0x1, 0xbf, 0xf9, 0x5f, 0xfd, 0x20,
    0x0, 0x0, 0x0, 0x0, 0x3d, 0xff, 0x90, 0x4,
    0xff, 0xf7, 0x0, 0x0, 0x0, 0x19, 0xff, 0xf7,
    0x0, 0x0, 0x3e, 0xff, 0xd4, 0x0, 0x18, 0xff,
    0xfe, 0x40, 0x0, 0x0, 0x1, 0xbf, 0xff, 0xb4,
    0x1d, 0xff, 0xff, 0xee, 0xee, 0xee, 0xee, 0xef,
    0xff, 0xf6, 0x2, 0xb3, 0xff, 0xff, 0xff, 0xff,
    0xff, 0xff, 0x78, 0x90, 0x0, 0x0, 0x33, 0x33,
    0x4f, 0xf9, 0x33, 0x33, 0x10, 0x0, 0x0, 0x0,
    0x0, 0x0, 0x1f, 0xf7, 0x0, 0x0, 0x0, 0x0,
    0x0, 0x0, 0x12, 0x22, 0x3f, 0xf8, 0x22, 0x22,
    0x0, 0x0, 0x0, 0x0, 0xaf, 0xff, 0xff, 0xff,
    0xff, 0xff, 0x30, 0x0, 0x0, 0x0, 0xaf, 0xff,
    0xff, 0xff, 0xff, 0xff, 0x30, 0x0, 0x0, 0x0,
    0x0, 0x0, 0x1f, 0xf7, 0x0, 0x0, 0x0, 0x0,
    0x0, 0x0, 0x0, 0x0, 0x1f, 0xf7, 0x0, 0x0,
    0x0, 0x0, 0x4, 0xff, 0xff, 0xff, 0xff, 0xff,
    0xff, 0xff, 0xff, 0xc0, 0x4, 0xff, 0xff, 0xff,
    0xff, 0xff, 0xff, 0xff, 0xff, 0xd0, 0x4, 0xff,
    0xff, 0xff, 0xff, 0xff, 0xff, 0xff, 0xff, 0xd0,

    /* U+516D "六" */
    0x0, 0x0, 0x0, 0x0, 0x6b, 0x70, 0x0, 0x0,
    0x0, 0x0, 0x0, 0x0, 0x0, 0x0, 0xff, 0xe0,
    0x0, 0x0, 0x0, 0x0, 0x0, 0x0, 0x0, 0x0,
    0x8f, 0xf7, 0x0, 0x0, 0x0, 0x0, 0x0, 0x0,
    0x0, 0x0, 0x1f, 0xfe, 0x0, 0x0, 0x0, 0x0,
    0x0, 0x0, 0x0, 0x0, 0xb, 0xb5, 0x0, 0x0,
    0x0, 0x0, 0xf, 0xff, 0xff, 0xff, 0xff, 0xff,
    0xff, 0xff, 0xff, 0xf1, 0x1f, 0xff, 0xff, 0xff,
    0xff, 0xff, 0xff, 0xff, 0xff, 0xf2, 0x8, 0x88,
    0x88, 0x88, 0x88, 0x88, 0x88, 0x88, 0x88, 0x81,
    0x0, 0x0, 0x0, 0x0, 0x0, 0x0, 0x0, 0x0,
    0x0, 0x0, 0x0, 0x0, 0x4, 0x83, 0x0, 0x0,
    0x4b, 0x10, 0x0, 0x0, 0x0, 0x0, 0xc, 0xff,
    0x40, 0x5, 0xff, 0xa0, 0x0, 0x0, 0x0, 0x0,
    0x5f, 0xfc, 0x0, 0x0, 0xbf, 0xf5, 0x0, 0x0,
    0x0, 0x0, 0xef, 0xf4, 0x0, 0x0, 0x2f, 0xff,
    0x10, 0x0, 0x0, 0x9, 0xff, 0xa0, 0x0, 0x0,
    0x7, 0xff, 0xb0, 0x0, 0x0, 0x4f, 0xff, 0x10,
    0x0, 0x0, 0x0, 0xcf, 0xf6, 0x0, 0x1, 0xef,
    0xf6, 0x0, 0x0, 0x0, 0x0, 0x3f, 0xff, 0x10,
    0xc, 0xff, 0xb0, 0x0, 0x0, 0x0, 0x0, 0x9,
    0xff, 0xb0, 0x8, 0xfe, 0x10, 0x0, 0x0, 0x0,
    0x0, 0x1, 0xfe, 0x60, 0x0, 0x33, 0x0, 0x0,
    0x0, 0x0, 0x0, 0x0, 0x40, 0x0,

    /* U+5171 "共" */
    0x0, 0x0, 0xe, 0xf9, 0x0, 0x0, 0xef, 0x90,
    0x0, 0x0, 0x0, 0x0, 0xef, 0x90, 0x0, 0xe,
    0xf9, 0x0, 0x0, 0x0, 0x0, 0xe, 0xf9, 0x0,
    0x0, 0xef, 0x90, 0x0, 0x0, 0x12, 0x22, 0xff,
    0xa2, 0x22, 0x2f, 0xfa, 0x22, 0x20, 0x8, 0xff,
    0xff, 0xff, 0xff, 0xff, 0xff, 0xff, 0xff, 0x50,
    0x8f, 0xff, 0xff, 0xff, 0xff, 0xff, 0xff, 0xff,
    0xf5, 0x1, 0x33, 0x3f, 0xfa, 0x33, 0x33, 0xff,
    0xa3, 0x33, 0x10, 0x0, 0x0, 0xef, 0x90, 0x0,
    0xe, 0xf9, 0x0, 0x0, 0x0, 0x0, 0xe, 0xf9,
    0x0, 0x0, 0xef, 0x90, 0x0, 0x0, 0x0, 0x0,
    0xef, 0x90, 0x0, 0xe, 0xf9, 0x0, 0x0, 0x3f,
    0xff, 0xff, 0xff, 0xff, 0xff, 0xff, 0xff, 0xff,
    0xf4, 0xff, 0xff, 0xff, 0xff, 0xff, 0xff, 0xff,
    0xff, 0xff, 0x15, 0x55, 0x55, 0x55, 0x55, 0x55,
    0x55, 0x55, 0x55, 0x50, 0x0, 0x0, 0x6a, 0x40,
    0x0, 0x7, 0xc2, 0x0, 0x0, 0x0, 0x0, 0x6f,
    0xff, 0x20, 0x6, 0xff, 0xf5, 0x0, 0x0, 0x0,
    0x9f, 0xfe, 0x30, 0x0, 0x4, 0xff, 0xf9, 0x0,
    0x3, 0xdf, 0xfd, 0x20, 0x0, 0x0, 0x2, 0xef,
    0xfc, 0x10, 0x9f, 0xfb, 0x10, 0x0, 0x0, 0x0,
    0x1, 0xcf, 0xf7, 0x0, 0x76, 0x0, 0x0, 0x0,
    0x0, 0x0, 0x0, 0x93, 0x0,

    /* U+5173 "关" */
    0x0, 0x0, 0x7, 0x80, 0x0, 0x0, 0x3, 0xb6,
    0x10, 0x0, 0x0, 0x0, 0x7f, 0xf4, 0x0, 0x0,
    0x9, 0xff, 0x40, 0x0, 0x0, 0x0, 0xd, 0xfe,
    0x0, 0x0, 0x2f, 0xfa, 0x0, 0x0, 0x0, 0x0,
    0x4, 0xfe, 0x20, 0x0, 0xaf, 0xe1, 0x0, 0x0,
    0x0, 0x4d, 0xdd, 0xfe, 0xdd, 0xdd, 0xff, 0xfd,
    0xdd, 0x0, 0x0, 0x4f, 0xff, 0xff, 0xff, 0xff,
    0xff, 0xff, 0xff, 0x0, 0x0, 0x28, 0x88, 0x88,
    0x8f, 0xfe, 0x88, 0x88, 0x88, 0x0, 0x0, 0x0,
    0x0, 0x0, 0x1f, 0xfb, 0x0, 0x0, 0x0, 0x0,
    0x0, 0x0, 0x0, 0x0, 0x1f, 0xfb, 0x0, 0x0,
    0x0, 0x0, 0x9, 0xff, 0xff, 0xff, 0xff, 0xff,
    0xff, 0xff, 0xff, 0xf0, 0xa, 0xff, 0xff, 0xff,
    0xff, 0xff, 0xff, 0xff, 0xff, 0xf0, 0x4, 0x66,
    0x66, 0x66, 0xdf, 0xff, 0xb6, 0x66, 0x66, 0x60,
    0x0, 0x0, 0x0, 0x2, 0xff, 0xff, 0xe2, 0x0,
    0x0, 0x0, 0x0, 0x0, 0x0, 0x2e, 0xff, 0xbf,
    0xfe, 0x30, 0x0, 0x0, 0x0, 0x0, 0x7, 0xff,
    0xfc, 0x6, 0xff, 0xf7, 0x0, 0x0, 0x0, 0x17,
    0xef, 0xff, 0xc1, 0x0, 0x7f, 0xff, 0xe8, 0x20,
    0xb, 0xff, 0xff, 0xf7, 0x0, 0x0, 0x5, 0xef,
    0xff, 0xf5, 0x4, 0xff, 0xf8, 0x10, 0x0, 0x0,
    0x0, 0x19, 0xff, 0xa0, 0x0, 0x65, 0x0, 0x0,
    0x0, 0x0, 0x0, 0x0, 0x6, 0x10,

    /* U+518D "再" */
    0xc, 0xff, 0xff, 0xff, 0xff, 0xff, 0xff, 0xff,
    0xff, 0x60, 0xcf, 0xff, 0xff, 0xff, 0xff, 0xff,
    0xff, 0xff, 0xf6, 0x6, 0x77, 0x77, 0x77, 0xbf,
    0xf7, 0x77, 0x77, 0x77, 0x30, 0x1, 0x33, 0x33,
    0x39, 0xff, 0x33, 0x33, 0x32, 0x0, 0x0, 0x5f,
    0xff, 0xff, 0xff, 0xff, 0xff, 0xff, 0xb0, 0x0,
    0x5, 0xff, 0xff, 0xff, 0xff, 0xff, 0xff, 0xfb,
    0x0, 0x0, 0x5f, 0xf0, 0x0, 0x7f, 0xe0, 0x0,
    0xbf, 0xb0, 0x0, 0x5, 0xff, 0xee, 0xef, 0xff,
    0xee, 0xef, 0xfb, 0x0, 0x0, 0x5f, 0xff, 0xff,
    0xff, 0xff, 0xff, 0xff, 0xb0, 0x0, 0x5, 0xff,
    0x32, 0x28, 0xff, 0x22, 0x2c, 0xfb, 0x0, 0x0,
    0x5f, 0xf0, 0x0, 0x7f, 0xe0, 0x0, 0xbf, 0xb0,
    0xa, 0xff, 0xff, 0xff, 0xff, 0xff, 0xff, 0xff,
    0xff, 0xff, 0xaf, 0xff, 0xff, 0xff, 0xff, 0xff,
    0xff, 0xff, 0xff, 0xf2, 0x37, 0xff, 0x43, 0x33,
    0x33, 0x33, 0x3c, 0xfc, 0x33, 0x0, 0x5f, 0xf0,
    0x0, 0x0, 0x0, 0x0, 0xbf, 0xb0, 0x0, 0x5,
    0xff, 0x0, 0x0, 0x0, 0x22, 0x2c, 0xfa, 0x0,
    0x0, 0x5f, 0xf0, 0x0, 0x0, 0x7, 0xff, 0xff,
    0x80, 0x0, 0x5, 0xff, 0x0, 0x0, 0x0, 0x1f,
    0xff, 0xb1, 0x0, 0x0, 0x0, 0x0, 0x0, 0x0,
    0x0, 0x0, 0x0, 0x0, 0x0,

    /* U+5199 "写" */
    0xef, 0xff, 0xff, 0xff, 0xff, 0xff, 0xff, 0xff,
    0xfb, 0xef, 0xff, 0xff, 0xff, 0xff, 0xff, 0xff,
    0xff, 0xfb, 0xef, 0x93, 0x8b, 0x93, 0x33, 0x33,
    0x33, 0x3e, 0xfb, 0xef, 0x70, 0xbf, 0xc0, 0x0,
    0x0, 0x0, 0xe, 0xfb, 0x78, 0x40, 0xef, 0xff,
    0xff, 0xff, 0xff, 0xe7, 0x85, 0x0, 0x1, 0xff,
    0xff, 0xff, 0xff, 0xff, 0xe0, 0x0, 0x0, 0x4,
    0xff, 0x52, 0x22, 0x22, 0x22, 0x10, 0x0, 0x0,
    0x8, 0xff, 0x0, 0x0, 0x0, 0x0, 0x0, 0x0,
    0x0, 0xb, 0xff, 0xff, 0xff, 0xff, 0xff, 0xfe,
    0x0, 0x0, 0xf, 0xff, 0xff, 0xff, 0xff, 0xff,
    0xfd, 0x0, 0x0, 0x1, 0x12, 0x11, 0x11, 0x11,
    0x1c, 0xfb, 0x0, 0x24, 0x44, 0x44, 0x44, 0x44,
    0x43, 0xd, 0xfa, 0x0, 0x8f, 0xff, 0xff, 0xff,
    0xff, 0xfb, 0xf, 0xf8, 0x0, 0x7e, 0xee, 0xee,
    0xee, 0xee, 0xea, 0x2f, 0xf5, 0x0, 0x0, 0x0,
    0x0, 0x0, 0x0, 0x0, 0x5f, 0xf3, 0x0, 0x0,
    0x0, 0x0, 0x0, 0x21, 0x11, 0xcf, 0xe0, 0x0,
    0x0, 0x0, 0x0, 0x0, 0xbf, 0xff, 0xff, 0x90,
    0x0, 0x0, 0x0, 0x0, 0x0, 0x6f, 0xff, 0xfa,
    0x0, 0x0, 0x0, 0x0, 0x0, 0x0, 0x1, 0x11,
    0x0, 0x0, 0x0,

    /* U+51C6 "准" */
    0x0, 0x0, 0x0, 0x0, 0x66, 0x10, 0x18, 0x10,
    0x0, 0x0, 0x17, 0xc0, 0x0, 0x0, 0xef, 0x70,
    0xef, 0xa0, 0x0, 0x0, 0x3f, 0xf8, 0x0, 0x6,
    0xff, 0x10, 0x6f, 0xf3, 0x0, 0x0, 0xa, 0xff,
    0x20, 0xd, 0xfc, 0x44, 0x5f, 0xe7, 0x44, 0x40,
    0x2, 0xff, 0xa0, 0x6f, 0xff, 0xff, 0xff, 0xff,
    0xff, 0xe0, 0x0, 0x9f, 0xf3, 0xff, 0xfb, 0xbb,
    0xdf, 0xfb, 0xbb, 0xa0, 0x0, 0x27, 0x1c, 0xff,
    0xf0, 0x0, 0x6f, 0xf0, 0x0, 0x0, 0x0, 0x0,
    0xbf, 0xff, 0xfc, 0xcc, 0xef, 0xfc, 0xcc, 0x60,
    0x0, 0x1, 0xcf, 0xcf, 0xff, 0xff, 0xff, 0xff,
    0xff, 0x80, 0x0, 0x1, 0x18, 0x3f, 0xf4, 0x44,
    0x9f, 0xf4, 0x44, 0x20, 0x0, 0xd, 0xb3, 0x3f,
    0xf0, 0x0, 0x6f, 0xf0, 0x0, 0x0, 0x0, 0x3f,
    0xf7, 0x3f, 0xfd, 0xdd, 0xef, 0xfd, 0xdd, 0x60,
    0x0, 0x9f, 0xf1, 0x3f, 0xff, 0xff, 0xff, 0xff,
    0xff, 0x70, 0x0, 0xff, 0xb0, 0x3f, 0xf3, 0x33,
    0x8f, 0xf3, 0x33, 0x10, 0x7, 0xff, 0x50, 0x3f,
    0xf0, 0x0, 0x6f, 0xf0, 0x0, 0x0, 0xe, 0xfe,
    0x0, 0x3f, 0xfd, 0xdd, 0xef, 0xfd, 0xdd, 0xd2,
    0x4f, 0xf8, 0x0, 0x3f, 0xff, 0xff, 0xff, 0xff,
    0xff, 0xf3, 0x2, 0x82, 0x0, 0x3f, 0xf4, 0x44,
    0x44, 0x44, 0x44, 0x40, 0x0, 0x0, 0x0, 0x3f,
    0xf0, 0x0, 0x0, 0x0, 0x0, 0x0,

    /* U+5206 "分" */
    0x0, 0x0, 0x0, 0x86, 0x10, 0x0, 0x39, 0x10,
    0x0, 0x0, 0x0, 0x0, 0x3, 0xff, 0xb0, 0x1,
    0xff, 0xa0, 0x0, 0x0, 0x0, 0x0, 0xb, 0xff,
    0x30, 0x0, 0x9f, 0xf3, 0x0, 0x0, 0x0, 0x0,
    0x5f, 0xfb, 0x0, 0x0, 0x1e, 0xfd, 0x10, 0x0,
    0x0, 0x1, 0xef, 0xf2, 0x0, 0x0, 0x5, 0xff,
    0xb0, 0x0, 0x0, 0xc, 0xff, 0x70, 0x0, 0x0,
    0x0, 0xaf, 0xf9, 0x0, 0x0, 0xbf, 0xfc, 0x0,
    0x0, 0x0, 0x0, 0x1e, 0xff, 0x90, 0xc, 0xff,
    0xfb, 0xaa, 0xaa, 0xaa, 0xaa, 0xbc, 0xff, 0xf5,
    0x5, 0xfe, 0xff, 0xff, 0xff, 0xff, 0xff, 0xff,
    0xdf, 0x80, 0x0, 0x42, 0xab, 0xbe, 0xff, 0xbb,
    0xbb, 0xff, 0x83, 0x0, 0x0, 0x0, 0x0, 0xd,
    0xfa, 0x0, 0x0, 0xff, 0x70, 0x0, 0x0, 0x0,
    0x0, 0x1f, 0xf8, 0x0, 0x0, 0xff, 0x70, 0x0,
    0x0, 0x0, 0x0, 0x6f, 0xf4, 0x0, 0x1, 0xff,
    0x60, 0x0, 0x0, 0x0, 0x0, 0xdf, 0xe0, 0x0,
    0x3, 0xff, 0x50, 0x0, 0x0, 0x0, 0x8, 0xff,
    0x70, 0x0, 0x4, 0xff, 0x30, 0x0, 0x0, 0x0,
    0x8f, 0xfd, 0x0, 0x0, 0x7, 0xff, 0x10, 0x0,
    0x0, 0x5d, 0xff, 0xe2, 0x0, 0x65, 0x5d, 0xff,
    0x0, 0x0, 0x5, 0xff, 0xfd, 0x20, 0x0, 0xcf,
    0xff, 0xfa, 0x0, 0x0, 0x0, 0xae, 0x70, 0x0,
    0x0, 0x8f, 0xfe, 0xa1, 0x0, 0x0, 0x0, 0x10,
    0x0, 0x0, 0x0, 0x0, 0x0, 0x0, 0x0, 0x0,

    /* U+5230 "到" */
    0x0, 0x0, 0x0, 0x0, 0x0, 0x0, 0x0, 0x0,
    0xef, 0x60, 0xef, 0xff, 0xff, 0xff, 0xff, 0x81,
    0x20, 0xe, 0xf6, 0xe, 0xff, 0xff, 0xff, 0xff,
    0xf8, 0xef, 0x40, 0xef, 0x60, 0x11, 0xaf, 0xe2,
    0x4d, 0x21, 0xe, 0xf4, 0xe, 0xf6, 0x0, 0x1f,
    0xf7, 0xb, 0xfb, 0x0, 0xef, 0x40, 0xef, 0x60,
    0x9, 0xfd, 0x0, 0x3f, 0xf5, 0xe, 0xf4, 0xe,
    0xf6, 0x4, 0xff, 0xff, 0xff, 0xff, 0xe0, 0xef,
    0x40, 0xef, 0x60, 0x1f, 0xff, 0xff, 0xec, 0xef,
    0x4e, 0xf4, 0xe, 0xf6, 0x0, 0x63, 0x26, 0x63,
    0x4, 0x30, 0xef, 0x40, 0xef, 0x60, 0x0, 0x0,
    0xef, 0x70, 0x0, 0xe, 0xf4, 0xe, 0xf6, 0x3,
    0xaa, 0xaf, 0xfc, 0xaa, 0xa2, 0xef, 0x40, 0xef,
    0x60, 0x4f, 0xff, 0xff, 0xff, 0xff, 0x3e, 0xf4,
    0xe, 0xf6, 0x2, 0x77, 0x7f, 0xfb, 0x77, 0x71,
    0xef, 0x40, 0xef, 0x60, 0x0, 0x0, 0xef, 0x70,
    0x0, 0xe, 0xf4, 0xe, 0xf6, 0x0, 0x0, 0xe,
    0xf9, 0x58, 0xb4, 0x0, 0x0, 0xef, 0x60, 0x14,
    0x69, 0xff, 0xff, 0xff, 0x60, 0x0, 0xe, 0xf6,
    0xe, 0xff, 0xff, 0xff, 0xff, 0xd5, 0x4, 0x44,
    0xff, 0x60, 0xbf, 0xfe, 0xc9, 0x63, 0x0, 0x0,
    0xaf, 0xff, 0xf3, 0x3, 0x41, 0x0, 0x0, 0x0,
    0x0, 0x5, 0xff, 0xc7, 0x0,

    /* U+5237 "刷" */
    0x3, 0xff, 0xff, 0xff, 0xff, 0xfa, 0x0, 0x0,
    0x6f, 0xe0, 0x3f, 0xff, 0xff, 0xff, 0xff, 0xa4,
    0xfe, 0x6, 0xfe, 0x3, 0xfe, 0x22, 0x22, 0x2a,
    0xfa, 0x4f, 0xe0, 0x6f, 0xe0, 0x3f, 0xe3, 0x33,
    0x33, 0xaf, 0xa4, 0xfe, 0x6, 0xfe, 0x3, 0xff,
    0xff, 0xff, 0xff, 0xfa, 0x4f, 0xe0, 0x6f, 0xe0,
    0x3f, 0xfe, 0xef, 0xff, 0xee, 0x94, 0xfe, 0x6,
    0xfe, 0x3, 0xfe, 0x0, 0x3f, 0xc0, 0x0, 0x4f,
    0xe0, 0x6f, 0xe0, 0x3f, 0xf6, 0x68, 0xfe, 0x67,
    0x54, 0xfe, 0x6, 0xfe, 0x3, 0xff, 0xff, 0xff,
    0xff, 0xfc, 0x4f, 0xe0, 0x6f, 0xe0, 0x4f, 0xff,
    0xca, 0xfe, 0x9f, 0xc4, 0xfe, 0x6, 0xfe, 0x5,
    0xff, 0xf8, 0x3f, 0xc1, 0xfc, 0x4f, 0xe0, 0x6f,
    0xe0, 0x7f, 0xef, 0x83, 0xfc, 0x1f, 0xc4, 0xfe,
    0x6, 0xfe, 0x9, 0xfc, 0xf8, 0x3f, 0xc1, 0xfc,
    0x29, 0x90, 0x6f, 0xe0, 0xcf, 0x9f, 0x83, 0xfd,
    0x3f, 0xc0, 0x0, 0x6, 0xfe, 0xf, 0xf6, 0xf8,
    0x3f, 0xce, 0xfb, 0x0, 0x0, 0x6f, 0xe5, 0xff,
    0x3c, 0x63, 0xfc, 0x79, 0x20, 0x16, 0x6a, 0xfe,
    0x3e, 0xa0, 0x0, 0x3f, 0xc0, 0x0, 0x0, 0xef,
    0xff, 0xc0, 0x12, 0x0, 0x3, 0xfc, 0x0, 0x0,
    0xa, 0xfe, 0xb2,

    /* U+52A0 "加" */
    0x0, 0xa, 0xfb, 0x0, 0x0, 0x0, 0x0, 0x0,
    0x0, 0x0, 0x0, 0xaf, 0xb0, 0x0, 0x0, 0x0,
    0x0, 0x0, 0x0, 0x0, 0xa, 0xfb, 0x0, 0x0,
    0xd, 0xdd, 0xdd, 0xdd, 0x50, 0x66, 0xcf, 0xd6,
    0x76, 0x50, 0xff, 0xff, 0xff, 0xf7, 0xf, 0xff,
    0xff, 0xff, 0xfd, 0xf, 0xfb, 0xaa, 0xff, 0x70,
    0xff, 0xff, 0xff, 0xff, 0xc0, 0xff, 0x40, 0xf,
    0xf7, 0x0, 0xb, 0xf9, 0x8, 0xfc, 0xf, 0xf4,
    0x0, 0xff, 0x70, 0x0, 0xbf, 0x90, 0x8f, 0xc0,
    0xff, 0x40, 0xf, 0xf7, 0x0, 0xd, 0xf7, 0x9,
    0xfb, 0xf, 0xf4, 0x0, 0xff, 0x70, 0x0, 0xef,
    0x60, 0x9f, 0xb0, 0xff, 0x40, 0xf, 0xf7, 0x0,
    0xf, 0xf4, 0xa, 0xfa, 0xf, 0xf4, 0x0, 0xff,
    0x70, 0x3, 0xff, 0x20, 0xaf, 0xa0, 0xff, 0x40,
    0xf, 0xf7, 0x0, 0x6f, 0xf0, 0xb, 0xf9, 0xf,
    0xf4, 0x0, 0xff, 0x70, 0xa, 0xfb, 0x0, 0xcf,
    0x80, 0xff, 0x40, 0xf, 0xf7, 0x1, 0xff, 0x70,
    0xe, 0xf7, 0xf, 0xf8, 0x55, 0xff, 0x70, 0x8f,
    0xf1, 0x2, 0xff, 0x50, 0xff, 0xff, 0xff, 0xf7,
    0x3f, 0xfa, 0x7f, 0xff, 0xf2, 0xf, 0xff, 0xff,
    0xff, 0x72, 0xdf, 0x23, 0xff, 0xfa, 0x0, 0xff,
    0x40, 0xf, 0xf7, 0x1, 0x50, 0x6, 0x63, 0x0,
    0x6, 0x61, 0x0, 0x33, 0x10,

    /* U+52A8 "动" */
    0x0, 0x0, 0x0, 0x0, 0x0, 0x0, 0xbf, 0xa0,
    0x0, 0x0, 0x1, 0x33, 0x33, 0x33, 0x31, 0x0,
    0xbf, 0xa0, 0x0, 0x0, 0x6, 0xff, 0xff, 0xff,
    0xf7, 0x0, 0xbf, 0xa0, 0x0, 0x0, 0x5, 0xee,
    0xee, 0xee, 0xe6, 0x0, 0xbf, 0xa0, 0x0, 0x0,
    0x0, 0x0, 0x0, 0x0, 0x0, 0x88, 0xef, 0xd8,
    0x89, 0x80, 0x0, 0x0, 0x0, 0x0, 0x0, 0xff,
    0xff, 0xff, 0xff, 0xf0, 0xf, 0xff, 0xff, 0xff,
    0xfc, 0x78, 0xef, 0xc8, 0xaf, 0xf0, 0xf, 0xff,
    0xff, 0xff, 0xfd, 0x0, 0xef, 0x70, 0x5f, 0xf0,
    0x3, 0x3b, 0xfd, 0x33, 0x32, 0x0, 0xff, 0x60,
    0x6f, 0xf0, 0x0, 0xe, 0xf8, 0x1, 0x30, 0x0,
    0xff, 0x50, 0x6f, 0xe0, 0x0, 0x2f, 0xf3, 0x2f,
    0xf0, 0x3, 0xff, 0x20, 0x7f, 0xe0, 0x0, 0x7f,
    0xe0, 0xd, 0xf5, 0x5, 0xff, 0x0, 0x8f, 0xd0,
    0x0, 0xcf, 0x80, 0x8, 0xfa, 0x9, 0xfd, 0x0,
    0x8f, 0xc0, 0x3, 0xff, 0x7a, 0xef, 0xff, 0xd,
    0xf9, 0x0, 0xaf, 0xb0, 0xc, 0xff, 0xff, 0xff,
    0xff, 0x7f, 0xf4, 0x0, 0xbf, 0xa0, 0x8, 0xff,
    0xfc, 0x72, 0x9a, 0xef, 0xe0, 0x0, 0xef, 0x80,
    0x4, 0xb5, 0x10, 0x0, 0x5, 0xff, 0x85, 0x47,
    0xff, 0x60, 0x0, 0x0, 0x0, 0x0, 0xd, 0xfe,
    0xd, 0xff, 0xff, 0x10, 0x0, 0x0, 0x0, 0x0,
    0x1, 0xd3, 0x8, 0xff, 0xd5, 0x0, 0x0, 0x0,
    0x0, 0x0, 0x0, 0x0, 0x0, 0x0, 0x0, 0x0,

    /* U+52B3 "劳" */
    0x0, 0x0, 0xe, 0xf9, 0x0, 0x0, 0x5f, 0xf1,
    0x0, 0x0, 0x4, 0x44, 0x4f, 0xfb, 0x44, 0x44,
    0x8f, 0xf6, 0x44, 0x40, 0xd, 0xff, 0xff, 0xff,
    0xff, 0xff, 0xff, 0xff, 0xff, 0xf1, 0xc, 0xee,
    0xef, 0xff, 0xee, 0xee, 0xff, 0xff, 0xee, 0xe1,
    0x0, 0x0, 0xe, 0xf9, 0x0, 0x0, 0x5f, 0xf1,
    0x0, 0x0, 0x0, 0x22, 0x26, 0x74, 0x22, 0x22,
    0x37, 0x72, 0x22, 0x10, 0x6, 0xff, 0xff, 0xff,
    0xff, 0xff, 0xff, 0xff, 0xff, 0xa0, 0x6, 0xff,
    0xff, 0xff, 0xff, 0xff, 0xff, 0xff, 0xff, 0xa0,
    0x6, 0xfe, 0x0, 0x3, 0xee, 0x40, 0x0, 0x0,
    0xdf, 0xa0, 0x5, 0xcb, 0x0, 0x4, 0xff, 0x40,
    0x0, 0x0, 0x68, 0x50, 0x0, 0x4f, 0xff, 0xff,
    0xff, 0xff, 0xff, 0xff, 0xf4, 0x0, 0x0, 0x4f,
    0xff, 0xff, 0xff, 0xff, 0xff, 0xff, 0xf4, 0x0,
    0x0, 0x14, 0x44, 0x4e, 0xfe, 0x44, 0x44, 0x6f,
    0xf3, 0x0, 0x0, 0x0, 0x0, 0x2f, 0xf9, 0x0,
    0x0, 0x2f, 0xf1, 0x0, 0x0, 0x0, 0x0, 0xcf,
    0xf3, 0x0, 0x0, 0x4f, 0xf0, 0x0, 0x0, 0x0,
    0x2c, 0xff, 0xa0, 0x0, 0x0, 0x6f, 0xe0, 0x0,
    0x1, 0x5b, 0xff, 0xfc, 0x0, 0x34, 0x44, 0xdf,
    0xc0, 0x0, 0x1e, 0xff, 0xff, 0x80, 0x0, 0x3f,
    0xff, 0xff, 0x70, 0x0, 0x5, 0xfd, 0x81, 0x0,
    0x0, 0xe, 0xff, 0xe9, 0x0, 0x0, 0x0, 0x20,
    0x0, 0x0, 0x0, 0x0, 0x0, 0x0, 0x0, 0x0,

    /* U+5373 "即" */
    0x6, 0xff, 0xff, 0xff, 0xff, 0x5c, 0xdd, 0xdd,
    0xfe, 0x50, 0x6f, 0xff, 0xff, 0xff, 0xf5, 0xef,
    0xff, 0xff, 0xf6, 0x6, 0xff, 0x32, 0x23, 0xff,
    0x5e, 0xfa, 0x55, 0xff, 0x60, 0x6f, 0xf3, 0x22,
    0x4f, 0xf5, 0xef, 0x70, 0xf, 0xf6, 0x6, 0xff,
    0xff, 0xff, 0xff, 0x5e, 0xf7, 0x0, 0xff, 0x60,
    0x6f, 0xff, 0xff, 0xff, 0xf5, 0xef, 0x70, 0xf,
    0xf6, 0x6, 0xff, 0x10, 0x1, 0xff, 0x5e, 0xf7,
    0x0, 0xff, 0x60, 0x6f, 0xf4, 0x33, 0x4f, 0xf5,
    0xef, 0x70, 0xf, 0xf6, 0x6, 0xff, 0xff, 0xff,
    0xff, 0x5e, 0xf7, 0x0, 0xff, 0x60, 0x6f, 0xff,
    0xff, 0xff, 0xf4, 0xef, 0x70, 0xf, 0xf6, 0x6,
    0xff, 0x10, 0x4, 0x20, 0xe, 0xf7, 0x0, 0xff,
    0x60, 0x6f, 0xf1, 0xa, 0xfa, 0x0, 0xef, 0x70,
    0xf, 0xf6, 0x6, 0xff, 0x10, 0x6f, 0xf3, 0xe,
    0xf7, 0xdf, 0xff, 0x50, 0x6f, 0xf3, 0x7c, 0xff,
    0xb0, 0xef, 0x79, 0xff, 0xd1, 0xc, 0xff, 0xff,
    0xff, 0xff, 0x2e, 0xf7, 0x13, 0x20, 0x1, 0xff,
    0xff, 0xea, 0x5e, 0xf8, 0xef, 0x70, 0x0, 0x0,
    0xa, 0xe9, 0x40, 0x0, 0x88, 0xe, 0xf7, 0x0,
    0x0, 0x0, 0x20, 0x0, 0x0, 0x0, 0x0, 0xef,
    0x70, 0x0, 0x0,

    /* U+53D1 "发" */
    0x0, 0x0, 0x0, 0x0, 0x13, 0x0, 0x0, 0x0,
    0x0, 0x0, 0x0, 0x0, 0xa9, 0x40, 0x5f, 0xf6,
    0x1, 0xab, 0x0, 0x0, 0x0, 0x3, 0xff, 0x60,
    0x7f, 0xf4, 0x3, 0xff, 0xa0, 0x0, 0x0, 0x9,
    0xff, 0x0, 0xaf, 0xf1, 0x0, 0x6f, 0xf5, 0x0,
    0x0, 0x1f, 0xf8, 0x0, 0xdf, 0xe0, 0x0, 0x8,
    0x50, 0x0, 0x0, 0xcf, 0xff, 0xff, 0xff, 0xff,
    0xff, 0xff, 0xff, 0xe0, 0x0, 0xcf, 0xff, 0xff,
    0xff, 0xff, 0xff, 0xff, 0xff, 0xe0, 0x0, 0x57,
    0x55, 0x5d, 0xff, 0x75, 0x55, 0x55, 0x55, 0x50,
    0x0, 0x0, 0x0, 0x1f, 0xfd, 0x0, 0x0, 0x0,
    0x0, 0x0, 0x0, 0x0, 0x0, 0x7f, 0xff, 0xff,
    0xff, 0xff, 0xd4, 0x0, 0x0, 0x0, 0x0, 0xef,
    0xff, 0xff, 0xff, 0xff, 0xf6, 0x0, 0x0, 0x0,
    0x9, 0xff, 0xfb, 0x55, 0x56, 0xff, 0xe0, 0x0,
    0x0, 0x0, 0x4f, 0xff, 0xff, 0x20, 0x7, 0xff,
    0x70, 0x0, 0x0, 0x2, 0xef, 0xf5, 0xcf, 0xe2,
    0x5f, 0xfc, 0x0, 0x0, 0x0, 0x3e, 0xff, 0x90,
    0x2e, 0xfe, 0xff, 0xe2, 0x0, 0x0, 0x8, 0xff,
    0xfa, 0x0, 0x6, 0xff, 0xff, 0x40, 0x0, 0x0,
    0x3f, 0xff, 0x80, 0x3, 0xaf, 0xff, 0xff, 0xf9,
    0x30, 0x0, 0x4, 0xd4, 0x9, 0xef, 0xff, 0xf7,
    0x9f, 0xff, 0xff, 0xb3, 0x0, 0x0, 0x9, 0xff,
    0xe7, 0x10, 0x2, 0x9f, 0xff, 0xc0, 0x0, 0x0,
    0x1, 0x83, 0x0, 0x0, 0x0, 0x0, 0x48, 0x20,

    /* U+53D6 "取" */
    0x4f, 0xff, 0xff, 0xff, 0xfd, 0x0, 0x0, 0x0,
    0x0, 0x0, 0x4f, 0xff, 0xff, 0xff, 0xfe, 0xee,
    0xee, 0xee, 0xfd, 0x50, 0x3, 0xff, 0x10, 0xaf,
    0xa2, 0xff, 0xff, 0xff, 0xff, 0x70, 0x3, 0xff,
    0x10, 0xaf, 0xa0, 0x8f, 0xe5, 0x55, 0xff, 0x50,
    0x3, 0xff, 0xff, 0xff, 0xa0, 0x2f, 0xf0, 0x1,
    0xff, 0x20, 0x3, 0xff, 0xff, 0xff, 0xa0, 0xe,
    0xf3, 0x5, 0xff, 0x0, 0x3, 0xff, 0x20, 0xaf,
    0xa0, 0xb, 0xf7, 0x8, 0xfc, 0x0, 0x3, 0xff,
    0x10, 0xaf, 0xa0, 0x7, 0xfb, 0xd, 0xf8, 0x0,
    0x3, 0xff, 0xff, 0xff, 0xa0, 0x3, 0xff, 0x3f,
    0xf3, 0x0, 0x3, 0xff, 0xff, 0xff, 0xa0, 0x0,
    0xef, 0xdf, 0xe0, 0x0, 0x3, 0xff, 0x31, 0xbf,
    0xa0, 0x0, 0x9f, 0xff, 0x80, 0x0, 0x3, 0xff,
    0x10, 0xaf, 0xb4, 0x10, 0x2f, 0xff, 0x20, 0x0,
    0x4, 0xff, 0x9b, 0xff, 0xff, 0x40, 0x1f, 0xfe,
    0x0, 0x0, 0x6f, 0xff, 0xff, 0xff, 0xfd, 0x40,
    0xbf, 0xff, 0x90, 0x0, 0x3f, 0xff, 0xc9, 0xdf,
    0xa0, 0x9, 0xff, 0xdf, 0xf7, 0x0, 0x5, 0x20,
    0x0, 0xaf, 0xa0, 0xaf, 0xf9, 0xd, 0xff, 0x90,
    0x0, 0x0, 0x0, 0xaf, 0xa5, 0xff, 0xa0, 0x2,
    0xef, 0xa0, 0x0, 0x0, 0x0, 0xaf, 0xa0, 0x88,
    0x0, 0x0, 0x1a, 0x0, 0x0, 0x0, 0x0, 0x0,
    0x0, 0x0, 0x0, 0x0, 0x0, 0x0,

    /* U+53EF "可" */
    0x2a, 0xaa, 0xaa, 0xaa, 0xaa, 0xaa, 0xaa, 0xaa,
    0xaa, 0x93, 0xff, 0xff, 0xff, 0xff, 0xff, 0xff,
    0xff, 0xff, 0xfe, 0x2c, 0xcc, 0xcc, 0xcc, 0xcc,
    0xcc, 0xcc, 0xff, 0xec, 0xb0, 0x0, 0x0, 0x0,
    0x0, 0x0, 0x0, 0xe, 0xf9, 0x0, 0x0, 0x0,
    0x0, 0x0, 0x0, 0x0, 0x0, 0xef, 0x90, 0x0,
    0x2, 0xff, 0xff, 0xff, 0xff, 0x50, 0xe, 0xf9,
    0x0, 0x0, 0x3f, 0xff, 0xff, 0xff, 0xf5, 0x0,
    0xef, 0x90, 0x0, 0x3, 0xff, 0x64, 0x44, 0xff,
    0x50, 0xe, 0xf9, 0x0, 0x0, 0x3f, 0xf2, 0x0,
    0xf, 0xf5, 0x0, 0xef, 0x90, 0x0, 0x3, 0xff,
    0x20, 0x0, 0xff, 0x50, 0xe, 0xf9, 0x0, 0x0,
    0x3f, 0xf7, 0x55, 0x5f, 0xf5, 0x0, 0xef, 0x90,
    0x0, 0x3, 0xff, 0xff, 0xff, 0xff, 0x50, 0xe,
    0xf9, 0x0, 0x0, 0x3f, 0xff, 0xff, 0xff, 0xf5,
    0x0, 0xef, 0x90, 0x0, 0x3, 0xff, 0x20, 0x0,
    0x0, 0x0, 0xe, 0xf9, 0x0, 0x0, 0x18, 0x81,
    0x0, 0x0, 0x0, 0x0, 0xef, 0x90, 0x0, 0x0,
    0x0, 0x0, 0x0, 0x6, 0x76, 0x7f, 0xf9, 0x0,
    0x0, 0x0, 0x0, 0x0, 0x0, 0x8f, 0xff, 0xff,
    0x60, 0x0, 0x0, 0x0, 0x0, 0x0, 0x3, 0xff,
    0xfd, 0x80, 0x0, 0x0, 0x0, 0x0, 0x0, 0x0,
    0x1, 0x0, 0x0, 0x0, 0x0,

    /* U+540E "后" */
    0x0, 0x0, 0x0, 0x0, 0x0, 0x0, 0x25, 0x8b,
    0x50, 0x0, 0x0, 0x14, 0x56, 0x79, 0xac, 0xef,
    0xff, 0xff, 0xf4, 0x0, 0x0, 0x3f, 0xff, 0xff,
    0xff, 0xff, 0xff, 0xda, 0x73, 0x0, 0x0, 0x3f,
    0xfd, 0xba, 0x87, 0x53, 0x10, 0x0, 0x0, 0x0,
    0x0, 0x3f, 0xf4, 0x0, 0x0, 0x0, 0x0, 0x0,
    0x0, 0x0, 0x0, 0x3f, 0xf8, 0x55, 0x55, 0x55,
    0x55, 0x55, 0x55, 0x51, 0x0, 0x3f, 0xff, 0xff,
    0xff, 0xff, 0xff, 0xff, 0xff, 0xf5, 0x0, 0x3f,
    0xff, 0xff, 0xff, 0xff, 0xff, 0xff, 0xff, 0xf5,
    0x0, 0x4f, 0xf3, 0x0, 0x0, 0x0, 0x0, 0x0,
    0x0, 0x0, 0x0, 0x4f, 0xf3, 0x0, 0x0, 0x0,
    0x0, 0x0, 0x0, 0x0, 0x0, 0x5f, 0xf2, 0x7f,
    0xff, 0xff, 0xff, 0xff, 0xfc, 0x0, 0x0, 0x7f,
    0xf0, 0x8f, 0xff, 0xff, 0xff, 0xff, 0xfc, 0x0,
    0x0, 0x9f, 0xe0, 0x8f, 0xf3, 0x33, 0x33, 0x3d,
    0xfc, 0x0, 0x0, 0xdf, 0xb0, 0x8f, 0xe0, 0x0,
    0x0, 0xc, 0xfc, 0x0, 0x2, 0xff, 0x70, 0x8f,
    0xe0, 0x0, 0x0, 0xc, 0xfc, 0x0, 0x8, 0xff,
    0x30, 0x8f, 0xf4, 0x44, 0x44, 0x4d, 0xfc, 0x0,
    0x1f, 0xfd, 0x0, 0x8f, 0xff, 0xff, 0xff, 0xff,
    0xfc, 0x0, 0x4f, 0xf6, 0x0, 0x8f, 0xff, 0xff,
    0xff, 0xff, 0xfc, 0x0, 0x3, 0xc0, 0x0, 0x8f,
    0xe0, 0x0, 0x0, 0xc, 0xfc, 0x0, 0x0, 0x0,
    0x0, 0x1, 0x0, 0x0, 0x0, 0x0, 0x0, 0x0,

    /* U+542F "启" */
    0x0, 0x0, 0x0, 0x0, 0x0, 0x0, 0x0, 0x0,
    0x0, 0x0, 0x0, 0x0, 0x0, 0x4, 0xbe, 0x10,
    0x0, 0x0, 0x0, 0x0, 0x0, 0x0, 0x0, 0x4f,
    0xf7, 0x0, 0x0, 0x0, 0x0, 0x0, 0x44, 0x44,
    0x44, 0xef, 0xe4, 0x44, 0x44, 0x30, 0x0, 0xf,
    0xff, 0xff, 0xff, 0xff, 0xff, 0xff, 0xfe, 0x0,
    0x0, 0xff, 0xff, 0xff, 0xff, 0xff, 0xff, 0xff,
    0xe0, 0x0, 0xf, 0xf7, 0x0, 0x0, 0x0, 0x0,
    0x8, 0xfe, 0x0, 0x0, 0xff, 0x82, 0x22, 0x22,
    0x22, 0x22, 0x9f, 0xe0, 0x0, 0xf, 0xff, 0xff,
    0xff, 0xff, 0xff, 0xff, 0xfe, 0x0, 0x0, 0xff,
    0xff, 0xff, 0xff, 0xff, 0xff, 0xff, 0xe0, 0x0,
    0xf, 0xf7, 0x11, 0x11, 0x11, 0x11, 0x11, 0x11,
    0x0, 0x1, 0xff, 0x64, 0x44, 0x44, 0x44, 0x44,
    0x44, 0x41, 0x0, 0x3f, 0xf8, 0xff, 0xff, 0xff,
    0xff, 0xff, 0xff, 0x60, 0x5, 0xff, 0x6f, 0xff,
    0xff, 0xff, 0xff, 0xff, 0xf6, 0x0, 0x8f, 0xf4,
    0xff, 0x10, 0x0, 0x0, 0x1, 0xff, 0x60, 0xd,
    0xfc, 0x4f, 0xf1, 0x0, 0x0, 0x0, 0x1f, 0xf6,
    0x3, 0xff, 0x84, 0xff, 0x54, 0x44, 0x44, 0x45,
    0xff, 0x60, 0xbf, 0xf2, 0x4f, 0xff, 0xff, 0xff,
    0xff, 0xff, 0xf6, 0x2e, 0xfb, 0x4, 0xff, 0xee,
    0xee, 0xee, 0xee, 0xff, 0x60, 0x2e, 0x20, 0x4f,
    0xf1, 0x0, 0x0, 0x0, 0x1f, 0xf6, 0x0, 0x0,
    0x0, 0x0, 0x0, 0x0, 0x0, 0x0, 0x0, 0x0,

    /* U+544A "告" */
    0x0, 0x9, 0xa5, 0x0, 0xaf, 0xe0, 0x0, 0x0,
    0x0, 0x0, 0xf, 0xf8, 0x0, 0xaf, 0xe0, 0x0,
    0x0, 0x0, 0x0, 0x7f, 0xf6, 0x44, 0xbf, 0xf4,
    0x44, 0x44, 0x30, 0x1, 0xef, 0xff, 0xff, 0xff,
    0xff, 0xff, 0xff, 0xc0, 0xa, 0xff, 0xff, 0xff,
    0xff, 0xff, 0xff, 0xff, 0xb0, 0x7f, 0xf6, 0x0,
    0x0, 0xaf, 0xe0, 0x0, 0x0, 0x0, 0x18, 0xa0,
    0x0, 0x0, 0xaf, 0xe0, 0x0, 0x0, 0x0, 0xaf,
    0xff, 0xff, 0xff, 0xff, 0xff, 0xff, 0xff, 0xff,
    0xbf, 0xff, 0xff, 0xff, 0xff, 0xff, 0xff, 0xff,
    0xff, 0x34, 0x44, 0x44, 0x44, 0x44, 0x44, 0x44,
    0x44, 0x44, 0x0, 0x23, 0x33, 0x33, 0x33, 0x33,
    0x33, 0x32, 0x0, 0x0, 0x8f, 0xff, 0xff, 0xff,
    0xff, 0xff, 0xfb, 0x0, 0x0, 0x8f, 0xff, 0xff,
    0xff, 0xff, 0xff, 0xfb, 0x0, 0x0, 0x8f, 0xe0,
    0x0, 0x0, 0x0, 0xd, 0xfb, 0x0, 0x0, 0x8f,
    0xe0, 0x0, 0x0, 0x0, 0xd, 0xfb, 0x0, 0x0,
    0x8f, 0xf4, 0x44, 0x44, 0x44, 0x4e, 0xfb, 0x0,
    0x0, 0x8f, 0xff, 0xff, 0xff, 0xff, 0xff, 0xfb,
    0x0, 0x0, 0x8f, 0xff, 0xff, 0xff, 0xff, 0xff,
    0xfb, 0x0, 0x0, 0x8f, 0xe0, 0x0, 0x0, 0x0,
    0xd, 0xfb, 0x0, 0x0, 0x1, 0x0, 0x0, 0x0,
    0x0, 0x0, 0x0, 0x0,

    /* U+5468 "周" */
    0x0, 0x7f, 0xff, 0xff, 0xff, 0xff, 0xff, 0xff,
    0xff, 0x40, 0x7, 0xff, 0xff, 0xff, 0xff, 0xff,
    0xff, 0xff, 0xf4, 0x0, 0x7f, 0xf3, 0x33, 0x59,
    0x95, 0x33, 0x35, 0xff, 0x40, 0x7, 0xff, 0x0,
    0x4, 0xff, 0x40, 0x0, 0x2f, 0xf4, 0x0, 0x7f,
    0xf0, 0xff, 0xff, 0xff, 0xff, 0x62, 0xff, 0x40,
    0x7, 0xff, 0xc, 0xcd, 0xff, 0xdc, 0xc5, 0x2f,
    0xf4, 0x0, 0x7f, 0xf0, 0x11, 0x4f, 0xf4, 0x11,
    0x2, 0xff, 0x40, 0x7, 0xfe, 0x7f, 0xff, 0xff,
    0xff, 0xfc, 0x2f, 0xf4, 0x0, 0x7f, 0xe5, 0xdd,
    0xdd, 0xdd, 0xdd, 0xa2, 0xff, 0x40, 0x8, 0xfd,
    0x0, 0x10, 0x0, 0x0, 0x0, 0x2f, 0xf4, 0x0,
    0x9f, 0xc0, 0xef, 0xff, 0xff, 0xff, 0x12, 0xff,
    0x40, 0xb, 0xfa, 0xe, 0xfd, 0xcc, 0xdf, 0xf1,
    0x2f, 0xf4, 0x0, 0xff, 0x80, 0xef, 0x40, 0x2,
    0xff, 0x12, 0xff, 0x40, 0x3f, 0xf5, 0xe, 0xfb,
    0xaa, 0xbf, 0xf1, 0x2f, 0xf4, 0x8, 0xff, 0x10,
    0xef, 0xff, 0xff, 0xff, 0x12, 0xff, 0x41, 0xff,
    0xc0, 0xe, 0xf6, 0x33, 0x34, 0x63, 0x5f, 0xf4,
    0x3e, 0xf5, 0x0, 0x44, 0x10, 0x0, 0x1f, 0xff,
    0xff, 0x20, 0x2b, 0x0, 0x0, 0x0, 0x0, 0x0,
    0xcf, 0xfc, 0x50, 0x0, 0x0, 0x0, 0x0, 0x0,
    0x0, 0x0, 0x0, 0x0, 0x0,

    /* U+547D "命" */
    0x0, 0x0, 0x0, 0x0, 0x2, 0x10, 0x0, 0x0,
    0x0, 0x0, 0x0, 0x0, 0x0, 0x0, 0x2e, 0xe3,
    0x0, 0x0, 0x0, 0x0, 0x0, 0x0, 0x0, 0x4,
    0xef, 0xf9, 0x0, 0x0, 0x0, 0x0, 0x0, 0x0,
    0x0, 0x9f, 0xff, 0xff, 0xa1, 0x0, 0x0, 0x0,
    0x0, 0x0, 0x6e, 0xff, 0xe3, 0x9f, 0xff, 0x81,
    0x0, 0x0, 0x2, 0x8e, 0xff, 0xfa, 0x10, 0x6,
    0xff, 0xff, 0xa5, 0x10, 0x8f, 0xff, 0xff, 0xff,
    0xff, 0xff, 0xff, 0xff, 0xff, 0xe1, 0xe, 0xfd,
    0x6c, 0xff, 0xff, 0xff, 0xfd, 0x4c, 0xff, 0x40,
    0x4, 0x40, 0x2, 0x33, 0x33, 0x33, 0x32, 0x0,
    0x25, 0x0, 0x0, 0x44, 0x44, 0x44, 0x20, 0x33,
    0x33, 0x33, 0x32, 0x0, 0x0, 0xff, 0xff, 0xff,
    0x80, 0xef, 0xff, 0xff, 0xfa, 0x0, 0x0, 0xff,
    0xdd, 0xff, 0x80, 0xef, 0xee, 0xef, 0xfa, 0x0,
    0x0, 0xff, 0x30, 0xbf, 0x80, 0xef, 0x70, 0xa,
    0xfa, 0x0, 0x0, 0xff, 0x30, 0xbf, 0x80, 0xef,
    0x70, 0xa, 0xfa, 0x0, 0x0, 0xff, 0x97, 0xdf,
    0x80, 0xef, 0x70, 0xa, 0xfa, 0x0, 0x0, 0xff,
    0xff, 0xff, 0x80, 0xef, 0x7b, 0xff, 0xf9, 0x0,
    0x0, 0xff, 0x98, 0x88, 0x40, 0xef, 0x77, 0xff,
    0xe3, 0x0, 0x0, 0xff, 0x30, 0x0, 0x0, 0xef,
    0x71, 0x32, 0x0, 0x0, 0x0, 0x55, 0x10, 0x0,
    0x0, 0xef, 0x70, 0x0, 0x0, 0x0, 0x0, 0x0,
    0x0, 0x0, 0x0, 0xef, 0x70, 0x0, 0x0, 0x0,

    /* U+54CD "响" */
    0x0, 0x0, 0x0, 0x0, 0x0, 0x2, 0x0, 0x0,
    0x0, 0x0, 0x0, 0x0, 0x0, 0x0, 0x5f, 0xf6,
    0x0, 0x0, 0x77, 0x77, 0x76, 0x0, 0x0, 0xaf,
    0xf1, 0x0, 0x0, 0xff, 0xff, 0xfc, 0x0, 0x0,
    0xef, 0xa0, 0x0, 0x0, 0xff, 0xcc, 0xfc, 0x5f,
    0xff, 0xff, 0xff, 0xff, 0xf7, 0xff, 0x22, 0xfc,
    0x5f, 0xff, 0xff, 0xff, 0xff, 0xf7, 0xff, 0x22,
    0xfc, 0x5f, 0xe1, 0x11, 0x11, 0x1e, 0xf7, 0xff,
    0x22, 0xfc, 0x5f, 0xe0, 0x1, 0x0, 0xd, 0xf7,
    0xff, 0x22, 0xfc, 0x5f, 0xe0, 0xdf, 0xff, 0x7d,
    0xf7, 0xff, 0x22, 0xfc, 0x5f, 0xe0, 0xde, 0xaf,
    0x7d, 0xf7, 0xff, 0x22, 0xfc, 0x5f, 0xe0, 0xdb,
    0x1f, 0x7d, 0xf7, 0xff, 0x22, 0xfc, 0x5f, 0xe0,
    0xdb, 0x1f, 0x7d, 0xf7, 0xff, 0xbb, 0xfc, 0x5f,
    0xe0, 0xdb, 0x1f, 0x7d, 0xf7, 0xff, 0xff, 0xfc,
    0x5f, 0xe0, 0xde, 0xbf, 0x7d, 0xf7, 0xff, 0xa9,
    0x97, 0x5f, 0xe0, 0xdf, 0xff, 0x7d, 0xf7, 0xff,
    0x20, 0x0, 0x5f, 0xe0, 0xdb, 0x0, 0xd, 0xf7,
    0x45, 0x0, 0x0, 0x5f, 0xe0, 0x0, 0x0, 0xd,
    0xf7, 0x0, 0x0, 0x0, 0x5f, 0xe0, 0x0, 0x1,
    0x1e, 0xf7, 0x0, 0x0, 0x0, 0x5f, 0xe0, 0x0,
    0x5, 0xff, 0xf5, 0x0, 0x0, 0x0, 0x4d, 0xc0,
    0x0, 0x0, 0xfe, 0xa0,

    /* U+5668 "器" */
    0x0, 0x9f, 0xff, 0xff, 0xf0, 0x3f, 0xff, 0xff,
    0xfb, 0x0, 0x0, 0x9f, 0xff, 0xff, 0xf0, 0x3f,
    0xff, 0xff, 0xfb, 0x0, 0x0, 0x9f, 0x90, 0x4f,
    0xf0, 0x3f, 0xf0, 0x9, 0xfb, 0x0, 0x0, 0x9f,
    0x92, 0x5f, 0xf0, 0x3f, 0xf2, 0x2a, 0xfb, 0x0,
    0x0, 0x9f, 0xff, 0xff, 0xf0, 0x3f, 0xff, 0xff,
    0xfb, 0x0, 0x0, 0x8e, 0xee, 0xee, 0xf3, 0x2e,
    0xef, 0xfe, 0xe9, 0x0, 0x0, 0x0, 0x0, 0x6,
    0xff, 0x40, 0x6e, 0xfc, 0x10, 0x0, 0x1d, 0xdd,
    0xdd, 0xdf, 0xff, 0xdd, 0xde, 0xff, 0xdd, 0xd1,
    0x1f, 0xff, 0xff, 0xff, 0xff, 0xff, 0xff, 0xff,
    0xff, 0xf2, 0x3, 0x33, 0x9f, 0xfe, 0x43, 0x36,
    0xff, 0xe5, 0x33, 0x30, 0x0, 0x3b, 0xff, 0xd2,
    0x0, 0x0, 0x5f, 0xff, 0x81, 0x0, 0x3c, 0xff,
    0xff, 0xdc, 0xc0, 0x2c, 0xce, 0xff, 0xff, 0xb4,
    0x1e, 0xff, 0xff, 0xff, 0xf0, 0x2f, 0xff, 0xff,
    0xff, 0xe1, 0x4, 0xcf, 0xb4, 0x7f, 0xf0, 0x2f,
    0xf5, 0x4b, 0xfe, 0x50, 0x0, 0x9f, 0x90, 0x4f,
    0xf0, 0x2f, 0xf0, 0x9, 0xfb, 0x0, 0x0, 0x9f,
    0xa0, 0x4f, 0xf0, 0x2f, 0xf1, 0xa, 0xfb, 0x0,
    0x0, 0x9f, 0xff, 0xff, 0xf0, 0x2f, 0xff, 0xff,
    0xfb, 0x0, 0x0, 0x9f, 0xff, 0xff, 0xf0, 0x2f,
    0xff, 0xff, 0xfb, 0x0, 0x0, 0x11, 0x10, 0x0,
    0x0, 0x1, 0x10, 0x0, 0x0, 0x0,

    /* U+56DB "四" */
    0x25, 0x55, 0x55, 0x55, 0x55, 0x55, 0x55, 0x55,
    0x52, 0x7f, 0xff, 0xff, 0xff, 0xff, 0xff, 0xff,
    0xff, 0xf8, 0x7f, 0xff, 0xff, 0xff, 0xff, 0xff,
    0xff, 0xff, 0xf8, 0x7f, 0xf0, 0x6, 0xfe, 0x1,
    0xff, 0x20, 0xf, 0xf8, 0x7f, 0xf0, 0x7, 0xfe,
    0x1, 0xff, 0x20, 0xf, 0xf8, 0x7f, 0xf0, 0x8,
    0xfd, 0x1, 0xff, 0x20, 0xf, 0xf8, 0x7f, 0xf0,
    0x9, 0xfc, 0x1, 0xff, 0x20, 0xf, 0xf8, 0x7f,
    0xf0, 0xd, 0xf9, 0x1, 0xff, 0x20, 0xf, 0xf8,
    0x7f, 0xf0, 0x3f, 0xf6, 0x1, 0xff, 0x20, 0xf,
    0xf8, 0x7f, 0xf1, 0xdf, 0xf1, 0x0, 0xff, 0xfe,
    0xff, 0xf8, 0x7f, 0xfd, 0xff, 0x80, 0x0, 0x7f,
    0xff, 0xff, 0xf8, 0x7f, 0xf4, 0xfb, 0x0, 0x0,
    0x0, 0x11, 0xf, 0xf8, 0x7f, 0xf0, 0x50, 0x0,
    0x0, 0x0, 0x0, 0xf, 0xf8, 0x7f, 0xf5, 0x55,
    0x55, 0x55, 0x55, 0x55, 0x5f, 0xf8, 0x7f, 0xff,
    0xff, 0xff, 0xff, 0xff, 0xff, 0xff, 0xf8, 0x7f,
    0xff, 0xff, 0xff, 0xff, 0xff, 0xff, 0xff, 0xf8,
    0x7f, 0xf0, 0x0, 0x0, 0x0, 0x0, 0x0, 0xf,
    0xf8, 0x24, 0x40, 0x0, 0x0, 0x0, 0x0, 0x0,
    0x2, 0x21,

    /* U+56DE "回" */
    0x9f, 0xff, 0xff, 0xff, 0xff, 0xff, 0xff, 0xff,
    0xf9, 0x9f, 0xff, 0xff, 0xff, 0xff, 0xff, 0xff,
    0xff, 0xf9, 0x9f, 0xf7, 0x77, 0x77, 0x77, 0x77,
    0x77, 0x7f, 0xf9, 0x9f, 0xe0, 0x0, 0x0, 0x0,
    0x0, 0x0, 0xf, 0xf9, 0x9f, 0xe0, 0x4, 0x44,
    0x44, 0x44, 0x40, 0xf, 0xf9, 0x9f, 0xe0, 0x2f,
    0xff, 0xff, 0xff, 0xf0, 0xf, 0xf9, 0x9f, 0xe0,
    0x2f, 0xfd, 0xcc, 0xef, 0xf0, 0xf, 0xf9, 0x9f,
    0xe0, 0x2f, 0xf1, 0x0, 0x6f, 0xf0, 0xf, 0xf9,
    0x9f, 0xe0, 0x2f, 0xf1, 0x0, 0x6f, 0xf0, 0xf,
    0xf9, 0x9f, 0xe0, 0x2f, 0xf1, 0x0, 0x6f, 0xf0,
    0xf, 0xf9, 0x9f, 0xe0, 0x2f, 0xff, 0xff, 0xff,
    0xf0, 0xf, 0xf9, 0x9f, 0xe0, 0x2f, 0xff, 0xff,
    0xff, 0xf0, 0xf, 0xf9, 0x9f, 0xe0, 0x2, 0x22,
    0x22, 0x22, 0x20, 0xf, 0xf9, 0x9f, 0xe0, 0x0,
    0x0, 0x0, 0x0, 0x0, 0xf, 0xf9, 0x9f, 0xf5,
    0x55, 0x55, 0x55, 0x55, 0x55, 0x5f, 0xf9, 0x9f,
    0xff, 0xff, 0xff, 0xff, 0xff, 0xff, 0xff, 0xf9,
    0x9f, 0xfe, 0xee, 0xee, 0xee, 0xee, 0xee, 0xef,
    0xf9, 0x9f, 0xe0, 0x0, 0x0, 0x0, 0x0, 0x0,
    0xf, 0xf9,

    /* U+5728 "在" */
    0x0, 0x0, 0x0, 0xb, 0xb7, 0x0, 0x0, 0x0,
    0x0, 0x0, 0x0, 0x0, 0x1, 0xff, 0x90, 0x0,
    0x0, 0x0, 0x0, 0x3, 0x33, 0x33, 0x8f, 0xf7,
    0x33, 0x33, 0x33, 0x33, 0x30, 0xef, 0xff, 0xff,
    0xff, 0xff, 0xff, 0xff, 0xff, 0xff, 0xe, 0xff,
    0xff, 0xff, 0xff, 0xff, 0xff, 0xff, 0xff, 0xf0,
    0x11, 0x11, 0xdf, 0xe1, 0x11, 0x25, 0x51, 0x11,
    0x11, 0x0, 0x0, 0x6f, 0xf6, 0x0, 0x4, 0xff,
    0x20, 0x0, 0x0, 0x0, 0x2f, 0xfd, 0x0, 0x0,
    0x4f, 0xf2, 0x0, 0x0, 0x0, 0x1d, 0xff, 0x30,
    0x0, 0x4, 0xff, 0x20, 0x0, 0x0, 0x1d, 0xff,
    0xd0, 0x5f, 0xff, 0xff, 0xff, 0xff, 0xf1, 0x3e,
    0xff, 0xfd, 0x6, 0xff, 0xff, 0xff, 0xff, 0xff,
    0x22, 0xff, 0xef, 0xd0, 0x14, 0x44, 0x7f, 0xf5,
    0x44, 0x40, 0x9, 0x69, 0xfd, 0x0, 0x0, 0x4,
    0xff, 0x20, 0x0, 0x0, 0x0, 0x9f, 0xd0, 0x0,
    0x0, 0x4f, 0xf2, 0x0, 0x0, 0x0, 0x9, 0xfd,
    0x0, 0x0, 0x4, 0xff, 0x20, 0x0, 0x0, 0x0,
    0x9f, 0xd0, 0x0, 0x0, 0x4f, 0xf2, 0x0, 0x0,
    0x0, 0x9, 0xfd, 0x2f, 0xff, 0xff, 0xff, 0xff,
    0xff, 0xd0, 0x0, 0x9f, 0xd2, 0xff, 0xff, 0xff,
    0xff, 0xff, 0xfe, 0x0, 0x9, 0xfd, 0x4, 0x44,
    0x44, 0x44, 0x44, 0x44, 0x30,

    /* U+58F0 "声" */
    0x0, 0x0, 0x0, 0x0, 0x7f, 0xf0, 0x0, 0x0,
    0x0, 0x0, 0x44, 0x44, 0x44, 0x49, 0xff, 0x44,
    0x44, 0x44, 0x42, 0xf, 0xff, 0xff, 0xff, 0xff,
    0xff, 0xff, 0xff, 0xff, 0x90, 0xcc, 0xcc, 0xcc,
    0xce, 0xff, 0xcc, 0xcc, 0xcc, 0xc6, 0x0, 0x11,
    0x11, 0x11, 0x8f, 0xf1, 0x11, 0x11, 0x11, 0x0,
    0xb, 0xff, 0xff, 0xff, 0xff, 0xff, 0xff, 0xff,
    0xa0, 0x0, 0xae, 0xee, 0xee, 0xee, 0xee, 0xee,
    0xee, 0xe9, 0x0, 0x0, 0x0, 0x0, 0x0, 0x0,
    0x0, 0x0, 0x0, 0x0, 0x0, 0x6f, 0xff, 0xff,
    0xff, 0xff, 0xff, 0xff, 0xf6, 0x0, 0x6, 0xff,
    0xff, 0xff, 0xff, 0xff, 0xff, 0xff, 0x60, 0x0,
    0x6f, 0xf0, 0x0, 0x6f, 0xf0, 0x0, 0xf, 0xf6,
    0x0, 0x7, 0xff, 0x11, 0x17, 0xff, 0x11, 0x11,
    0xff, 0x60, 0x0, 0x8f, 0xff, 0xff, 0xff, 0xff,
    0xff, 0xff, 0xf6, 0x0, 0xb, 0xff, 0xff, 0xff,
    0xff, 0xff, 0xff, 0xff, 0x60, 0x0, 0xff, 0x80,
    0x0, 0x0, 0x0, 0x0, 0xf, 0xf6, 0x0, 0x6f,
    0xf3, 0x0, 0x0, 0x0, 0x0, 0x0, 0x0, 0x0,
    0x2f, 0xfc, 0x0, 0x0, 0x0, 0x0, 0x0, 0x0,
    0x0, 0x6, 0xff, 0x30, 0x0, 0x0, 0x0, 0x0,
    0x0, 0x0, 0x0, 0x5, 0x60, 0x0, 0x0, 0x0,
    0x0, 0x0, 0x0, 0x0, 0x0,

    /* U+5907 "备" */
    0x0, 0x0, 0x0, 0x2c, 0x93, 0x0, 0x0, 0x0,
    0x0, 0x0, 0x0, 0x0, 0x1, 0xdf, 0xf4, 0x22,
    0x22, 0x31, 0x0, 0x0, 0x0, 0x0, 0x2d, 0xff,
    0xff, 0xff, 0xff, 0xff, 0x40, 0x0, 0x0, 0x6,
    0xff, 0xfe, 0xee, 0xee, 0xff, 0xff, 0x20, 0x0,
    0x4, 0xdf, 0xff, 0xf8, 0x0, 0x3, 0xef, 0xf4,
    0x0, 0x0, 0x3, 0xff, 0x9a, 0xff, 0xd7, 0xaf,
    0xfe, 0x30, 0x0, 0x0, 0x0, 0x42, 0x0, 0x7f,
    0xff, 0xff, 0xe3, 0x0, 0x0, 0x0, 0x1, 0x36,
    0x9d, 0xff, 0xff, 0xff, 0xff, 0xeb, 0x86, 0x41,
    0x6f, 0xff, 0xff, 0xfe, 0x93, 0x49, 0xef, 0xff,
    0xff, 0xf2, 0xe, 0xff, 0xc8, 0x41, 0x11, 0x11,
    0x14, 0x8b, 0xde, 0x70, 0x2, 0x2f, 0xff, 0xff,
    0xff, 0xff, 0xff, 0xff, 0xb0, 0x0, 0x0, 0x1f,
    0xff, 0xff, 0xff, 0xff, 0xff, 0xff, 0xb0, 0x0,
    0x0, 0x1f, 0xf6, 0x0, 0x6f, 0xf1, 0x0, 0xef,
    0xb0, 0x0, 0x0, 0x1f, 0xff, 0xff, 0xff, 0xff,
    0xff, 0xff, 0xb0, 0x0, 0x0, 0x1f, 0xff, 0xee,
    0xff, 0xfe, 0xee, 0xff, 0xb0, 0x0, 0x0, 0x1f,
    0xf6, 0x0, 0x6f, 0xf1, 0x0, 0xef, 0xb0, 0x0,
    0x0, 0x1f, 0xff, 0xff, 0xff, 0xff, 0xff, 0xff,
    0xb0, 0x0, 0x0, 0x1f, 0xff, 0xff, 0xff, 0xff,
    0xff, 0xff, 0xb0, 0x0, 0x0, 0x1f, 0xf7, 0x11,
    0x11, 0x11, 0x11, 0xef, 0xb0, 0x0, 0x0, 0x0,
    0x0, 0x0, 0x0, 0x0, 0x0, 0x0, 0x0, 0x0,

    /* U+590D "复" */
    0x0, 0x0, 0x0, 0x0, 0x0, 0x0, 0x0, 0x0,
    0x0, 0x0, 0x0, 0x0, 0x6e, 0x90, 0x0, 0x0,
    0x0, 0x0, 0x0, 0x0, 0x0, 0x1, 0xef, 0xc5,
    0x55, 0x55, 0x55, 0x55, 0x55, 0x20, 0x0, 0xc,
    0xff, 0xff, 0xff, 0xff, 0xff, 0xff, 0xff, 0x60,
    0x0, 0xbf, 0xfa, 0x99, 0x99, 0x99, 0x99, 0x99,
    0x99, 0x30, 0xd, 0xff, 0xd8, 0x88, 0x88, 0x88,
    0x88, 0x88, 0x80, 0x0, 0x7, 0xf8, 0xff, 0xff,
    0xff, 0xff, 0xff, 0xff, 0xf1, 0x0, 0x0, 0x40,
    0xff, 0x72, 0x22, 0x22, 0x22, 0x8f, 0xf1, 0x0,
    0x0, 0x0, 0xff, 0xff, 0xff, 0xff, 0xff, 0xff,
    0xf1, 0x0, 0x0, 0x0, 0xff, 0xa7, 0x77, 0x77,
    0x77, 0xbf, 0xf1, 0x0, 0x0, 0x0, 0xff, 0xca,
    0xaa, 0xaa, 0xaa, 0xcf, 0xf1, 0x0, 0x0, 0x0,
    0xff, 0xff, 0xff, 0xff, 0xff, 0xff, 0xf1, 0x0,
    0x0, 0x0, 0x6, 0xff, 0x72, 0x22, 0x22, 0x22,
    0x0, 0x0, 0x0, 0x0, 0x8f, 0xff, 0xff, 0xff,
    0xff, 0xff, 0x70, 0x0, 0x0, 0x3d, 0xff, 0xfc,
    0xaa, 0xaa, 0xbf, 0xff, 0x50, 0x0, 0x1, 0xdf,
    0xe8, 0xff, 0x70, 0x6, 0xef, 0xf5, 0x0, 0x0,
    0x0, 0x18, 0x10, 0x4e, 0xff, 0xff, 0xfc, 0x20,
    0x0, 0x0, 0x2, 0x35, 0x7a, 0xdf, 0xff, 0xff,
    0xfd, 0xb8, 0x75, 0x41, 0x3f, 0xff, 0xff, 0xff,
    0xc8, 0x6b, 0xff, 0xff, 0xff, 0xd0, 0xc, 0xec,
    0xa7, 0x41, 0x0, 0x0, 0x3, 0x68, 0xac, 0x50,
    0x0, 0x0, 0x0, 0x0, 0x0, 0x0, 0x0, 0x0,
    0x0, 0x0,

    /* U+591A "多" */
    0x0, 0x0, 0x0, 0x9, 0xa6, 0x0, 0x0, 0x0,
    0x0, 0x0, 0x0, 0x0, 0xaf, 0xfa, 0x22, 0x23,
    0x0, 0x0, 0x0, 0x0, 0x3d, 0xff, 0xff, 0xff,
    0xff, 0xd2, 0x0, 0x0, 0x2a, 0xff, 0xff, 0xff,
    0xff, 0xff, 0xc0, 0x0, 0xa, 0xff, 0xf9, 0x20,
    0x0, 0x2d, 0xfe, 0x20, 0x0, 0x4, 0xfb, 0x4b,
    0xf6, 0x7, 0xff, 0xe2, 0x0, 0x0, 0x0, 0x10,
    0x8, 0xff, 0xef, 0xfc, 0x10, 0x0, 0x0, 0x0,
    0x0, 0x5a, 0xff, 0xfe, 0xbb, 0x82, 0x0, 0x0,
    0x49, 0xdf, 0xff, 0xfe, 0x75, 0xff, 0xd1, 0x0,
    0x0, 0x2f, 0xff, 0xea, 0x40, 0x7f, 0xff, 0xff,
    0xff, 0xe6, 0x7, 0x73, 0x0, 0x4c, 0xff, 0xff,
    0xff, 0xff, 0xfb, 0x0, 0x0, 0x5c, 0xff, 0xf7,
    0x22, 0x24, 0xff, 0xf2, 0x0, 0x1e, 0xff, 0xfa,
    0x75, 0x0, 0x2d, 0xff, 0x60, 0x0, 0x5, 0xf9,
    0x29, 0xff, 0x96, 0xff, 0xf7, 0x0, 0x0, 0x0,
    0x0, 0x0, 0xbf, 0xff, 0xff, 0x60, 0x0, 0x0,
    0x0, 0x3, 0x7b, 0xff, 0xff, 0xb2, 0x0, 0x0,
    0x69, 0xbd, 0xff, 0xff, 0xff, 0xb4, 0x0, 0x0,
    0x0, 0x7f, 0xff, 0xff, 0xfb, 0x61, 0x0, 0x0,
    0x0, 0x0, 0x1c, 0xa8, 0x52, 0x0, 0x0, 0x0,
    0x0, 0x0, 0x0,

    /* U+5929 "天" */
    0x0, 0x88, 0x88, 0x88, 0x88, 0x88, 0x88, 0x88,
    0x87, 0x0, 0x0, 0xff, 0xff, 0xff, 0xff, 0xff,
    0xff, 0xff, 0xff, 0x0, 0x0, 0xff, 0xff, 0xff,
    0xff, 0xff, 0xff, 0xff, 0xfe, 0x0, 0x0, 0x0,
    0x0, 0x0, 0x6f, 0xf1, 0x0, 0x0, 0x0, 0x0,
    0x0, 0x0, 0x0, 0x0, 0x6f, 0xf1, 0x0, 0x0,
    0x0, 0x0, 0x0, 0x0, 0x0, 0x0, 0x7f, 0xf1,
    0x0, 0x0, 0x0, 0x0, 0x7, 0x88, 0x88, 0x88,
    0xcf, 0xf8, 0x88, 0x88, 0x88, 0x40, 0xe, 0xff,
    0xff, 0xff, 0xff, 0xff, 0xff, 0xff, 0xff, 0x80,
    0xe, 0xff, 0xff, 0xff, 0xff, 0xff, 0xff, 0xff,
    0xff, 0x70, 0x0, 0x0, 0x0, 0x3, 0xff, 0xfe,
    0x0, 0x0, 0x0, 0x0, 0x0, 0x0, 0x0, 0xa,
    0xff, 0xff, 0x70, 0x0, 0x0, 0x0, 0x0, 0x0,
    0x0, 0x5f, 0xfc, 0x9f, 0xf2, 0x0, 0x0, 0x0,
    0x0, 0x0, 0x3, 0xff, 0xf3, 0x1e, 0xfe, 0x20,
    0x0, 0x0, 0x0, 0x0, 0x5f, 0xff, 0x80, 0x4,
    0xff, 0xe4, 0x0, 0x0, 0x0, 0x2a, 0xff, 0xf9,
    0x0, 0x0, 0x6f, 0xff, 0xa2, 0x0, 0x3b, 0xff,
    0xff, 0x70, 0x0, 0x0, 0x5, 0xff, 0xff, 0xc1,
    0xc, 0xff, 0xc3, 0x0, 0x0, 0x0, 0x0, 0x2b,
    0xff, 0xa0, 0x1, 0xa3, 0x0, 0x0, 0x0, 0x0,
    0x0, 0x0, 0x39, 0x10,

    /* U+5931 "失" */
    0x0, 0x0, 0xb7, 0x30, 0x5f, 0xf2, 0x0, 0x0,
    0x0, 0x0, 0x0, 0x4, 0xff, 0x60, 0x5f, 0xf2,
    0x0, 0x0, 0x0, 0x0, 0x0, 0xa, 0xff, 0x10,
    0x5f, 0xf2, 0x0, 0x0, 0x0, 0x0, 0x0, 0x1f,
    0xff, 0xff, 0xff, 0xff, 0xff, 0xff, 0xf4, 0x0,
    0x0, 0x8f, 0xff, 0xff, 0xff, 0xff, 0xff, 0xff,
    0xf5, 0x0, 0x2, 0xff, 0xd7, 0x77, 0xaf, 0xf9,
    0x77, 0x77, 0x72, 0x0, 0xc, 0xff, 0x40, 0x0,
    0x5f, 0xf2, 0x0, 0x0, 0x0, 0x0, 0x3, 0xca,
    0x0, 0x0, 0x6f, 0xf2, 0x0, 0x0, 0x0, 0x0,
    0x3, 0x34, 0x33, 0x33, 0x9f, 0xf4, 0x33, 0x33,
    0x33, 0x30, 0xf, 0xff, 0xff, 0xff, 0xff, 0xff,
    0xff, 0xff, 0xff, 0xf0, 0xf, 0xff, 0xff, 0xff,
    0xff, 0xff, 0xff, 0xff, 0xff, 0xf0, 0x3, 0x33,
    0x33, 0x38, 0xff, 0xff, 0x63, 0x33, 0x33, 0x30,
    0x0, 0x0, 0x0, 0xd, 0xff, 0xef, 0xd0, 0x0,
    0x0, 0x0, 0x0, 0x0, 0x0, 0xbf, 0xf9, 0x5f,
    0xfb, 0x0, 0x0, 0x0, 0x0, 0x0, 0x1c, 0xff,
    0xd0, 0xa, 0xff, 0xc1, 0x0, 0x0, 0x0, 0x17,
    0xff, 0xfd, 0x20, 0x0, 0xcf, 0xff, 0x81, 0x0,
    0x1a, 0xff, 0xff, 0xb1, 0x0, 0x0, 0xb, 0xff,
    0xff, 0xc4, 0xb, 0xff, 0xd5, 0x0, 0x0, 0x0,
    0x0, 0x5d, 0xff, 0xc0, 0x1, 0x94, 0x0, 0x0,
    0x0, 0x0, 0x0, 0x0, 0x5a, 0x30,

    /* U+59CB "始" */
    0x0, 0x0, 0x0, 0x0, 0x0, 0x0, 0x0, 0x0,
    0x0, 0x0, 0x0, 0x6f, 0xd0, 0x0, 0x0, 0x9,
    0xfa, 0x0, 0x0, 0x0, 0x0, 0x7f, 0xc0, 0x0,
    0x0, 0xe, 0xfb, 0x0, 0x0, 0x0, 0x0, 0xaf,
    0x90, 0x0, 0x0, 0x6f, 0xf4, 0x0, 0x0, 0x0,
    0x0, 0xcf, 0x70, 0x0, 0x0, 0xdf, 0xb0, 0x5e,
    0xb0, 0x0, 0x7f, 0xff, 0xff, 0xf8, 0x6, 0xff,
    0x30, 0x2f, 0xf6, 0x0, 0x7f, 0xff, 0xff, 0xf8,
    0x1e, 0xf9, 0x0, 0x8, 0xff, 0x10, 0x17, 0xfe,
    0x3c, 0xf8, 0xcf, 0xfc, 0xde, 0xff, 0xff, 0xa0,
    0x7, 0xfb, 0xd, 0xf7, 0xff, 0xff, 0xff, 0xff,
    0xff, 0xf2, 0xb, 0xf7, 0xf, 0xf3, 0xcc, 0xa8,
    0x75, 0x42, 0x1e, 0xd3, 0xf, 0xf4, 0x3f, 0xf0,
    0x0, 0x0, 0x0, 0x0, 0x2, 0x0, 0x3f, 0xfb,
    0x7f, 0xd0, 0x3d, 0xdd, 0xdd, 0xdd, 0xdd, 0x10,
    0x7, 0xff, 0xff, 0x90, 0x3f, 0xff, 0xff, 0xff,
    0xff, 0x10, 0x0, 0x5f, 0xff, 0x50, 0x3f, 0xf4,
    0x44, 0x46, 0xff, 0x10, 0x0, 0xa, 0xff, 0xd0,
    0x3f, 0xe0, 0x0, 0x2, 0xff, 0x10, 0x0, 0x2f,
    0xff, 0xfa, 0x3f, 0xe0, 0x0, 0x2, 0xff, 0x10,
    0x1, 0xdf, 0xf9, 0xf7, 0x3f, 0xf2, 0x22, 0x24,
    0xff, 0x10, 0x3d, 0xff, 0x50, 0x70, 0x3f, 0xff,
    0xff, 0xff, 0xff, 0x10, 0x2f, 0xf8, 0x0, 0x0,
    0x3f, 0xff, 0xff, 0xff, 0xff, 0x10, 0x7, 0x70,
    0x0, 0x0, 0x3f, 0xe0, 0x0, 0x2, 0xff, 0x10,
    0x0, 0x0, 0x0, 0x0, 0x0, 0x0, 0x0, 0x0,
    0x0, 0x0,

    /* U+5B66 "学" */
    0x0, 0x0, 0x0, 0x0, 0x1, 0x10, 0x0, 0x0,
    0x0, 0x0, 0x0, 0x5c, 0x40, 0xa, 0xfa, 0x0,
    0x6, 0xc7, 0x0, 0x0, 0xb, 0xfe, 0x10, 0x7f,
    0xf3, 0x0, 0xef, 0xb0, 0x0, 0x0, 0x1f, 0xf7,
    0x0, 0xef, 0x70, 0x8f, 0xe1, 0x0, 0xd, 0xff,
    0xff, 0xff, 0xff, 0xff, 0xff, 0xff, 0xff, 0x60,
    0xef, 0xff, 0xff, 0xff, 0xff, 0xff, 0xff, 0xff,
    0xf7, 0xe, 0xf7, 0x22, 0x22, 0x22, 0x22, 0x22,
    0x22, 0xef, 0x70, 0xef, 0x50, 0x22, 0x22, 0x22,
    0x22, 0x30, 0xe, 0xf7, 0x6, 0x72, 0x7f, 0xff,
    0xff, 0xff, 0xff, 0xd2, 0x67, 0x30, 0x0, 0x7,
    0xff, 0xff, 0xff, 0xff, 0xfa, 0x0, 0x0, 0x0,
    0x0, 0x0, 0x0, 0x29, 0xff, 0xe5, 0x0, 0x0,
    0x0, 0x0, 0x0, 0x0, 0x8, 0xff, 0x80, 0x0,
    0x0, 0x0, 0x2e, 0xee, 0xee, 0xee, 0xff, 0xfe,
    0xee, 0xee, 0xee, 0xa2, 0xff, 0xff, 0xff, 0xff,
    0xff, 0xff, 0xff, 0xff, 0xfc, 0x5, 0x55, 0x55,
    0x55, 0xaf, 0xf5, 0x55, 0x55, 0x55, 0x40, 0x0,
    0x0, 0x0, 0x8, 0xff, 0x0, 0x0, 0x0, 0x0,
    0x0, 0x0, 0x0, 0x0, 0x8f, 0xf0, 0x0, 0x0,
    0x0, 0x0, 0x0, 0x0, 0x33, 0x3a, 0xff, 0x0,
    0x0, 0x0, 0x0, 0x0, 0x0, 0xb, 0xff, 0xff,
    0xc0, 0x0, 0x0, 0x0, 0x0, 0x0, 0x0, 0x5f,
    0xff, 0xb2, 0x0, 0x0, 0x0, 0x0, 0x0, 0x0,
    0x0, 0x0, 0x0, 0x0, 0x0, 0x0, 0x0, 0x0,

    /* U+5B8C "完" */
    0x0, 0x0, 0x0, 0x0, 0x0, 0x10, 0x0, 0x0,
    0x0, 0x0, 0x0, 0x0, 0x0, 0x0, 0x7e, 0xd0,
    0x0, 0x0, 0x0, 0x0, 0x0, 0x0, 0x0, 0x0,
    0x6f, 0xf5, 0x0, 0x0, 0x0, 0x0, 0x7, 0xff,
    0xff, 0xff, 0xff, 0xff, 0xff, 0xff, 0xff, 0x80,
    0x7, 0xff, 0xff, 0xff, 0xff, 0xff, 0xff, 0xff,
    0xff, 0x90, 0x7, 0xff, 0x55, 0x55, 0x55, 0x55,
    0x55, 0x55, 0xff, 0x90, 0x7, 0xfe, 0x3, 0x33,
    0x33, 0x33, 0x33, 0x30, 0xef, 0x90, 0x7, 0xfe,
    0x2f, 0xff, 0xff, 0xff, 0xff, 0xf1, 0xef, 0x90,
    0x0, 0x0, 0x2f, 0xff, 0xff, 0xff, 0xff, 0xf1,
    0x0, 0x0, 0x0, 0x0, 0x0, 0x0, 0x0, 0x0,
    0x0, 0x0, 0x0, 0x0, 0x6, 0x88, 0x88, 0x88,
    0x88, 0x88, 0x88, 0x88, 0x88, 0x70, 0xd, 0xff,
    0xff, 0xff, 0xff, 0xff, 0xff, 0xff, 0xff, 0xe0,
    0xa, 0xcc, 0xcc, 0xff, 0xec, 0xcf, 0xfe, 0xcc,
    0xcc, 0xa0, 0x0, 0x0, 0x0, 0xff, 0x80, 0xe,
    0xf8, 0x0, 0x0, 0x0, 0x0, 0x0, 0x1, 0xff,
    0x60, 0xe, 0xf8, 0x0, 0x0, 0x0, 0x0, 0x0,
    0x6, 0xff, 0x30, 0xe, 0xf8, 0x0, 0x7, 0x20,
    0x0, 0x0, 0x2e, 0xfd, 0x0, 0xe, 0xf8, 0x0,
    0xd, 0xf3, 0x0, 0x28, 0xff, 0xf5, 0x0, 0xe,
    0xfa, 0x33, 0x4f, 0xf1, 0xc, 0xff, 0xff, 0x60,
    0x0, 0xb, 0xff, 0xff, 0xff, 0xd0, 0x4, 0xfe,
    0x92, 0x0, 0x0, 0x3, 0xdf, 0xff, 0xfd, 0x30,
    0x0, 0x20, 0x0, 0x0, 0x0, 0x0, 0x0, 0x0,
    0x0, 0x0,

    /* U+5BC6 "密" */
    0x0, 0x0, 0x0, 0x0, 0x0, 0x0, 0x0, 0x0,
    0x0, 0x0, 0x0, 0x0, 0x0, 0x0, 0x3d, 0xf1,
    0x0, 0x0, 0x0, 0x0, 0x2, 0x44, 0x44, 0x44,
    0x6f, 0xf8, 0x44, 0x44, 0x44, 0x30, 0x7, 0xff,
    0xff, 0xff, 0xff, 0xff, 0xff, 0xff, 0xff, 0xd0,
    0x7, 0xff, 0xdd, 0xde, 0xfd, 0xdd, 0xdd, 0xdd,
    0xff, 0xd0, 0x7, 0xfe, 0x0, 0xb, 0xfb, 0x30,
    0x7, 0x30, 0xaf, 0xd0, 0x6, 0xfd, 0x0, 0x26,
    0xcf, 0xf4, 0x8f, 0xf4, 0x9f, 0xc0, 0x0, 0xb,
    0x82, 0xff, 0x15, 0xaa, 0xff, 0x65, 0x90, 0x0,
    0x0, 0x5f, 0xf2, 0xff, 0x14, 0xef, 0xf5, 0x2f,
    0xfa, 0x0, 0x3, 0xff, 0x80, 0xff, 0xcf, 0xfc,
    0x22, 0xa8, 0xff, 0xa0, 0x9, 0xfd, 0x15, 0xff,
    0xff, 0x71, 0x17, 0xfb, 0x5f, 0xf5, 0x0, 0x9b,
    0xef, 0xff, 0xff, 0xff, 0xff, 0xf6, 0x8, 0x70,
    0xd, 0xff, 0xfc, 0x7a, 0xcc, 0xcc, 0xcb, 0x80,
    0x0, 0x0, 0x3, 0xc7, 0x20, 0x0, 0x1f, 0xf5,
    0x0, 0x5, 0x51, 0x0, 0x0, 0xd, 0xf8, 0x0,
    0x1f, 0xf5, 0x0, 0x1f, 0xf5, 0x0, 0x0, 0xd,
    0xf8, 0x0, 0x1f, 0xf5, 0x0, 0x1f, 0xf5, 0x0,
    0x0, 0xd, 0xfa, 0x33, 0x4f, 0xf7, 0x33, 0x4f,
    0xf5, 0x0, 0x0, 0xd, 0xff, 0xff, 0xff, 0xff,
    0xff, 0xff, 0xf5, 0x0, 0x0, 0xd, 0xff, 0xff,
    0xff, 0xff, 0xff, 0xff, 0xf5, 0x0, 0x0, 0x0,
    0x0, 0x0, 0x0, 0x0, 0x0, 0x1f, 0xf5, 0x0,

    /* U+5C4F "屏" */
    0x0, 0xaf, 0xff, 0xff, 0xff, 0xff, 0xff, 0xff,
    0xff, 0x80, 0x0, 0xaf, 0xff, 0xff, 0xff, 0xff,
    0xff, 0xff, 0xff, 0x80, 0x0, 0xaf, 0xd0, 0x0,
    0x0, 0x0, 0x0, 0x1, 0xff, 0x80, 0x0, 0xaf,
    0xff, 0xff, 0xff, 0xff, 0xff, 0xff, 0xff, 0x80,
    0x0, 0xaf, 0xff, 0xff, 0xff, 0xff, 0xff, 0xff,
    0xff, 0x80, 0x0, 0xaf, 0xd1, 0x18, 0xe9, 0x11,
    0x11, 0xbc, 0x81, 0x0, 0x0, 0xaf, 0xd0, 0x9,
    0xfe, 0x0, 0x1, 0xff, 0x70, 0x0, 0x0, 0xaf,
    0xd6, 0xbc, 0xfb, 0xbb, 0xbd, 0xff, 0xbb, 0x80,
    0x0, 0xaf, 0xc9, 0xff, 0xff, 0xff, 0xff, 0xff,
    0xff, 0xc0, 0x0, 0xaf, 0xc2, 0x44, 0xff, 0x84,
    0x4a, 0xff, 0x44, 0x30, 0x0, 0xbf, 0xb0, 0x0,
    0xff, 0x50, 0x7, 0xfe, 0x0, 0x0, 0x0, 0xdf,
    0xad, 0xdd, 0xff, 0xed, 0xde, 0xff, 0xdd, 0xd4,
    0x0, 0xff, 0x8f, 0xff, 0xff, 0xff, 0xff, 0xff,
    0xff, 0xf5, 0x3, 0xff, 0x53, 0x39, 0xff, 0x43,
    0x39, 0xff, 0x33, 0x31, 0x7, 0xff, 0x10, 0x2e,
    0xfd, 0x0, 0x7, 0xfe, 0x0, 0x0, 0xe, 0xfc,
    0x5, 0xef, 0xf5, 0x0, 0x7, 0xfe, 0x0, 0x0,
    0x5f, 0xf6, 0x1d, 0xff, 0x80, 0x0, 0x7, 0xfe,
    0x0, 0x0, 0x5, 0xd0, 0x2, 0xd5, 0x0, 0x0,
    0x7, 0xfe, 0x0, 0x0, 0x0, 0x0, 0x0, 0x0,
    0x0, 0x0, 0x0, 0x0, 0x0, 0x0,

    /* U+5DE5 "工" */
    0x2, 0xbb, 0xbb, 0xbb, 0xbb, 0xbb, 0xbb, 0xbb,
    0xb9, 0x0, 0x3f, 0xff, 0xff, 0xff, 0xff, 0xff,
    0xff, 0xff, 0xd0, 0x2, 0xdd, 0xdd, 0xdd, 0xff,
    0xfd, 0xdd, 0xdd, 0xdb, 0x0, 0x0, 0x0, 0x0,
    0xa, 0xff, 0x10, 0x0, 0x0, 0x0, 0x0, 0x0,
    0x0, 0x0, 0xaf, 0xf1, 0x0, 0x0, 0x0, 0x0,
    0x0, 0x0, 0x0, 0xa, 0xff, 0x10, 0x0, 0x0,
    0x0, 0x0, 0x0, 0x0, 0x0, 0xaf, 0xf1, 0x0,
    0x0, 0x0, 0x0, 0x0, 0x0, 0x0, 0xa, 0xff,
    0x10, 0x0, 0x0, 0x0, 0x0, 0x0, 0x0, 0x0,
    0xaf, 0xf1, 0x0, 0x0, 0x0, 0x0, 0x0, 0x0,
    0x0, 0xa, 0xff, 0x10, 0x0, 0x0, 0x0, 0x0,
    0x0, 0x0, 0x0, 0xaf, 0xf1, 0x0, 0x0, 0x0,
    0x0, 0x0, 0x0, 0x0, 0xa, 0xff, 0x10, 0x0,
    0x0, 0x0, 0x0, 0x0, 0x0, 0x0, 0xaf, 0xf1,
    0x0, 0x0, 0x0, 0x5, 0xff, 0xff, 0xff, 0xff,
    0xff, 0xff, 0xff, 0xff, 0xff, 0x5f, 0xff, 0xff,
    0xff, 0xff, 0xff, 0xff, 0xff, 0xff, 0xf2, 0x66,
    0x66, 0x66, 0x66, 0x66, 0x66, 0x66, 0x66, 0x66,

    /* U+5DF2 "已" */
    0x3f, 0xff, 0xff, 0xff, 0xff, 0xff, 0xff, 0xfa,
    0x0, 0x3, 0xff, 0xff, 0xff, 0xff, 0xff, 0xff,
    0xff, 0xa0, 0x0, 0x16, 0x66, 0x66, 0x66, 0x66,
    0x66, 0x6e, 0xfa, 0x0, 0x0, 0x0, 0x0, 0x0,
    0x0, 0x0, 0x0, 0xef, 0xa0, 0x0, 0x5, 0xff,
    0x10, 0x0, 0x0, 0x0, 0xe, 0xfa, 0x0, 0x0,
    0x6f, 0xf1, 0x0, 0x0, 0x0, 0x0, 0xef, 0xa0,
    0x0, 0x6, 0xff, 0x43, 0x33, 0x33, 0x33, 0x3e,
    0xfa, 0x0, 0x0, 0x6f, 0xff, 0xff, 0xff, 0xff,
    0xff, 0xff, 0xa0, 0x0, 0x6, 0xff, 0xff, 0xff,
    0xff, 0xff, 0xff, 0xfa, 0x0, 0x0, 0x6f, 0xf3,
    0x22, 0x22, 0x22, 0x22, 0xef, 0xa0, 0x0, 0x6,
    0xff, 0x10, 0x0, 0x0, 0x0, 0x1, 0x10, 0x0,
    0x0, 0x6f, 0xf1, 0x0, 0x0, 0x0, 0x0, 0x0,
    0x14, 0x0, 0x6, 0xff, 0x10, 0x0, 0x0, 0x0,
    0x0, 0x5, 0xfe, 0x20, 0x5f, 0xf1, 0x0, 0x0,
    0x0, 0x0, 0x0, 0x8f, 0xf1, 0x4, 0xff, 0x83,
    0x22, 0x22, 0x22, 0x22, 0x5f, 0xfd, 0x0, 0x1f,
    0xff, 0xff, 0xff, 0xff, 0xff, 0xff, 0xff, 0x60,
    0x0, 0x4d, 0xff, 0xff, 0xff, 0xff, 0xff, 0xff,
    0x80, 0x0, 0x0, 0x1, 0x23, 0x33, 0x33, 0x33,
    0x32, 0x0, 0x0,

    /* U+5E38 "常" */
    0x0, 0x17, 0x90, 0x1, 0xff, 0x60, 0x4, 0x84,
    0x0, 0x0, 0x7f, 0xf5, 0x1, 0xff, 0x60, 0xd,
    0xfe, 0x10, 0x0, 0x1e, 0xf8, 0x1, 0xff, 0x70,
    0x5f, 0xf3, 0x0, 0x6f, 0xff, 0xff, 0xff, 0xff,
    0xff, 0xff, 0xff, 0xfb, 0x6f, 0xff, 0xff, 0xff,
    0xff, 0xff, 0xff, 0xff, 0xfb, 0x6f, 0xe0, 0x11,
    0x11, 0x11, 0x11, 0x11, 0xa, 0xfb, 0x6f, 0xe2,
    0xff, 0xff, 0xff, 0xff, 0xff, 0x8a, 0xfb, 0x4c,
    0xb2, 0xff, 0xaa, 0xaa, 0xaa, 0xff, 0x87, 0xc8,
    0x0, 0x2, 0xff, 0x53, 0x33, 0x33, 0xff, 0x80,
    0x0, 0x0, 0x2, 0xff, 0xff, 0xff, 0xff, 0xff,
    0x80, 0x0, 0x0, 0x1, 0x77, 0x77, 0xef, 0xd7,
    0x77, 0x40, 0x0, 0x0, 0x33, 0x33, 0x33, 0xdf,
    0xb3, 0x33, 0x33, 0x10, 0x1, 0xff, 0xff, 0xff,
    0xff, 0xff, 0xff, 0xff, 0x80, 0x1, 0xff, 0xff,
    0xff, 0xff, 0xff, 0xff, 0xff, 0x80, 0x1, 0xff,
    0x60, 0x0, 0xdf, 0xa0, 0x0, 0xcf, 0x80, 0x1,
    0xff, 0x60, 0x0, 0xdf, 0xa0, 0x0, 0xdf, 0x80,
    0x1, 0xff, 0x60, 0x0, 0xdf, 0xa2, 0xff, 0xff,
    0x70, 0x0, 0xee, 0x50, 0x0, 0xdf, 0xa0, 0xdf,
    0xfc, 0x10, 0x0, 0x0, 0x0, 0x0, 0xdf, 0xa0,
    0x11, 0x0, 0x0,

    /* U+5E55 "幕" */
    0x0, 0x0, 0x7, 0xfd, 0x0, 0x0, 0xff, 0x60,
    0x0, 0x0, 0xc, 0xff, 0xff, 0xff, 0xff, 0xff,
    0xff, 0xff, 0xff, 0xc0, 0xb, 0xee, 0xef, 0xff,
    0xee, 0xee, 0xff, 0xfe, 0xee, 0xb0, 0x0, 0x2,
    0x26, 0xba, 0x22, 0x22, 0xab, 0x62, 0x20, 0x0,
    0x0, 0xf, 0xff, 0xff, 0xff, 0xff, 0xff, 0xff,
    0xf2, 0x0, 0x0, 0xf, 0xf8, 0x44, 0x44, 0x44,
    0x44, 0x7f, 0xf2, 0x0, 0x0, 0xf, 0xff, 0xff,
    0xff, 0xff, 0xff, 0xff, 0xf2, 0x0, 0x0, 0xf,
    0xf7, 0x44, 0x44, 0x44, 0x44, 0x7f, 0xf2, 0x0,
    0x0, 0xf, 0xff, 0xff, 0xff, 0xff, 0xff, 0xff,
    0xf2, 0x0, 0x0, 0x7, 0x77, 0xcf, 0xf7, 0x77,
    0x77, 0x77, 0x71, 0x0, 0x9, 0x99, 0x99, 0xff,
    0xd9, 0x99, 0x99, 0x99, 0x99, 0x90, 0xf, 0xff,
    0xff, 0xff, 0xff, 0xff, 0xff, 0xff, 0xff, 0xf0,
    0x4, 0x49, 0xff, 0xe4, 0x7f, 0xf4, 0x4d, 0xfe,
    0x64, 0x40, 0x4, 0xcf, 0xff, 0xed, 0xdf, 0xfd,
    0xde, 0xff, 0xfa, 0x51, 0x3f, 0xff, 0xff, 0xff,
    0xff, 0xff, 0xff, 0xff, 0xff, 0xe2, 0x6, 0x92,
    0xdf, 0x70, 0x4f, 0xf1, 0x4, 0xff, 0x38, 0x40,
    0x0, 0x0, 0xdf, 0x70, 0x4f, 0xf1, 0x8b, 0xff,
    0x0, 0x0, 0x0, 0x0, 0xdf, 0x70, 0x4f, 0xf1,
    0x9f, 0xf9, 0x0, 0x0, 0x0, 0x0, 0x1, 0x0,
    0x4f, 0xf1, 0x0, 0x0, 0x0, 0x0,

    /* U+5F00 "开" */
    0x6, 0xff, 0xff, 0xff, 0xff, 0xff, 0xff, 0xff,
    0xff, 0x90, 0x6, 0xff, 0xff, 0xff, 0xff, 0xff,
    0xff, 0xff, 0xff, 0x90, 0x1, 0x33, 0x3a, 0xff,
    0x33, 0x33, 0x9f, 0xf3, 0x33, 0x20, 0x0, 0x0,
    0x9, 0xfe, 0x0, 0x0, 0x8f, 0xf0, 0x0, 0x0,
    0x0, 0x0, 0x9, 0xfe, 0x0, 0x0, 0x8f, 0xf0,
    0x0, 0x0, 0x0, 0x0, 0x9, 0xfe, 0x0, 0x0,
    0x8f, 0xf0, 0x0, 0x0, 0x0, 0x0, 0x9, 0xfe,
    0x0, 0x0, 0x8f, 0xf0, 0x0, 0x0, 0x1e, 0xee,
    0xef, 0xff, 0xee, 0xee, 0xff, 0xfe, 0xee, 0xe2,
    0x1f, 0xff, 0xff, 0xff, 0xff, 0xff, 0xff, 0xff,
    0xff, 0xf2, 0x6, 0x66, 0x6e, 0xfd, 0x66, 0x66,
    0xbf, 0xf6, 0x66, 0x60, 0x0, 0x0, 0xe, 0xfa,
    0x0, 0x0, 0x8f, 0xf0, 0x0, 0x0, 0x0, 0x0,
    0x3f, 0xf7, 0x0, 0x0, 0x8f, 0xf0, 0x0, 0x0,
    0x0, 0x0, 0xaf, 0xf2, 0x0, 0x0, 0x8f, 0xf0,
    0x0, 0x0, 0x0, 0x4, 0xff, 0xc0, 0x0, 0x0,
    0x8f, 0xf0, 0x0, 0x0, 0x0, 0x2e, 0xff, 0x40,
    0x0, 0x0, 0x8f, 0xf0, 0x0, 0x0, 0x4, 0xef,
    0xf9, 0x0, 0x0, 0x0, 0x8f, 0xf0, 0x0, 0x0,
    0xb, 0xff, 0xb0, 0x0, 0x0, 0x0, 0x8f, 0xf0,
    0x0, 0x0, 0x0, 0xa9, 0x0, 0x0, 0x0, 0x0,
    0x8f, 0xf0, 0x0, 0x0, 0x0, 0x0, 0x0, 0x0,
    0x0, 0x0, 0x0, 0x0, 0x0, 0x0,

    /* U+5F0F "式" */
    0x0, 0x0, 0x0, 0x0, 0x0, 0x0, 0x0, 0x0,
    0x0, 0x0, 0x0, 0x0, 0x0, 0x0, 0x2f, 0xf7,
    0xb, 0x90, 0x0, 0x0, 0x0, 0x0, 0x0, 0x2,
    0xff, 0x66, 0xff, 0xb0, 0x0, 0x0, 0x0, 0x0,
    0x0, 0x1f, 0xf6, 0x6, 0xff, 0x30, 0x66, 0x66,
    0x66, 0x66, 0x67, 0xff, 0xa6, 0x6c, 0xa6, 0xf,
    0xff, 0xff, 0xff, 0xff, 0xff, 0xff, 0xff, 0xff,
    0xf0, 0xff, 0xff, 0xff, 0xff, 0xff, 0xff, 0xff,
    0xff, 0xff, 0x0, 0x0, 0x0, 0x0, 0x0, 0xe,
    0xf9, 0x0, 0x0, 0x0, 0x2, 0x22, 0x22, 0x22,
    0x21, 0xcf, 0xb0, 0x0, 0x0, 0x3, 0xff, 0xff,
    0xff, 0xff, 0x7b, 0xfd, 0x0, 0x0, 0x0, 0x3f,
    0xff, 0xff, 0xff, 0xf7, 0x9f, 0xf0, 0x0, 0x0,
    0x0, 0x22, 0x5f, 0xf5, 0x22, 0x17, 0xff, 0x10,
    0x0, 0x0, 0x0, 0x3, 0xff, 0x30, 0x0, 0x4f,
    0xf4, 0x0, 0x0, 0x0, 0x0, 0x3f, 0xf3, 0x0,
    0x1, 0xff, 0x80, 0x2, 0x0, 0x0, 0x3, 0xff,
    0x30, 0x0, 0xd, 0xfc, 0x0, 0xab, 0x20, 0x0,
    0x3f, 0xf9, 0xad, 0xf0, 0x8f, 0xf1, 0xb, 0xf7,
    0x47, 0xae, 0xff, 0xff, 0xff, 0x13, 0xff, 0x80,
    0xdf, 0x5c, 0xff, 0xff, 0xff, 0xeb, 0x70, 0xb,
    0xff, 0xaf, 0xf2, 0x8f, 0xfd, 0x95, 0x20, 0x0,
    0x0, 0x2f, 0xff, 0xfd, 0x2, 0x40, 0x0, 0x0,
    0x0, 0x0, 0x0, 0x3c, 0xfd, 0x30,

    /* U+5F85 "待" */
    0x0, 0x0, 0x0, 0x0, 0x0, 0x0, 0x0, 0x0,
    0x0, 0x0, 0x0, 0x0, 0xcb, 0x40, 0x0, 0x7,
    0xff, 0x0, 0x0, 0x0, 0x0, 0xb, 0xff, 0x50,
    0x0, 0x7, 0xff, 0x0, 0x0, 0x0, 0x1, 0xcf,
    0xf7, 0x8, 0xff, 0xff, 0xff, 0xff, 0xff, 0x40,
    0x4e, 0xff, 0x70, 0x8, 0xff, 0xff, 0xff, 0xff,
    0xff, 0x40, 0x3f, 0xf6, 0x28, 0x22, 0x33, 0x39,
    0xff, 0x33, 0x33, 0x10, 0x8, 0x30, 0xcf, 0xe0,
    0x0, 0x7, 0xff, 0x0, 0x0, 0x0, 0x0, 0x9,
    0xff, 0xde, 0xee, 0xef, 0xff, 0xee, 0xee, 0xe6,
    0x0, 0x7f, 0xf9, 0xaf, 0xff, 0xff, 0xff, 0xff,
    0xff, 0xf7, 0x8, 0xff, 0xf6, 0x46, 0x66, 0x66,
    0x66, 0xdf, 0xd6, 0x62, 0x9f, 0xff, 0xf6, 0x0,
    0x0, 0x0, 0x0, 0xbf, 0xb0, 0x0, 0x6f, 0xdf,
    0xf6, 0x4f, 0xff, 0xff, 0xff, 0xff, 0xff, 0xf4,
    0xb, 0x1e, 0xf6, 0x4f, 0xff, 0xff, 0xff, 0xff,
    0xff, 0xf4, 0x0, 0xe, 0xf6, 0x2, 0x4a, 0x22,
    0x22, 0xcf, 0xc2, 0x20, 0x0, 0xe, 0xf6, 0x2,
    0xff, 0x80, 0x0, 0xbf, 0xb0, 0x0, 0x0, 0xe,
    0xf6, 0x0, 0x9f, 0xf3, 0x0, 0xbf, 0xb0, 0x0,
    0x0, 0xe, 0xf6, 0x0, 0xe, 0xfc, 0x0, 0xbf,
    0xb0, 0x0, 0x0, 0xe, 0xf6, 0x0, 0x6, 0xb4,
    0x22, 0xcf, 0xb0, 0x0, 0x0, 0xe, 0xf6, 0x0,
    0x0, 0x3, 0xff, 0xff, 0x90, 0x0, 0x0, 0xe,
    0xf6, 0x0, 0x0, 0x0, 0xef, 0xfb, 0x10, 0x0,
    0x0, 0x0, 0x0, 0x0, 0x0, 0x0, 0x0, 0x0,
    0x0, 0x0,

    /* U+606F "息" */
    0x0, 0x0, 0x0, 0x0, 0x14, 0x20, 0x0, 0x0,
    0x0, 0x0, 0x0, 0x0, 0x0, 0x0, 0x6f, 0xf6,
    0x0, 0x0, 0x0, 0x0, 0x0, 0x2, 0x66, 0x66,
    0xcf, 0xf6, 0x66, 0x66, 0x10, 0x0, 0x0, 0x6,
    0xff, 0xff, 0xff, 0xff, 0xff, 0xff, 0x40, 0x0,
    0x0, 0x6, 0xff, 0x66, 0x66, 0x66, 0x67, 0xff,
    0x40, 0x0, 0x0, 0x6, 0xff, 0xaa, 0xaa, 0xaa,
    0xab, 0xff, 0x40, 0x0, 0x0, 0x6, 0xff, 0xff,
    0xff, 0xff, 0xff, 0xff, 0x40, 0x0, 0x0, 0x6,
    0xff, 0x0, 0x0, 0x0, 0x2, 0xff, 0x40, 0x0,
    0x0, 0x6, 0xff, 0xcc, 0xcc, 0xcc, 0xcc, 0xff,
    0x40, 0x0, 0x0, 0x6, 0xff, 0xff, 0xff, 0xff,
    0xff, 0xff, 0x40, 0x0, 0x0, 0x6, 0xff, 0x0,
    0x0, 0x0, 0x2, 0xff, 0x40, 0x0, 0x0, 0x6,
    0xff, 0xff, 0xff, 0xff, 0xff, 0xff, 0x40, 0x0,
    0x0, 0x4, 0xcc, 0xcc, 0xcf, 0xec, 0xcc, 0xcc,
    0x30, 0x0, 0x0, 0x0, 0x0, 0x0, 0x6f, 0xf2,
    0x0, 0x0, 0x41, 0x0, 0x0, 0x87, 0x18, 0x94,
    0xd, 0xfd, 0x0, 0xd, 0xf9, 0x0, 0x0, 0xff,
    0x7f, 0xf7, 0x3, 0xff, 0x61, 0x8, 0xff, 0x20,
    0x7, 0xff, 0x1f, 0xf7, 0x0, 0x87, 0x9, 0xd6,
    0xff, 0xa0, 0xe, 0xfa, 0xf, 0xfa, 0x22, 0x22,
    0x3d, 0xf8, 0x9f, 0xf0, 0x2b, 0xf4, 0xc, 0xff,
    0xff, 0xff, 0xff, 0xf3, 0x3b, 0x40, 0x0, 0x20,
    0x3, 0xcf, 0xff, 0xff, 0xfe, 0x80, 0x0, 0x0,

    /* U+6210 "成" */
    0x0, 0x0, 0x0, 0x0, 0x0, 0x0, 0x0, 0x0,
    0x0, 0x0, 0x0, 0x0, 0x0, 0x0, 0x0, 0x7f,
    0xf0, 0xae, 0x50, 0x0, 0x0, 0x0, 0x0, 0x0,
    0x0, 0x7f, 0xf2, 0xcf, 0xfa, 0x0, 0x0, 0x0,
    0x0, 0x0, 0x0, 0x7f, 0xf0, 0x8, 0xfc, 0x0,
    0x0, 0xaf, 0xff, 0xff, 0xff, 0xff, 0xff, 0xff,
    0xff, 0xf6, 0x0, 0xaf, 0xff, 0xff, 0xff, 0xff,
    0xff, 0xff, 0xff, 0xf6, 0x0, 0xaf, 0xf5, 0x55,
    0x55, 0x8f, 0xf8, 0x55, 0x55, 0x52, 0x0, 0xaf,
    0xe0, 0x0, 0x0, 0x2f, 0xf4, 0x1, 0x40, 0x0,
    0x0, 0xaf, 0xe3, 0x33, 0x32, 0x1f, 0xf6, 0x7,
    0xff, 0x20, 0x0, 0xaf, 0xff, 0xff, 0xfa, 0xf,
    0xf8, 0xc, 0xfd, 0x0, 0x0, 0xaf, 0xff, 0xff,
    0xfa, 0xc, 0xfb, 0x3f, 0xf7, 0x0, 0x0, 0xaf,
    0xd0, 0xb, 0xf9, 0xa, 0xfe, 0xcf, 0xf1, 0x0,
    0x0, 0xbf, 0xd0, 0xb, 0xf9, 0x7, 0xff, 0xff,
    0x70, 0x0, 0x0, 0xcf, 0xb0, 0xc, 0xf8, 0x3,
    0xff, 0xfe, 0x0, 0x0, 0x0, 0xef, 0xa4, 0x4f,
    0xf7, 0x0, 0xff, 0xf4, 0x7, 0x91, 0x1, 0xff,
    0x7d, 0xff, 0xf4, 0xb, 0xff, 0xf0, 0x8, 0xf8,
    0x5, 0xff, 0x48, 0xed, 0x81, 0xcf, 0xff, 0xf8,
    0xb, 0xf6, 0xa, 0xff, 0x0, 0x0, 0x5e, 0xff,
    0xbc, 0xff, 0x9f, 0xf3, 0x1f, 0xfb, 0x0, 0x0,
    0xcf, 0xfa, 0x2, 0xff, 0xff, 0xe0, 0x4, 0xe4,
    0x0, 0x0, 0x1c, 0x60, 0x0, 0x3c, 0xfd, 0x30,
    0x0, 0x10, 0x0, 0x0, 0x0, 0x0, 0x0, 0x0,
    0x0, 0x0,

    /* U+626B "扫" */
    0x0, 0x6, 0xfe, 0x0, 0x0, 0x0, 0x0, 0x0,
    0x0, 0x0, 0x0, 0x6f, 0xe0, 0x1, 0x33, 0x33,
    0x33, 0x33, 0x31, 0x0, 0x6, 0xfe, 0x0, 0x7f,
    0xff, 0xff, 0xff, 0xff, 0x60, 0x44, 0x9f, 0xf4,
    0x48, 0xff, 0xff, 0xff, 0xff, 0xf6, 0x1f, 0xff,
    0xff, 0xff, 0x31, 0x11, 0x11, 0x11, 0xef, 0x61,
    0xff, 0xff, 0xff, 0xf2, 0x0, 0x0, 0x0, 0xe,
    0xf6, 0x0, 0x6, 0xfe, 0x0, 0x0, 0x0, 0x0,
    0x0, 0xef, 0x60, 0x0, 0x6f, 0xe0, 0x0, 0x0,
    0x0, 0x0, 0xe, 0xf6, 0x0, 0x6, 0xff, 0x47,
    0x4f, 0xff, 0xff, 0xff, 0xff, 0x60, 0x26, 0xbf,
    0xff, 0xf6, 0xff, 0xff, 0xff, 0xff, 0xf6, 0x3f,
    0xff, 0xff, 0xfc, 0x46, 0x66, 0x66, 0x66, 0xff,
    0x60, 0xef, 0xef, 0xf0, 0x0, 0x0, 0x0, 0x0,
    0xe, 0xf6, 0x2, 0x6, 0xfe, 0x0, 0x0, 0x0,
    0x0, 0x0, 0xef, 0x60, 0x0, 0x6f, 0xe0, 0x0,
    0x0, 0x0, 0x0, 0xe, 0xf6, 0x0, 0x6, 0xfe,
    0x0, 0x0, 0x0, 0x0, 0x0, 0xef, 0x60, 0x0,
    0x6f, 0xe0, 0x9, 0xff, 0xff, 0xff, 0xff, 0xf6,
    0x1, 0x28, 0xfe, 0x0, 0x9f, 0xff, 0xff, 0xff,
    0xff, 0x60, 0x6f, 0xff, 0xc0, 0x2, 0x44, 0x44,
    0x44, 0x4f, 0xf6, 0x2, 0xff, 0xc3, 0x0, 0x0,
    0x0, 0x0, 0x0, 0xde, 0x50,

    /* U+626C "扬" */
    0x0, 0xf, 0xf5, 0x0, 0x0, 0x0, 0x0, 0x1,
    0x0, 0x0, 0x0, 0xf, 0xf5, 0x7, 0xff, 0xff,
    0xff, 0xff, 0xc1, 0x0, 0x0, 0xf, 0xf5, 0x7,
    0xff, 0xff, 0xff, 0xff, 0xf4, 0x0, 0x2, 0x2f,
    0xf6, 0x22, 0x44, 0x44, 0xdf, 0xfd, 0x20, 0x0,
    0x3f, 0xff, 0xff, 0xf5, 0x0, 0x3d, 0xff, 0xa0,
    0x0, 0x0, 0x3d, 0xdf, 0xfe, 0xd4, 0x8, 0xff,
    0xe5, 0x0, 0x0, 0x0, 0x0, 0xf, 0xf5, 0x4,
    0xff, 0xff, 0xff, 0xff, 0xff, 0xf2, 0x0, 0xf,
    0xf5, 0x1, 0xff, 0xff, 0xff, 0xff, 0xff, 0xf1,
    0x0, 0xf, 0xf8, 0x82, 0x65, 0xef, 0x98, 0xfe,
    0x8f, 0xf0, 0x2, 0x6f, 0xff, 0xf5, 0x3, 0xff,
    0x19, 0xfa, 0x5f, 0xf0, 0x5f, 0xff, 0xff, 0xe4,
    0xc, 0xf9, 0xe, 0xf4, 0x6f, 0xe0, 0x2f, 0xff,
    0xf6, 0x0, 0x8f, 0xf1, 0x6f, 0xd0, 0x7f, 0xc0,
    0x6, 0x2f, 0xf5, 0x7, 0xff, 0x50, 0xdf, 0x60,
    0x9f, 0xb0, 0x0, 0xf, 0xf5, 0x4f, 0xf8, 0x7,
    0xfd, 0x0, 0xbf, 0x90, 0x0, 0xf, 0xf5, 0x4,
    0x70, 0x3f, 0xf4, 0x0, 0xdf, 0x70, 0x0, 0xf,
    0xf5, 0x0, 0x2, 0xef, 0x90, 0x1, 0xff, 0x50,
    0x4, 0x5f, 0xf4, 0x0, 0x3e, 0xfc, 0x3, 0x29,
    0xff, 0x10, 0xa, 0xff, 0xf2, 0x5, 0xff, 0xc0,
    0xb, 0xff, 0xfb, 0x0, 0x6, 0xfd, 0x70, 0x0,
    0x79, 0x0, 0x6, 0xee, 0xa1, 0x0,

    /* U+62A5 "报" */
    0x0, 0xe, 0xf8, 0x0, 0x0, 0x0, 0x0, 0x0,
    0x0, 0x0, 0x0, 0xe, 0xf8, 0x0, 0xcf, 0xff,
    0xff, 0xff, 0xff, 0x60, 0x0, 0xe, 0xf8, 0x0,
    0xcf, 0xff, 0xff, 0xff, 0xff, 0x50, 0x13, 0x3f,
    0xf9, 0x31, 0xcf, 0xa3, 0x33, 0x35, 0xff, 0x40,
    0x7f, 0xff, 0xff, 0xf7, 0xcf, 0x90, 0x0, 0x5,
    0xff, 0x20, 0x7f, 0xff, 0xff, 0xf7, 0xcf, 0x90,
    0xbf, 0xef, 0xff, 0x0, 0x12, 0x2f, 0xf9, 0x21,
    0xcf, 0x90, 0x7f, 0xff, 0xd5, 0x0, 0x0, 0xe,
    0xf8, 0x0, 0xcf, 0xa3, 0x33, 0x33, 0x33, 0x0,
    0x0, 0xe, 0xf8, 0x32, 0xcf, 0xff, 0xff, 0xff,
    0xff, 0xc0, 0x0, 0x3f, 0xff, 0xf7, 0xcf, 0xff,
    0xff, 0xff, 0xff, 0x90, 0x8f, 0xff, 0xff, 0xfa,
    0xcf, 0xbf, 0xf3, 0x0, 0xff, 0x50, 0x7f, 0xff,
    0xfc, 0x40, 0xcf, 0x9b, 0xfb, 0x6, 0xff, 0x10,
    0x39, 0x5f, 0xf8, 0x0, 0xcf, 0x93, 0xff, 0x4d,
    0xfa, 0x0, 0x0, 0xe, 0xf8, 0x0, 0xcf, 0x90,
    0xbf, 0xff, 0xf3, 0x0, 0x0, 0xe, 0xf8, 0x0,
    0xcf, 0x90, 0x2f, 0xff, 0xb0, 0x0, 0x0, 0xe,
    0xf8, 0x0, 0xcf, 0x90, 0x3f, 0xff, 0xd2, 0x0,
    0x24, 0x4f, 0xf8, 0x0, 0xcf, 0x97, 0xff, 0xff,
    0xff, 0x81, 0x4f, 0xff, 0xf5, 0x0, 0xcf, 0xff,
    0xfe, 0x37, 0xff, 0xe1, 0xf, 0xfd, 0x80, 0x0,
    0xbf, 0x8a, 0xa1, 0x0, 0x3c, 0x30, 0x0, 0x0,
    0x0, 0x0, 0x0, 0x0, 0x0, 0x0, 0x0, 0x0,

    /* U+62E9 "择" */
    0x0, 0xf, 0xf6, 0x0, 0x0, 0x0, 0x0, 0x0,
    0x0, 0x0, 0x0, 0xf, 0xf6, 0x0, 0xff, 0xff,
    0xff, 0xff, 0xfd, 0x20, 0x0, 0xf, 0xf6, 0x0,
    0xff, 0xff, 0xff, 0xff, 0xfe, 0x10, 0x3, 0x3f,
    0xf8, 0x31, 0x18, 0xfe, 0x21, 0x7f, 0xf5, 0x0,
    0x3f, 0xff, 0xff, 0xf8, 0x0, 0xcf, 0xd8, 0xff,
    0x80, 0x0, 0x3f, 0xff, 0xff, 0xf7, 0x0, 0x1d,
    0xff, 0xf8, 0x0, 0x0, 0x0, 0xf, 0xf6, 0x0,
    0x3, 0xaf, 0xff, 0xfd, 0x61, 0x0, 0x0, 0xf,
    0xf6, 0x8, 0xdf, 0xff, 0x96, 0xef, 0xff, 0xc4,
    0x0, 0xf, 0xfa, 0x98, 0xff, 0x92, 0x88, 0x47,
    0xef, 0xd0, 0x15, 0x9f, 0xff, 0xf5, 0x40, 0x0,
    0xff, 0x60, 0x3, 0x20, 0x5f, 0xff, 0xfe, 0xa3,
    0xbf, 0xff, 0xff, 0xff, 0xff, 0x0, 0x2f, 0xcf,
    0xf6, 0x0, 0xbf, 0xff, 0xff, 0xff, 0xff, 0x0,
    0x1, 0xf, 0xf6, 0x0, 0x12, 0x22, 0xff, 0x72,
    0x22, 0x0, 0x0, 0xf, 0xf6, 0x2, 0x22, 0x23,
    0xff, 0x72, 0x22, 0x20, 0x0, 0xf, 0xf6, 0xb,
    0xff, 0xff, 0xff, 0xff, 0xff, 0xf3, 0x0, 0xf,
    0xf6, 0xb, 0xff, 0xff, 0xff, 0xff, 0xff, 0xf3,
    0x3, 0x3f, 0xf5, 0x0, 0x0, 0x0, 0xff, 0x60,
    0x0, 0x0, 0xa, 0xff, 0xf4, 0x0, 0x0, 0x0,
    0xff, 0x60, 0x0, 0x0, 0x6, 0xfe, 0x80, 0x0,
    0x0, 0x0, 0xff, 0x60, 0x0, 0x0,

    /* U+6309 "按" */
    0x0, 0x0, 0x0, 0x0, 0x0, 0x0, 0x0, 0x0,
    0x0, 0x0, 0x0, 0xe, 0xf6, 0x0, 0x0, 0x4,
    0xef, 0x20, 0x0, 0x0, 0x0, 0xe, 0xf6, 0x0,
    0x0, 0x1, 0xff, 0x70, 0x0, 0x0, 0x0, 0xe,
    0xf6, 0x3, 0xaa, 0xaa, 0xff, 0xea, 0xaa, 0xa1,
    0x13, 0x3f, 0xf8, 0x36, 0xff, 0xff, 0xff, 0xff,
    0xff, 0xf1, 0x4f, 0xff, 0xff, 0xfa, 0xff, 0x66,
    0x66, 0x66, 0x9f, 0xf1, 0x4f, 0xff, 0xff, 0xfa,
    0xfe, 0xc, 0xc7, 0x0, 0x4f, 0xf1, 0x0, 0xe,
    0xf6, 0x3, 0x98, 0x2f, 0xf6, 0x0, 0x29, 0x90,
    0x0, 0xe, 0xf6, 0x3, 0x33, 0x8f, 0xf5, 0x33,
    0x33, 0x31, 0x0, 0xe, 0xf6, 0xf, 0xff, 0xff,
    0xff, 0xff, 0xff, 0xf5, 0x0, 0xe, 0xfa, 0xaf,
    0xef, 0xff, 0xee, 0xef, 0xff, 0xe4, 0x4, 0x8f,
    0xff, 0xf7, 0xa, 0xff, 0x0, 0x2f, 0xf7, 0x0,
    0x7f, 0xff, 0xff, 0xa3, 0x1f, 0xf9, 0x0, 0x6f,
    0xf2, 0x0, 0x4f, 0xdf, 0xf6, 0x0, 0x9f, 0xf9,
    0x0, 0xdf, 0xd0, 0x0, 0x2, 0xe, 0xf6, 0x0,
    0x7e, 0xff, 0xea, 0xff, 0x50, 0x0, 0x0, 0xe,
    0xf6, 0x0, 0x0, 0x7f, 0xff, 0xfd, 0x0, 0x0,
    0x0, 0xe, 0xf6, 0x0, 0x0, 0x1a, 0xff, 0xff,
    0xb2, 0x0, 0x2, 0x2f, 0xf6, 0x1, 0x5a, 0xff,
    0xfc, 0xdf, 0xff, 0x60, 0xe, 0xff, 0xf4, 0xa,
    0xff, 0xfe, 0x70, 0x7, 0xff, 0xe1, 0x9, 0xfe,
    0x80, 0x2, 0xea, 0x50, 0x0, 0x0, 0x3c, 0x30,
    0x0, 0x0, 0x0, 0x0, 0x0, 0x0, 0x0, 0x0,
    0x0, 0x0,

    /* U+63A5 "接" */
    0x0, 0x3f, 0xf0, 0x0, 0x0, 0x4, 0xaa, 0x0,
    0x0, 0x0, 0x0, 0x3f, 0xf0, 0x0, 0x11, 0x13,
    0xff, 0x51, 0x11, 0x0, 0x0, 0x3f, 0xf0, 0x3,
    0xff, 0xff, 0xff, 0xff, 0xff, 0xe0, 0x1, 0x4f,
    0xf1, 0x3, 0xff, 0xff, 0xff, 0xff, 0xff, 0xe0,
    0x4f, 0xff, 0xff, 0xa0, 0x8, 0xf8, 0x0, 0x3f,
    0xd1, 0x0, 0x3d, 0xef, 0xfd, 0x80, 0x2, 0xff,
    0x10, 0xbf, 0x90, 0x0, 0x0, 0x3f, 0xf0, 0xa,
    0xdd, 0xfe, 0xdd, 0xff, 0xdd, 0xd4, 0x0, 0x3f,
    0xf0, 0xc, 0xff, 0xff, 0xff, 0xff, 0xff, 0xf5,
    0x0, 0x3f, 0xf5, 0x42, 0x33, 0x3c, 0xe8, 0x33,
    0x33, 0x31, 0x4, 0x9f, 0xff, 0xa0, 0x0, 0x2f,
    0xf4, 0x0, 0x0, 0x0, 0x7f, 0xff, 0xff, 0xbf,
    0xff, 0xff, 0xff, 0xff, 0xff, 0xf8, 0x3f, 0xff,
    0xf0, 0x1f, 0xff, 0xff, 0xff, 0xff, 0xff, 0xf9,
    0x2, 0x3f, 0xf0, 0x1, 0x1c, 0xfc, 0x11, 0x4f,
    0xf4, 0x10, 0x0, 0x3f, 0xf0, 0x0, 0x7f, 0xf8,
    0x0, 0xbf, 0xd0, 0x0, 0x0, 0x3f, 0xf0, 0x0,
    0xbf, 0xff, 0xfb, 0xff, 0x60, 0x0, 0x0, 0x3f,
    0xf0, 0x0, 0x1, 0x7e, 0xff, 0xff, 0x30, 0x0,
    0x3, 0x6f, 0xf0, 0x0, 0x36, 0xaf, 0xff, 0xff,
    0xfa, 0x10, 0xe, 0xff, 0xd0, 0x4f, 0xff, 0xff,
    0xc5, 0x4c, 0xff, 0xd0, 0x9, 0xfc, 0x40, 0xb,
    0xeb, 0x72, 0x0, 0x0, 0x6e, 0x30, 0x0, 0x0,
    0x0, 0x0, 0x0, 0x0, 0x0, 0x0, 0x0, 0x0,

    /* U+63CF "描" */
    0x0, 0x2f, 0xf0, 0x0, 0x8, 0xfc, 0x0, 0x8f,
    0x90, 0x0, 0x0, 0x3f, 0xf0, 0x0, 0x8, 0xfc,
    0x0, 0x8f, 0x90, 0x0, 0x0, 0x3f, 0xf0, 0x4,
    0x6b, 0xfe, 0x66, 0xbf, 0xc6, 0x61, 0x3, 0x5f,
    0xf3, 0x2c, 0xff, 0xff, 0xff, 0xff, 0xff, 0xf3,
    0x4f, 0xff, 0xff, 0xd9, 0xce, 0xff, 0xcc, 0xef,
    0xec, 0xc2, 0x4f, 0xff, 0xff, 0xd0, 0x8, 0xfc,
    0x0, 0x8f, 0x90, 0x0, 0x0, 0x3f, 0xf0, 0x0,
    0x8, 0xfc, 0x0, 0x8f, 0x90, 0x0, 0x0, 0x3f,
    0xf0, 0x0, 0x22, 0x22, 0x22, 0x22, 0x22, 0x0,
    0x0, 0x3f, 0xf0, 0x12, 0xff, 0xff, 0xff, 0xff,
    0xff, 0x50, 0x0, 0x4f, 0xfe, 0xd2, 0xff, 0xff,
    0xff, 0xff, 0xff, 0x50, 0x5d, 0xff, 0xff, 0xf2,
    0xff, 0x0, 0xff, 0x30, 0xef, 0x50, 0x5f, 0xff,
    0xf5, 0x12, 0xff, 0x32, 0xff, 0x52, 0xff, 0x50,
    0x18, 0x6f, 0xf0, 0x2, 0xff, 0xff, 0xff, 0xff,
    0xff, 0x50, 0x0, 0x3f, 0xf0, 0x2, 0xff, 0xee,
    0xff, 0xee, 0xff, 0x50, 0x0, 0x3f, 0xf0, 0x2,
    0xff, 0x0, 0xff, 0x30, 0xef, 0x50, 0x0, 0x3f,
    0xf0, 0x2, 0xff, 0x88, 0xff, 0x98, 0xff, 0x50,
    0x3, 0x6f, 0xf0, 0x2, 0xff, 0xff, 0xff, 0xff,
    0xff, 0x50, 0xe, 0xff, 0xe0, 0x2, 0xff, 0x99,
    0x99, 0x99, 0xff, 0x50, 0x9, 0xeb, 0x30, 0x2,
    0xff, 0x0, 0x0, 0x0, 0xef, 0x50, 0x0, 0x0,
    0x0, 0x0, 0x11, 0x0, 0x0, 0x0, 0x0, 0x0,

    /* U+63D0 "提" */
    0x0, 0x3f, 0xf0, 0x0, 0x0, 0x0, 0x0, 0x0,
    0x0, 0x0, 0x0, 0x3f, 0xf0, 0x0, 0xef, 0xff,
    0xff, 0xff, 0xff, 0x10, 0x0, 0x3f, 0xf0, 0x0,
    0xef, 0xcb, 0xbb, 0xbc, 0xff, 0x10, 0x1, 0x4f,
    0xf2, 0x10, 0xef, 0xb9, 0x99, 0x9b, 0xff, 0x10,
    0x5f, 0xff, 0xff, 0xf0, 0xef, 0xff, 0xff, 0xff,
    0xff, 0x10, 0x5f, 0xff, 0xff, 0xf0, 0xef, 0x40,
    0x0, 0x4, 0xff, 0x10, 0x1, 0x4f, 0xf1, 0x10,
    0xef, 0xff, 0xff, 0xff, 0xff, 0x10, 0x0, 0x3f,
    0xf0, 0x0, 0x9a, 0xaa, 0xaa, 0xaa, 0xaa, 0x0,
    0x0, 0x3f, 0xf5, 0x8b, 0xbb, 0xbb, 0xbb, 0xbb,
    0xbb, 0xa0, 0x3, 0x9f, 0xff, 0xef, 0xff, 0xff,
    0xff, 0xff, 0xff, 0xe0, 0x7f, 0xff, 0xff, 0xa3,
    0x33, 0x36, 0xff, 0x33, 0x33, 0x30, 0x3f, 0xff,
    0xf0, 0x0, 0xce, 0x54, 0xff, 0x0, 0x0, 0x0,
    0x4, 0x3f, 0xf0, 0x0, 0xef, 0x34, 0xff, 0xdd,
    0xdd, 0x0, 0x0, 0x3f, 0xf0, 0x2, 0xff, 0x24,
    0xff, 0xff, 0xff, 0x0, 0x0, 0x3f, 0xf0, 0x6,
    0xff, 0x94, 0xff, 0x0, 0x0, 0x0, 0x0, 0x3f,
    0xf0, 0xc, 0xff, 0xf8, 0xff, 0x0, 0x0, 0x0,
    0x2, 0x5f, 0xf0, 0x5f, 0xf5, 0xff, 0xff, 0x11,
    0x11, 0x10, 0xe, 0xff, 0xe2, 0xff, 0x80, 0x6f,
    0xff, 0xff, 0xff, 0xf3, 0xa, 0xfd, 0x40, 0x9c,
    0x0, 0x3, 0xad, 0xff, 0xff, 0xe0, 0x0, 0x0,
    0x0, 0x0, 0x0, 0x0, 0x0, 0x0, 0x0, 0x0,

    /* U+6570 "数" */
    0x0, 0x63, 0x4f, 0xe0, 0x65, 0x0, 0xbb, 0x30,
    0x0, 0x0, 0x5, 0xfc, 0x4f, 0xe1, 0xff, 0x30,
    0xff, 0x40, 0x0, 0x0, 0x0, 0xdf, 0x7f, 0xe9,
    0xf7, 0x1, 0xff, 0x10, 0x0, 0x0, 0x6, 0xba,
    0x9f, 0xf7, 0xc6, 0x45, 0xfe, 0x44, 0x44, 0x40,
    0x1f, 0xff, 0xff, 0xff, 0xff, 0xb9, 0xff, 0xff,
    0xff, 0xf3, 0x7, 0x7b, 0xff, 0xff, 0x97, 0x5d,
    0xff, 0xff, 0xff, 0xf2, 0x0, 0x5f, 0xff, 0xff,
    0xf8, 0x4f, 0xfa, 0x6, 0xfd, 0x0, 0x2b, 0xff,
    0xaf, 0xe5, 0xfb, 0xaf, 0xfd, 0x8, 0xfa, 0x0,
    0xd, 0xe4, 0x4f, 0xe0, 0x34, 0xff, 0xff, 0x2b,
    0xf7, 0x0, 0x2, 0x10, 0xcb, 0x20, 0x3, 0xeb,
    0xbf, 0x7f, 0xf3, 0x0, 0xa, 0xee, 0xff, 0xee,
    0xfc, 0x31, 0x6f, 0xff, 0xe0, 0x0, 0xc, 0xff,
    0xff, 0xff, 0xfe, 0x0, 0x1f, 0xff, 0x90, 0x0,
    0x0, 0x7f, 0xd1, 0xc, 0xf8, 0x0, 0xa, 0xff,
    0x30, 0x0, 0x2, 0xff, 0xe6, 0x8f, 0xe0, 0x0,
    0xc, 0xff, 0x50, 0x0, 0x0, 0x4b, 0xff, 0xff,
    0x40, 0x0, 0xaf, 0xff, 0xf2, 0x0, 0x0, 0x4,
    0xdf, 0xff, 0xc1, 0x1b, 0xff, 0x7e, 0xfe, 0x30,
    0x17, 0xdf, 0xfe, 0x7e, 0xb7, 0xef, 0xf6, 0x3,
    0xff, 0xf4, 0xd, 0xfe, 0x70, 0x1, 0x6, 0xfe,
    0x40, 0x0, 0x3e, 0xb0, 0x3, 0x40, 0x0, 0x0,
    0x0, 0x71, 0x0, 0x0, 0x1, 0x10,

    /* U+6574 "整" */
    0x0, 0x0, 0x5f, 0xc0, 0x0, 0x0, 0xab, 0x40,
    0x0, 0x0, 0xf, 0xff, 0xff, 0xff, 0xff, 0x41,
    0xff, 0x40, 0x0, 0x0, 0xa, 0xbb, 0xcf, 0xfb,
    0xbb, 0x38, 0xff, 0xee, 0xee, 0xe1, 0x5, 0x77,
    0xaf, 0xe7, 0x76, 0x2f, 0xff, 0xff, 0xff, 0xf1,
    0xb, 0xff, 0xff, 0xff, 0xff, 0xdf, 0xf9, 0x2c,
    0xfa, 0x20, 0xb, 0xf5, 0x7f, 0xd5, 0xfe, 0xbe,
    0xef, 0x5f, 0xf3, 0x0, 0xb, 0xff, 0xff, 0xff,
    0xfe, 0x2, 0x5f, 0xff, 0x90, 0x0, 0x1, 0x2b,
    0xff, 0xef, 0xb2, 0x0, 0x4f, 0xff, 0x70, 0x0,
    0x5, 0xdf, 0xdf, 0xd9, 0xfa, 0x5b, 0xff, 0xdf,
    0xfe, 0x81, 0x1c, 0xf7, 0x5f, 0xc0, 0x52, 0x9f,
    0xd5, 0x3, 0xcf, 0xc0, 0x1, 0xa9, 0xac, 0xc9,
    0x99, 0x9d, 0x99, 0x99, 0x9c, 0x20, 0x0, 0xff,
    0xff, 0xff, 0xff, 0xff, 0xff, 0xff, 0xfe, 0x0,
    0x0, 0x55, 0x55, 0x55, 0x8f, 0xf7, 0x55, 0x55,
    0x55, 0x0, 0x0, 0x4, 0xdd, 0x10, 0x3f, 0xfa,
    0x99, 0x99, 0x20, 0x0, 0x0, 0x5, 0xff, 0x20,
    0x3f, 0xff, 0xff, 0xff, 0x40, 0x0, 0x0, 0x5,
    0xff, 0x20, 0x3f, 0xf4, 0x22, 0x22, 0x0, 0x0,
    0x1d, 0xde, 0xff, 0xdd, 0xdf, 0xfd, 0xdd, 0xdd,
    0xdd, 0xd2, 0x2f, 0xff, 0xff, 0xff, 0xff, 0xff,
    0xff, 0xff, 0xff, 0xf2, 0x2f, 0xff, 0xff, 0xff,
    0xff, 0xff, 0xff, 0xff, 0xff, 0xf2,

    /* U+6587 "文" */
    0x0, 0x0, 0x0, 0x0, 0x39, 0xd1, 0x0, 0x0,
    0x0, 0x0, 0x0, 0x0, 0x0, 0x0, 0x6f, 0xf9,
    0x0, 0x0, 0x0, 0x0, 0x0, 0x0, 0x0, 0x0,
    0xf, 0xff, 0x0, 0x0, 0x0, 0x0, 0x6, 0x66,
    0x66, 0x66, 0x6d, 0xfa, 0x66, 0x66, 0x66, 0x61,
    0x2f, 0xff, 0xff, 0xff, 0xff, 0xff, 0xff, 0xff,
    0xff, 0xf3, 0x1f, 0xff, 0xff, 0xff, 0xff, 0xff,
    0xff, 0xff, 0xff, 0xf3, 0x0, 0x0, 0xbf, 0xc0,
    0x0, 0x0, 0xc, 0xfe, 0x0, 0x0, 0x0, 0x0,
    0x4f, 0xf4, 0x0, 0x0, 0x3f, 0xf8, 0x0, 0x0,
    0x0, 0x0, 0xd, 0xfd, 0x0, 0x0, 0xbf, 0xf1,
    0x0, 0x0, 0x0, 0x0, 0x4, 0xff, 0x80, 0x5,
    0xff, 0x80, 0x0, 0x0, 0x0, 0x0, 0x0, 0xaf,
    0xf4, 0x1e, 0xfe, 0x10, 0x0, 0x0, 0x0, 0x0,
    0x0, 0x1e, 0xff, 0xdf, 0xf4, 0x0, 0x0, 0x0,
    0x0, 0x0, 0x0, 0x4, 0xff, 0xff, 0x80, 0x0,
    0x0, 0x0, 0x0, 0x0, 0x0, 0x3, 0xef, 0xff,
    0x70, 0x0, 0x0, 0x0, 0x0, 0x0, 0x1, 0x9f,
    0xff, 0xff, 0xfd, 0x40, 0x0, 0x0, 0x0, 0x3,
    0x9f, 0xff, 0xf5, 0x3e, 0xff, 0xfc, 0x50, 0x0,
    0x28, 0xdf, 0xff, 0xfa, 0x10, 0x1, 0x9f, 0xff,
    0xff, 0xb3, 0xe, 0xff, 0xfa, 0x30, 0x0, 0x0,
    0x2, 0x9f, 0xff, 0xd0, 0x4, 0xc7, 0x10, 0x0,
    0x0, 0x0, 0x0, 0x1, 0x6b, 0x30,

    /* U+65AD "断" */
    0x0, 0x0, 0xc, 0xf3, 0x0, 0x0, 0x0, 0x5,
    0xc4, 0x6, 0xfa, 0x11, 0xcf, 0x34, 0x10, 0x3,
    0x8e, 0xff, 0xf4, 0x6f, 0xbf, 0x9c, 0xf4, 0xfe,
    0x4e, 0xff, 0xff, 0xb5, 0x6, 0xfa, 0xcd, 0xcf,
    0x8f, 0x85, 0xff, 0xa6, 0x10, 0x0, 0x6f, 0xa9,
    0xfc, 0xfd, 0xf2, 0x5f, 0xe0, 0x0, 0x0, 0x6,
    0xfa, 0x44, 0xcf, 0x66, 0x15, 0xfe, 0x0, 0x0,
    0x0, 0x6f, 0xdf, 0xff, 0xff, 0xfd, 0x5f, 0xf4,
    0x44, 0x44, 0x26, 0xfd, 0xee, 0xff, 0xfe, 0xc5,
    0xff, 0xff, 0xff, 0xfa, 0x6f, 0xa0, 0x2f, 0xfa,
    0x0, 0x5f, 0xff, 0xff, 0xff, 0xa6, 0xfa, 0xb,
    0xff, 0xfa, 0x5, 0xfe, 0x5, 0xfe, 0x0, 0x6f,
    0xa5, 0xff, 0xfc, 0xf9, 0x6f, 0xd0, 0x5f, 0xe0,
    0x6, 0xfd, 0xfe, 0xdf, 0x3c, 0x57, 0xfd, 0x5,
    0xfe, 0x0, 0x6f, 0xcf, 0x4c, 0xf3, 0x10, 0x8f,
    0xc0, 0x5f, 0xe0, 0x6, 0xfa, 0x40, 0xcf, 0x30,
    0xa, 0xfa, 0x5, 0xfe, 0x0, 0x6f, 0xb2, 0x27,
    0x93, 0x20, 0xef, 0x70, 0x5f, 0xe0, 0x6, 0xff,
    0xff, 0xff, 0xff, 0x8f, 0xf4, 0x5, 0xfe, 0x0,
    0x6f, 0xff, 0xff, 0xff, 0xfd, 0xff, 0x0, 0x5f,
    0xe0, 0x0, 0x0, 0x0, 0x0, 0x0, 0xbf, 0xb0,
    0x5, 0xfe, 0x0, 0x0, 0x0, 0x0, 0x0, 0x0,
    0xa5, 0x0, 0x5f, 0xe0, 0x0, 0x0, 0x0, 0x0,
    0x0, 0x0, 0x0, 0x0, 0x0, 0x0,

    /* U+65B0 "新" */
    0x0, 0x0, 0x0, 0x0, 0x0, 0x0, 0x0, 0x0,
    0x0, 0x0, 0x0, 0x0, 0xbf, 0x40, 0x0, 0x0,
    0x0, 0x3, 0x95, 0x0, 0x0, 0x0, 0xaf, 0xb0,
    0x0, 0x3, 0x6a, 0xef, 0xff, 0x50, 0xf, 0xff,
    0xff, 0xff, 0xff, 0x2f, 0xff, 0xff, 0xb6, 0x10,
    0xe, 0xff, 0xff, 0xff, 0xff, 0x1f, 0xf8, 0x30,
    0x0, 0x0, 0x0, 0x9f, 0x40, 0x2f, 0xd0, 0xf,
    0xf3, 0x0, 0x0, 0x0, 0x0, 0x8f, 0x90, 0x7f,
    0xb0, 0xf, 0xf3, 0x0, 0x0, 0x0, 0x17, 0xaf,
    0xb7, 0xdf, 0xa7, 0x3f, 0xf6, 0x44, 0x44, 0x41,
    0x3f, 0xff, 0xff, 0xff, 0xff, 0x7f, 0xff, 0xff,
    0xff, 0xf4, 0x28, 0x88, 0xbf, 0xe8, 0x88, 0x4f,
    0xff, 0xff, 0xff, 0xf4, 0x0, 0x0, 0x7f, 0xc0,
    0x0, 0xf, 0xf2, 0xe, 0xf6, 0x0, 0x2f, 0xff,
    0xff, 0xff, 0xff, 0x2f, 0xf2, 0xe, 0xf6, 0x0,
    0x2f, 0xff, 0xff, 0xff, 0xff, 0x2f, 0xf1, 0xe,
    0xf6, 0x0, 0x0, 0x31, 0x6f, 0xb0, 0x60, 0x2f,
    0xf0, 0xe, 0xf6, 0x0, 0x1, 0xfe, 0x7f, 0xbb,
    0xf4, 0x4f, 0xf0, 0xe, 0xf6, 0x0, 0x8, 0xf9,
    0x6f, 0xb5, 0xfc, 0x7f, 0xc0, 0xe, 0xf6, 0x0,
    0x3f, 0xf2, 0x6f, 0xb0, 0xdf, 0xcf, 0x90, 0xe,
    0xf6, 0x0, 0xa, 0x90, 0x6f, 0xb0, 0x43, 0xff,
    0x50, 0xe, 0xf6, 0x0, 0x0, 0xd, 0xff, 0xa0,
    0x6, 0xff, 0x0, 0xe, 0xf6, 0x0, 0x0, 0xa,
    0xfc, 0x30, 0x0, 0x67, 0x0, 0xe, 0xf6, 0x0,

    /* U+65E5 "日" */
    0xbf, 0xff, 0xff, 0xff, 0xff, 0xff, 0xff, 0x7b,
    0xff, 0xff, 0xff, 0xff, 0xff, 0xff, 0xf7, 0xbf,
    0xd6, 0x66, 0x66, 0x66, 0x68, 0xff, 0x7b, 0xfc,
    0x0, 0x0, 0x0, 0x0, 0x2f, 0xf7, 0xbf, 0xc0,
    0x0, 0x0, 0x0, 0x2, 0xff, 0x7b, 0xfc, 0x0,
    0x0, 0x0, 0x0, 0x2f, 0xf7, 0xbf, 0xc1, 0x11,
    0x11, 0x11, 0x13, 0xff, 0x7b, 0xff, 0xff, 0xff,
    0xff, 0xff, 0xff, 0xf7, 0xbf, 0xff, 0xff, 0xff,
    0xff, 0xff, 0xff, 0x7b, 0xfd, 0x44, 0x44, 0x44,
    0x44, 0x6f, 0xf7, 0xbf, 0xc0, 0x0, 0x0, 0x0,
    0x2, 0xff, 0x7b, 0xfc, 0x0, 0x0, 0x0, 0x0,
    0x2f, 0xf7, 0xbf, 0xc0, 0x0, 0x0, 0x0, 0x2,
    0xff, 0x7b, 0xfd, 0x33, 0x33, 0x33, 0x33, 0x4f,
    0xf7, 0xbf, 0xff, 0xff, 0xff, 0xff, 0xff, 0xff,
    0x7b, 0xff, 0xff, 0xff, 0xff, 0xff, 0xff, 0xf7,
    0xbf, 0xd3, 0x33, 0x33, 0x33, 0x35, 0xff, 0x7b,
    0xfc, 0x0, 0x0, 0x0, 0x0, 0x2f, 0xf7, 0x0,
    0x0, 0x0, 0x0, 0x0, 0x0, 0x0, 0x0,

    /* U+65F6 "时" */
    0x0, 0x0, 0x0, 0x0, 0x0, 0x0, 0x4, 0xff,
    0x20, 0x2, 0x33, 0x33, 0x33, 0x0, 0x0, 0x0,
    0x4f, 0xf2, 0x0, 0xef, 0xff, 0xff, 0xf3, 0x0,
    0x0, 0x4, 0xff, 0x20, 0xe, 0xff, 0xff, 0xff,
    0x31, 0x11, 0x11, 0x5f, 0xf3, 0x10, 0xef, 0x50,
    0xf, 0xf7, 0xff, 0xff, 0xff, 0xff, 0xff, 0x3e,
    0xf5, 0x0, 0xff, 0x7f, 0xff, 0xff, 0xff, 0xff,
    0xf3, 0xef, 0x50, 0xf, 0xf3, 0x0, 0x0, 0x5,
    0xff, 0x30, 0xe, 0xff, 0xff, 0xff, 0x30, 0x82,
    0x0, 0x4f, 0xf2, 0x0, 0xef, 0xff, 0xff, 0xf3,
    0xcf, 0xc0, 0x4, 0xff, 0x20, 0xe, 0xf7, 0x22,
    0xff, 0x34, 0xff, 0x70, 0x4f, 0xf2, 0x0, 0xef,
    0x50, 0xf, 0xf3, 0xa, 0xff, 0x24, 0xff, 0x20,
    0xe, 0xf5, 0x0, 0xff, 0x30, 0x1f, 0xfb, 0x4f,
    0xf2, 0x0, 0xef, 0x61, 0x1f, 0xf3, 0x0, 0x79,
    0x14, 0xff, 0x20, 0xe, 0xff, 0xff, 0xff, 0x30,
    0x0, 0x0, 0x4f, 0xf2, 0x0, 0xef, 0xff, 0xff,
    0xf3, 0x0, 0x0, 0x4, 0xff, 0x20, 0xe, 0xf6,
    0x11, 0x11, 0x0, 0x0, 0x0, 0x4f, 0xf2, 0x0,
    0xab, 0x30, 0x0, 0x0, 0x0, 0x66, 0x69, 0xff,
    0x20, 0x0, 0x0, 0x0, 0x0, 0x0, 0xc, 0xff,
    0xff, 0xe0, 0x0, 0x0, 0x0, 0x0, 0x0, 0x0,
    0x7f, 0xfe, 0xb3, 0x0, 0x0,

    /* U+6674 "晴" */
    0x0, 0x0, 0x0, 0x0, 0x0, 0x6, 0xfe, 0x0,
    0x0, 0x6, 0xbb, 0xbb, 0xb0, 0x5a, 0xaa, 0xcf,
    0xfa, 0xaa, 0xa1, 0x9f, 0xff, 0xff, 0x18, 0xff,
    0xff, 0xff, 0xff, 0xff, 0x19, 0xfa, 0x6f, 0xf1,
    0x13, 0x33, 0x9f, 0xf3, 0x33, 0x20, 0x9f, 0x60,
    0xef, 0x14, 0xff, 0xff, 0xff, 0xff, 0xf9, 0x9,
    0xf6, 0xe, 0xf1, 0x16, 0x66, 0xaf, 0xf6, 0x66,
    0x30, 0x9f, 0x60, 0xef, 0x1c, 0xcc, 0xce, 0xff,
    0xcc, 0xcc, 0x79, 0xff, 0xff, 0xf1, 0xff, 0xff,
    0xff, 0xff, 0xff, 0xf8, 0x9f, 0xff, 0xff, 0x10,
    0x0, 0x0, 0x0, 0x0, 0x0, 0x9, 0xf9, 0x4f,
    0xf1, 0x1f, 0xff, 0xff, 0xff, 0xff, 0x70, 0x9f,
    0x60, 0xef, 0x11, 0xff, 0xbb, 0xbb, 0xbe, 0xf7,
    0x9, 0xf6, 0xe, 0xf1, 0x1f, 0xf6, 0x66, 0x66,
    0xdf, 0x70, 0x9f, 0x82, 0xef, 0x11, 0xff, 0xff,
    0xff, 0xff, 0xf7, 0x9, 0xff, 0xff, 0xf1, 0x1f,
    0xf3, 0x22, 0x22, 0xcf, 0x70, 0x9f, 0xfe, 0xee,
    0x1, 0xff, 0xff, 0xff, 0xff, 0xf7, 0x9, 0xf6,
    0x0, 0x0, 0x1f, 0xfa, 0x99, 0x99, 0xef, 0x70,
    0x6b, 0x40, 0x0, 0x1, 0xff, 0x10, 0x0, 0xb,
    0xf7, 0x0, 0x0, 0x0, 0x0, 0x1f, 0xf1, 0x0,
    0x8e, 0xff, 0x60, 0x0, 0x0, 0x0, 0x1, 0xff,
    0x10, 0x4, 0xfe, 0xb1, 0x0,

    /* U+6682 "暂" */
    0x0, 0x0, 0xdb, 0x40, 0x0, 0x0, 0x0, 0x14,
    0x7b, 0x0, 0xc, 0xcd, 0xff, 0xdc, 0xcc, 0x59,
    0xdf, 0xff, 0xff, 0x80, 0xf, 0xff, 0xff, 0xff,
    0xff, 0x6c, 0xfe, 0xca, 0x85, 0x10, 0x1, 0xdf,
    0x85, 0xc9, 0x0, 0xc, 0xf5, 0x0, 0x0, 0x0,
    0xd, 0xff, 0xad, 0xfe, 0xaa, 0x5c, 0xfe, 0xdd,
    0xdd, 0xd1, 0xa, 0xff, 0xff, 0xff, 0xff, 0x8d,
    0xff, 0xff, 0xff, 0xf2, 0x3, 0x43, 0x39, 0xfc,
    0x33, 0x1f, 0xf3, 0x3f, 0xf1, 0x10, 0x6, 0x78,
    0x9d, 0xff, 0xef, 0x6f, 0xf0, 0x2f, 0xf0, 0x0,
    0xf, 0xff, 0xff, 0xff, 0xec, 0xbf, 0xc0, 0x2f,
    0xf0, 0x0, 0x8, 0x86, 0x49, 0xfb, 0x0, 0xef,
    0x60, 0x2f, 0xf0, 0x0, 0x0, 0x0, 0x4, 0x96,
    0x0, 0x18, 0x0, 0x1a, 0xa0, 0x0, 0x0, 0xc,
    0xff, 0xff, 0xff, 0xff, 0xff, 0xff, 0xb0, 0x0,
    0x0, 0xc, 0xfe, 0xdd, 0xdd, 0xdd, 0xdd, 0xef,
    0xb0, 0x0, 0x0, 0xc, 0xfa, 0x44, 0x44, 0x44,
    0x44, 0xbf, 0xb0, 0x0, 0x0, 0xc, 0xff, 0xff,
    0xff, 0xff, 0xff, 0xff, 0xb0, 0x0, 0x0, 0xc,
    0xfa, 0x44, 0x44, 0x44, 0x44, 0xcf, 0xb0, 0x0,
    0x0, 0xc, 0xfe, 0xcc, 0xcc, 0xcc, 0xcc, 0xef,
    0xb0, 0x0, 0x0, 0xc, 0xff, 0xff, 0xff, 0xff,
    0xff, 0xff, 0xb0, 0x0, 0x0, 0xc, 0xf8, 0x0,
    0x0, 0x0, 0x0, 0xaf, 0xb0, 0x0, 0x0, 0x0,
    0x0, 0x0, 0x0, 0x0, 0x0, 0x0, 0x0, 0x0,

    /* U+66F4 "更" */
    0xc, 0xff, 0xff, 0xff, 0xff, 0xff, 0xff, 0xff,
    0xff, 0xd0, 0xc, 0xff, 0xff, 0xff, 0xff, 0xff,
    0xff, 0xff, 0xff, 0xd0, 0x0, 0x11, 0x11, 0x11,
    0x2f, 0xf7, 0x11, 0x11, 0x11, 0x0, 0x0, 0xe,
    0xee, 0xee, 0xef, 0xff, 0xee, 0xee, 0xe6, 0x0,
    0x0, 0x1f, 0xff, 0xff, 0xff, 0xff, 0xff, 0xff,
    0xf7, 0x0, 0x0, 0x1f, 0xf4, 0x0, 0x2f, 0xf7,
    0x0, 0xe, 0xf7, 0x0, 0x0, 0x1f, 0xfd, 0xcc,
    0xcf, 0xfd, 0xcc, 0xcf, 0xf7, 0x0, 0x0, 0x1f,
    0xff, 0xff, 0xff, 0xff, 0xff, 0xff, 0xf7, 0x0,
    0x0, 0x1f, 0xf4, 0x0, 0x2f, 0xf7, 0x0, 0xe,
    0xf7, 0x0, 0x0, 0x1f, 0xf6, 0x33, 0x4f, 0xf8,
    0x33, 0x3f, 0xf7, 0x0, 0x0, 0x1f, 0xff, 0xff,
    0xff, 0xff, 0xff, 0xff, 0xf7, 0x0, 0x0, 0xb,
    0xcd, 0xbb, 0xdf, 0xfc, 0xbb, 0xbb, 0xb5, 0x0,
    0x0, 0x6, 0xfe, 0x20, 0xcf, 0xe0, 0x0, 0x0,
    0x0, 0x0, 0x0, 0x1, 0xef, 0xea, 0xff, 0x70,
    0x0, 0x0, 0x0, 0x0, 0x0, 0x0, 0x2e, 0xff,
    0xfe, 0x10, 0x0, 0x0, 0x0, 0x0, 0x0, 0x37,
    0xcf, 0xff, 0xff, 0xfc, 0xa8, 0x76, 0x65, 0x52,
    0xd, 0xff, 0xff, 0xe7, 0xaf, 0xff, 0xff, 0xff,
    0xff, 0xf2, 0x3, 0xff, 0xa5, 0x0, 0x0, 0x47,
    0x9b, 0xde, 0xff, 0xb0, 0x0, 0x20, 0x0, 0x0,
    0x0, 0x0, 0x0, 0x0, 0x0, 0x0,

    /* U+6708 "月" */
    0x0, 0x7, 0xff, 0xff, 0xff, 0xff, 0xff, 0xff,
    0x90, 0x0, 0x7f, 0xff, 0xff, 0xff, 0xff, 0xff,
    0xf9, 0x0, 0x7, 0xff, 0x55, 0x55, 0x55, 0x55,
    0xff, 0x90, 0x0, 0x7f, 0xf0, 0x0, 0x0, 0x0,
    0xf, 0xf9, 0x0, 0x7, 0xff, 0x44, 0x44, 0x44,
    0x44, 0xff, 0x90, 0x0, 0x7f, 0xff, 0xff, 0xff,
    0xff, 0xff, 0xf9, 0x0, 0x7, 0xff, 0xff, 0xff,
    0xff, 0xff, 0xff, 0x90, 0x0, 0x8f, 0xf0, 0x0,
    0x0, 0x0, 0xf, 0xf9, 0x0, 0x8, 0xfe, 0x0,
    0x0, 0x0, 0x0, 0xff, 0x90, 0x0, 0x9f, 0xe6,
    0x66, 0x66, 0x66, 0x6f, 0xf9, 0x0, 0xb, 0xff,
    0xff, 0xff, 0xff, 0xff, 0xff, 0x90, 0x0, 0xef,
    0xff, 0xff, 0xff, 0xff, 0xff, 0xf9, 0x0, 0x3f,
    0xf5, 0x0, 0x0, 0x0, 0x0, 0xff, 0x90, 0xa,
    0xff, 0x10, 0x0, 0x0, 0x0, 0xf, 0xf9, 0x3,
    0xff, 0xa0, 0x0, 0x0, 0x0, 0x0, 0xff, 0x91,
    0xdf, 0xf2, 0x0, 0x0, 0x6, 0x66, 0x7f, 0xf9,
    0x7f, 0xf8, 0x0, 0x0, 0x0, 0xaf, 0xff, 0xff,
    0x50, 0x7a, 0x0, 0x0, 0x0, 0x4, 0xff, 0xfd,
    0x70, 0x0, 0x0, 0x0, 0x0, 0x0, 0x0, 0x0,
    0x0, 0x0,

    /* U+6709 "有" */
    0x0, 0x0, 0x0, 0x9, 0x83, 0x0, 0x0, 0x0,
    0x0, 0x0, 0x0, 0x0, 0x1, 0xff, 0x80, 0x0,
    0x0, 0x0, 0x0, 0x5, 0x55, 0x55, 0x9f, 0xf8,
    0x55, 0x55, 0x55, 0x55, 0x50, 0xef, 0xff, 0xff,
    0xff, 0xff, 0xff, 0xff, 0xff, 0xff, 0xd, 0xee,
    0xef, 0xff, 0xee, 0xee, 0xee, 0xee, 0xee, 0xd0,
    0x0, 0x0, 0xdf, 0xd0, 0x0, 0x0, 0x0, 0x0,
    0x0, 0x0, 0x0, 0x7f, 0xff, 0xff, 0xff, 0xff,
    0xff, 0xa0, 0x0, 0x0, 0x2f, 0xff, 0xff, 0xff,
    0xff, 0xff, 0xfb, 0x0, 0x0, 0x1d, 0xff, 0xf3,
    0x22, 0x22, 0x22, 0xbf, 0xb0, 0x0, 0x1d, 0xff,
    0xff, 0x32, 0x22, 0x22, 0x2b, 0xfb, 0x0, 0x2e,
    0xff, 0xbf, 0xff, 0xff, 0xff, 0xff, 0xff, 0xb0,
    0x0, 0xbf, 0x64, 0xff, 0xed, 0xdd, 0xdd, 0xdf,
    0xfb, 0x0, 0x1, 0x30, 0x4f, 0xf2, 0x0, 0x0,
    0x0, 0xaf, 0xb0, 0x0, 0x0, 0x4, 0xff, 0xff,
    0xff, 0xff, 0xff, 0xfb, 0x0, 0x0, 0x0, 0x4f,
    0xff, 0xff, 0xff, 0xff, 0xff, 0xb0, 0x0, 0x0,
    0x4, 0xff, 0x10, 0x0, 0x0, 0xa, 0xfb, 0x0,
    0x0, 0x0, 0x4f, 0xf1, 0x0, 0x2, 0x43, 0xcf,
    0xb0, 0x0, 0x0, 0x4, 0xff, 0x10, 0x0, 0x5f,
    0xff, 0xf9, 0x0, 0x0, 0x0, 0x4f, 0xf1, 0x0,
    0x0, 0xff, 0xea, 0x10, 0x0, 0x0, 0x0, 0x0,
    0x0, 0x0, 0x0, 0x0, 0x0, 0x0,

    /* U+672A "未" */
    0x0, 0x0, 0x0, 0x0, 0x7f, 0xf1, 0x0, 0x0,
    0x0, 0x0, 0x0, 0x0, 0x0, 0x0, 0x7f, 0xf1,
    0x0, 0x0, 0x0, 0x0, 0x0, 0x0, 0x0, 0x0,
    0x7f, 0xf1, 0x0, 0x0, 0x0, 0x0, 0x0, 0x9f,
    0xff, 0xff, 0xff, 0xff, 0xff, 0xff, 0xf5, 0x0,
    0x0, 0x9f, 0xff, 0xff, 0xff, 0xff, 0xff, 0xff,
    0xf5, 0x0, 0x0, 0x36, 0x66, 0x66, 0xbf, 0xf7,
    0x66, 0x66, 0x62, 0x0, 0x0, 0x0, 0x0, 0x0,
    0x7f, 0xf1, 0x0, 0x0, 0x0, 0x0, 0x0, 0x0,
    0x0, 0x0, 0x8f, 0xf2, 0x0, 0x0, 0x0, 0x0,
    0x1f, 0xff, 0xff, 0xff, 0xff, 0xff, 0xff, 0xff,
    0xff, 0xd0, 0x1f, 0xff, 0xff, 0xff, 0xff, 0xff,
    0xff, 0xff, 0xff, 0xd0, 0x5, 0x55, 0x55, 0x5e,
    0xff, 0xff, 0xa5, 0x55, 0x55, 0x40, 0x0, 0x0,
    0x0, 0x9f, 0xff, 0xff, 0xf3, 0x0, 0x0, 0x0,
    0x0, 0x0, 0x9, 0xff, 0xef, 0xfe, 0xff, 0x40,
    0x0, 0x0, 0x0, 0x1, 0xbf, 0xfb, 0x8f, 0xf3,
    0xef, 0xf6, 0x0, 0x0, 0x0, 0x4e, 0xff, 0xb0,
    0x7f, 0xf1, 0x3e, 0xff, 0xa1, 0x0, 0x2a, 0xff,
    0xfa, 0x0, 0x7f, 0xf1, 0x2, 0xef, 0xfe, 0x60,
    0x4f, 0xff, 0x70, 0x0, 0x7f, 0xf1, 0x0, 0x1c,
    0xff, 0xc0, 0x7, 0xc3, 0x0, 0x0, 0x7f, 0xf1,
    0x0, 0x0, 0x7e, 0x10, 0x0, 0x0, 0x0, 0x0,
    0x7f, 0xf1, 0x0, 0x0, 0x0, 0x0,

    /* U+672C "本" */
    0x0, 0x0, 0x0, 0x0, 0x7f, 0xf1, 0x0, 0x0,
    0x0, 0x0, 0x0, 0x0, 0x0, 0x0, 0x7f, 0xf1,
    0x0, 0x0, 0x0, 0x0, 0x0, 0x0, 0x0, 0x0,
    0x7f, 0xf1, 0x0, 0x0, 0x0, 0x0, 0x1, 0x11,
    0x11, 0x11, 0x8f, 0xf2, 0x11, 0x11, 0x11, 0x10,
    0xf, 0xff, 0xff, 0xff, 0xff, 0xff, 0xff, 0xff,
    0xff, 0xa0, 0xf, 0xff, 0xff, 0xff, 0xff, 0xff,
    0xff, 0xff, 0xff, 0xa0, 0x5, 0x55, 0x57, 0xff,
    0xdf, 0xfe, 0xfd, 0x55, 0x55, 0x30, 0x0, 0x0,
    0x9, 0xfe, 0x7f, 0xf7, 0xff, 0x20, 0x0, 0x0,
    0x0, 0x0, 0x2f, 0xf8, 0x7f, 0xf1, 0xef, 0xb0,
    0x0, 0x0, 0x0, 0x0, 0xbf, 0xf1, 0x7f, 0xf1,
    0x7f, 0xf5, 0x0, 0x0, 0x0, 0x6, 0xff, 0x70,
    0x7f, 0xf1, 0xe, 0xfe, 0x10, 0x0, 0x0, 0x3f,
    0xfd, 0x0, 0x7f, 0xf1, 0x5, 0xff, 0xd0, 0x0,
    0x2, 0xef, 0xf4, 0x0, 0x8f, 0xf2, 0x0, 0xbf,
    0xfc, 0x10, 0x4f, 0xff, 0xff, 0xff, 0xff, 0xff,
    0xff, 0xff, 0xff, 0xd0, 0x2e, 0xf8, 0xbf, 0xff,
    0xff, 0xff, 0xff, 0xf5, 0xef, 0x50, 0x3, 0x70,
    0x46, 0x66, 0xbf, 0xf7, 0x66, 0x61, 0x16, 0x0,
    0x0, 0x0, 0x0, 0x0, 0x7f, 0xf1, 0x0, 0x0,
    0x0, 0x0, 0x0, 0x0, 0x0, 0x0, 0x7f, 0xf1,
    0x0, 0x0, 0x0, 0x0, 0x0, 0x0, 0x0, 0x0,
    0x7f, 0xf1, 0x0, 0x0, 0x0, 0x0,

    /* U+672F "术" */
    0x0, 0x0, 0x0, 0x0, 0x1f, 0xf9, 0x5, 0x70,
    0x0, 0x0, 0x0, 0x0, 0x0, 0x0, 0x1f, 0xf9,
    0x5f, 0xfb, 0x0, 0x0, 0x0, 0x0, 0x0, 0x0,
    0x1f, 0xf9, 0xa, 0xff, 0xd1, 0x0, 0x0, 0x0,
    0x0, 0x0, 0x1f, 0xf9, 0x0, 0x8f, 0xd1, 0x0,
    0x0, 0x11, 0x11, 0x11, 0x2f, 0xf9, 0x11, 0x17,
    0x21, 0x10, 0x9, 0xff, 0xff, 0xff, 0xff, 0xff,
    0xff, 0xff, 0xff, 0xe0, 0x9, 0xff, 0xff, 0xff,
    0xff, 0xff, 0xff, 0xff, 0xff, 0xe0, 0x2, 0x44,
    0x44, 0x45, 0xff, 0xff, 0xe4, 0x44, 0x44, 0x40,
    0x0, 0x0, 0x0, 0x7, 0xff, 0xff, 0xf6, 0x0,
    0x0, 0x0, 0x0, 0x0, 0x0, 0x3f, 0xff, 0xff,
    0xff, 0x30, 0x0, 0x0, 0x0, 0x0, 0x2, 0xef,
    0xff, 0xf9, 0xdf, 0xe2, 0x0, 0x0, 0x0, 0x0,
    0x1d, 0xff, 0x6f, 0xf9, 0x3f, 0xfe, 0x20, 0x0,
    0x0, 0x2, 0xdf, 0xf8, 0x1f, 0xf9, 0x6, 0xff,
    0xe2, 0x0, 0x0, 0x5f, 0xff, 0x90, 0x1f, 0xf9,
    0x0, 0x9f, 0xff, 0x40, 0x1b, 0xff, 0xf9, 0x0,
    0x1f, 0xf9, 0x0, 0xa, 0xff, 0xf6, 0xa, 0xff,
    0x80, 0x0, 0x1f, 0xf9, 0x0, 0x0, 0xaf, 0xc0,
    0x0, 0xb4, 0x0, 0x0, 0x1f, 0xf9, 0x0, 0x0,
    0x7, 0x10, 0x0, 0x0, 0x0, 0x0, 0x1f, 0xf9,
    0x0, 0x0, 0x0, 0x0, 0x0, 0x0, 0x0, 0x0,
    0x1f, 0xf9, 0x0, 0x0, 0x0, 0x0,

    /* U+675F "束" */
    0x0, 0x0, 0x0, 0x0, 0x6f, 0xf1, 0x0, 0x0,
    0x0, 0x0, 0x1, 0x22, 0x22, 0x22, 0x8f, 0xf3,
    0x22, 0x22, 0x22, 0x10, 0xb, 0xff, 0xff, 0xff,
    0xff, 0xff, 0xff, 0xff, 0xff, 0x70, 0xb, 0xff,
    0xff, 0xff, 0xff, 0xff, 0xff, 0xff, 0xff, 0x70,
    0x0, 0x11, 0x11, 0x11, 0x7f, 0xf2, 0x11, 0x11,
    0x11, 0x0, 0x0, 0x2, 0x22, 0x22, 0x8f, 0xf4,
    0x22, 0x22, 0x21, 0x0, 0x0, 0x4f, 0xff, 0xff,
    0xff, 0xff, 0xff, 0xff, 0xf7, 0x0, 0x0, 0x4f,
    0xff, 0xff, 0xff, 0xff, 0xff, 0xff, 0xf7, 0x0,
    0x0, 0x4f, 0xf1, 0x0, 0x6f, 0xf1, 0x0, 0xf,
    0xf7, 0x0, 0x0, 0x4f, 0xf1, 0x0, 0x6f, 0xf1,
    0x0, 0xf, 0xf7, 0x0, 0x0, 0x4f, 0xff, 0xff,
    0xff, 0xff, 0xff, 0xff, 0xf7, 0x0, 0x0, 0x4f,
    0xff, 0xff, 0xff, 0xff, 0xff, 0xff, 0xf7, 0x0,
    0x0, 0x2, 0x22, 0x5f, 0xff, 0xff, 0xd3, 0x22,
    0x20, 0x0, 0x0, 0x0, 0x5, 0xff, 0xff, 0xff,
    0xfd, 0x30, 0x0, 0x0, 0x0, 0x1, 0x9f, 0xfe,
    0x9f, 0xf5, 0xff, 0xf8, 0x0, 0x0, 0x0, 0x7e,
    0xff, 0xd2, 0x6f, 0xf1, 0x3e, 0xff, 0xe6, 0x0,
    0x3f, 0xff, 0xfa, 0x0, 0x6f, 0xf1, 0x1, 0xbf,
    0xff, 0xe1, 0x8, 0xfd, 0x40, 0x0, 0x6f, 0xf1,
    0x0, 0x6, 0xef, 0x60, 0x0, 0x50, 0x0, 0x0,
    0x6f, 0xf1, 0x0, 0x0, 0x5, 0x0,

    /* U+677F "板" */
    0x0, 0xd, 0xf6, 0x0, 0x0, 0x0, 0x0, 0x2,
    0x64, 0x0, 0x0, 0xd, 0xf6, 0x0, 0x45, 0x68,
    0x9c, 0xef, 0xff, 0x30, 0x0, 0xd, 0xf6, 0x0,
    0xff, 0xff, 0xff, 0xff, 0xfb, 0x50, 0x0, 0xd,
    0xf6, 0x0, 0xff, 0xda, 0x97, 0x52, 0x0, 0x0,
    0x4f, 0xff, 0xff, 0xf8, 0xff, 0x50, 0x0, 0x0,
    0x0, 0x0, 0x4f, 0xff, 0xff, 0xf8, 0xff, 0x83,
    0x33, 0x33, 0x42, 0x0, 0x3, 0x3f, 0xf9, 0x31,
    0xff, 0xff, 0xff, 0xff, 0xff, 0x40, 0x0, 0x4f,
    0xfe, 0x10, 0xff, 0xff, 0xfe, 0xee, 0xff, 0x20,
    0x0, 0x9f, 0xff, 0xa0, 0xff, 0xdf, 0xb0, 0x6,
    0xfe, 0x0, 0x0, 0xff, 0xfe, 0xf5, 0xff, 0x7f,
    0xf0, 0xb, 0xfa, 0x0, 0x6, 0xff, 0xf8, 0xf9,
    0xff, 0x2e, 0xf5, 0x1f, 0xf5, 0x0, 0xd, 0xee,
    0xf6, 0x74, 0xff, 0x9, 0xfc, 0x8f, 0xf0, 0x0,
    0x7f, 0x9d, 0xf6, 0x6, 0xfe, 0x3, 0xff, 0xff,
    0x90, 0x0, 0x8f, 0x3d, 0xf6, 0x9, 0xfb, 0x0,
    0xcf, 0xff, 0x10, 0x0, 0x1b, 0xd, 0xf6, 0xd,
    0xf8, 0x0, 0xaf, 0xfc, 0x0, 0x0, 0x1, 0xd,
    0xf6, 0x2f, 0xf3, 0xa, 0xff, 0xff, 0xb1, 0x0,
    0x0, 0xd, 0xf6, 0x9f, 0xe6, 0xef, 0xfa, 0xbf,
    0xfe, 0x60, 0x0, 0xd, 0xf7, 0xff, 0x9e, 0xff,
    0x80, 0xa, 0xff, 0xd1, 0x0, 0xd, 0xf6, 0x3d,
    0x14, 0xc3, 0x0, 0x0, 0x5d, 0x20, 0x0, 0x0,
    0x0, 0x0, 0x0, 0x0, 0x0, 0x0, 0x0, 0x0,

    /* U+67E5 "查" */
    0x0, 0x0, 0x0, 0x0, 0x4f, 0xf2, 0x0, 0x0,
    0x0, 0x0, 0x0, 0x0, 0x0, 0x0, 0x4f, 0xf2,
    0x0, 0x0, 0x0, 0x0, 0xe, 0xff, 0xff, 0xff,
    0xff, 0xff, 0xff, 0xff, 0xff, 0xf0, 0xf, 0xff,
    0xff, 0xff, 0xff, 0xff, 0xff, 0xff, 0xff, 0xf0,
    0x1, 0x22, 0x24, 0xef, 0xff, 0xff, 0xfd, 0x32,
    0x22, 0x20, 0x0, 0x0, 0x4e, 0xfe, 0x6f, 0xf5,
    0xff, 0xe4, 0x0, 0x0, 0x0, 0x2a, 0xff, 0xe2,
    0x4f, 0xf2, 0x3e, 0xff, 0xb3, 0x0, 0x2a, 0xff,
    0xfc, 0x10, 0x2b, 0xb1, 0x1, 0xcf, 0xff, 0xd2,
    0xc, 0xff, 0xfa, 0xaa, 0xaa, 0xaa, 0xaa, 0xad,
    0xef, 0xa0, 0x2, 0x81, 0xef, 0xff, 0xff, 0xff,
    0xff, 0xfc, 0x6, 0x0, 0x0, 0x0, 0xef, 0x70,
    0x0, 0x0, 0xc, 0xfc, 0x0, 0x0, 0x0, 0x0,
    0xef, 0xff, 0xff, 0xff, 0xff, 0xfc, 0x0, 0x0,
    0x0, 0x0, 0xef, 0xc9, 0x99, 0x99, 0x9e, 0xfc,
    0x0, 0x0, 0x0, 0x0, 0xef, 0xb6, 0x66, 0x66,
    0x6d, 0xfc, 0x0, 0x0, 0x0, 0x0, 0xef, 0xff,
    0xff, 0xff, 0xff, 0xfc, 0x0, 0x0, 0x0, 0x0,
    0x22, 0x22, 0x22, 0x22, 0x22, 0x21, 0x0, 0x0,
    0xb, 0xff, 0xff, 0xff, 0xff, 0xff, 0xff, 0xff,
    0xff, 0xc0, 0xc, 0xff, 0xff, 0xff, 0xff, 0xff,
    0xff, 0xff, 0xff, 0xc0, 0x1, 0x22, 0x22, 0x22,
    0x22, 0x22, 0x22, 0x22, 0x22, 0x10,

    /* U+68D2 "棒" */
    0x0, 0x0, 0x0, 0x0, 0x0, 0x0, 0x0, 0x0,
    0x0, 0x0, 0x0, 0xe, 0xf3, 0x0, 0x0, 0x0,
    0xdc, 0x40, 0x0, 0x0, 0x0, 0xe, 0xf3, 0x4,
    0xbb, 0xbb, 0xff, 0xdb, 0xbb, 0x50, 0x0, 0xe,
    0xf3, 0x5, 0xff, 0xff, 0xff, 0xff, 0xff, 0x80,
    0x0, 0xe, 0xf3, 0x0, 0x22, 0x29, 0xfd, 0x22,
    0x22, 0x10, 0xd, 0xdf, 0xfe, 0xd0, 0xcf, 0xff,
    0xff, 0xff, 0xff, 0x0, 0xf, 0xff, 0xff, 0xf0,
    0x9c, 0xdf, 0xfc, 0xcc, 0xcc, 0x0, 0x8, 0xaf,
    0xfc, 0x81, 0x22, 0x9f, 0xe2, 0x22, 0x22, 0x10,
    0x0, 0x6f, 0xfe, 0x1d, 0xff, 0xff, 0xff, 0xff,
    0xff, 0xf0, 0x0, 0xaf, 0xff, 0x9a, 0xcf, 0xff,
    0xcc, 0xdf, 0xfc, 0xb0, 0x0, 0xff, 0xfd, 0xf3,
    0x5f, 0xf6, 0xaa, 0x3d, 0xf3, 0x0, 0x5, 0xff,
    0xf6, 0xd4, 0xff, 0xc1, 0xff, 0x65, 0xfe, 0x10,
    0xb, 0xff, 0xf3, 0x7f, 0xff, 0xff, 0xff, 0xff,
    0xbf, 0xd2, 0x3f, 0xce, 0xf3, 0x2f, 0xd4, 0xcc,
    0xff, 0xdc, 0x1c, 0xe2, 0x4f, 0x6e, 0xf3, 0x5,
    0x10, 0x1, 0xff, 0x50, 0x1, 0x20, 0xa, 0xe,
    0xf3, 0x0, 0xff, 0xff, 0xff, 0xff, 0xfc, 0x0,
    0x0, 0xe, 0xf3, 0x0, 0xff, 0xff, 0xff, 0xff,
    0xfb, 0x0, 0x0, 0xe, 0xf3, 0x0, 0x0, 0x0,
    0xff, 0x50, 0x0, 0x0, 0x0, 0xe, 0xf3, 0x0,
    0x0, 0x0, 0xff, 0x50, 0x0, 0x0, 0x0, 0xe,
    0xf3, 0x0, 0x0, 0x0, 0xff, 0x50, 0x0, 0x0,

    /* U+6A21 "模" */
    0x0, 0xf, 0xf4, 0x0, 0x3, 0xff, 0x10, 0x9f,
    0xb0, 0x0, 0x0, 0xf, 0xf4, 0x5, 0xab, 0xff,
    0xaa, 0xdf, 0xea, 0x90, 0x0, 0xf, 0xf4, 0x8,
    0xff, 0xff, 0xff, 0xff, 0xff, 0xf0, 0x4, 0x4f,
    0xf7, 0x43, 0x57, 0xff, 0x65, 0xbf, 0xd5, 0x50,
    0x2f, 0xff, 0xff, 0xf1, 0x24, 0xaa, 0x32, 0x7a,
    0x82, 0x0, 0x2f, 0xff, 0xff, 0xf1, 0xff, 0xff,
    0xff, 0xff, 0xff, 0x10, 0x0, 0xf, 0xf5, 0x0,
    0xff, 0x98, 0x88, 0x8a, 0xff, 0x10, 0x0, 0x4f,
    0xfd, 0x0, 0xff, 0xb9, 0x99, 0x9b, 0xff, 0x10,
    0x0, 0x8f, 0xff, 0x80, 0xff, 0xff, 0xff, 0xff,
    0xff, 0x10, 0x0, 0xef, 0xff, 0xf3, 0xff, 0x63,
    0x33, 0x36, 0xff, 0x10, 0x4, 0xff, 0xfa, 0xf8,
    0xff, 0xff, 0xff, 0xff, 0xff, 0x10, 0xc, 0xff,
    0xf5, 0xa0, 0x77, 0x78, 0xff, 0x87, 0x77, 0x0,
    0x5f, 0xdf, 0xf4, 0x2, 0x22, 0x26, 0xff, 0x32,
    0x22, 0x20, 0x5f, 0x7f, 0xf4, 0xe, 0xff, 0xff,
    0xff, 0xff, 0xff, 0xf1, 0xc, 0x1f, 0xf4, 0xb,
    0xdd, 0xdf, 0xff, 0xff, 0xdd, 0xd0, 0x1, 0xf,
    0xf4, 0x0, 0x1, 0xbf, 0xfa, 0xff, 0x50, 0x0,
    0x0, 0xf, 0xf4, 0x3, 0x8e, 0xff, 0x60, 0xcf,
    0xfb, 0x40, 0x0, 0xf, 0xf4, 0x4f, 0xff, 0xe5,
    0x0, 0x1b, 0xff, 0xf3, 0x0, 0xf, 0xf4, 0xa,
    0xc6, 0x0, 0x0, 0x0, 0x5c, 0x60, 0x0, 0x0,
    0x0, 0x0, 0x0, 0x0, 0x0, 0x0, 0x0, 0x0,

    /* U+6B21 "次" */
    0x0, 0x0, 0x0, 0x0, 0x0, 0x0, 0x0, 0x0,
    0x0, 0x0, 0x0, 0x0, 0x0, 0x0, 0x6e, 0xc2,
    0x0, 0x0, 0x0, 0x0, 0x1, 0x81, 0x0, 0x0,
    0x9f, 0xf1, 0x0, 0x0, 0x0, 0x0, 0xc, 0xfe,
    0x60, 0x0, 0xef, 0xd0, 0x0, 0x0, 0x0, 0x0,
    0x7, 0xff, 0xfb, 0x3, 0xff, 0xff, 0xff, 0xff,
    0xfd, 0x40, 0x0, 0x2c, 0xfd, 0x19, 0xff, 0xff,
    0xff, 0xff, 0xff, 0xa0, 0x0, 0x0, 0xa3, 0xf,
    0xfd, 0x77, 0x77, 0x79, 0xff, 0x60, 0x0, 0x0,
    0x0, 0x7f, 0xf6, 0xf, 0xf8, 0x6, 0xff, 0x10,
    0x0, 0x0, 0x2, 0xff, 0xe0, 0xf, 0xf8, 0xb,
    0xfb, 0x0, 0x0, 0x0, 0x4, 0xef, 0x60, 0x1f,
    0xf8, 0xf, 0xf4, 0x0, 0x0, 0x0, 0xa3, 0x6,
    0x0, 0x3f, 0xfa, 0x2, 0x80, 0x0, 0x0, 0x4,
    0xff, 0x30, 0x0, 0x6f, 0xff, 0x0, 0x0, 0x0,
    0x0, 0xd, 0xfe, 0x0, 0x0, 0xbf, 0xff, 0x60,
    0x0, 0x0, 0x0, 0x8f, 0xf6, 0x0, 0x3, 0xff,
    0xff, 0xd0, 0x0, 0x0, 0x3, 0xff, 0xd0, 0x0,
    0xc, 0xff, 0x7f, 0xf8, 0x0, 0x0, 0xd, 0xff,
    0x40, 0x0, 0xaf, 0xfb, 0xa, 0xff, 0x50, 0x0,
    0x2e, 0xfb, 0x0, 0x1b, 0xff, 0xe1, 0x1, 0xef,
    0xf8, 0x0, 0x1, 0xa1, 0x6, 0xef, 0xfe, 0x20,
    0x0, 0x3f, 0xff, 0xe1, 0x0, 0x0, 0x8, 0xff,
    0xc2, 0x0, 0x0, 0x3, 0xdf, 0x60, 0x0, 0x0,
    0x0, 0x86, 0x0, 0x0, 0x0, 0x0, 0x5, 0x0,

    /* U+6B63 "正" */
    0x5, 0xee, 0xee, 0xee, 0xee, 0xee, 0xee, 0xee,
    0xee, 0x90, 0x6, 0xff, 0xff, 0xff, 0xff, 0xff,
    0xff, 0xff, 0xff, 0xa0, 0x2, 0x77, 0x77, 0x77,
    0x7c, 0xff, 0x77, 0x77, 0x77, 0x40, 0x0, 0x0,
    0x0, 0x0, 0x9, 0xff, 0x0, 0x0, 0x0, 0x0,
    0x0, 0x0, 0x0, 0x0, 0x9, 0xff, 0x0, 0x0,
    0x0, 0x0, 0x0, 0x2, 0x44, 0x0, 0x9, 0xff,
    0x0, 0x0, 0x0, 0x0, 0x0, 0x9, 0xfe, 0x0,
    0x9, 0xff, 0x0, 0x0, 0x0, 0x0, 0x0, 0x9,
    0xfe, 0x0, 0x9, 0xff, 0xff, 0xff, 0xf9, 0x0,
    0x0, 0x9, 0xfe, 0x0, 0x9, 0xff, 0xff, 0xff,
    0xfa, 0x0, 0x0, 0x9, 0xfe, 0x0, 0x9, 0xff,
    0x66, 0x66, 0x64, 0x0, 0x0, 0x9, 0xfe, 0x0,
    0x9, 0xff, 0x0, 0x0, 0x0, 0x0, 0x0, 0x9,
    0xfe, 0x0, 0x9, 0xff, 0x0, 0x0, 0x0, 0x0,
    0x0, 0x9, 0xfe, 0x0, 0x9, 0xff, 0x0, 0x0,
    0x0, 0x0, 0x0, 0x9, 0xfe, 0x0, 0x9, 0xff,
    0x0, 0x0, 0x0, 0x0, 0x3, 0x3a, 0xff, 0x33,
    0x3a, 0xff, 0x33, 0x33, 0x33, 0x30, 0x1f, 0xff,
    0xff, 0xff, 0xff, 0xff, 0xff, 0xff, 0xff, 0xf3,
    0x1f, 0xff, 0xff, 0xff, 0xff, 0xff, 0xff, 0xff,
    0xff, 0xf3, 0x2, 0x22, 0x22, 0x22, 0x22, 0x22,
    0x22, 0x22, 0x22, 0x20,

    /* U+6B66 "武" */
    0x0, 0x0, 0x0, 0x0, 0x0, 0xb, 0xfb, 0x8,
    0x50, 0x0, 0x0, 0xaf, 0xff, 0xff, 0xff, 0xb,
    0xfb, 0x7f, 0xf5, 0x0, 0x0, 0xaf, 0xff, 0xff,
    0xff, 0xa, 0xfb, 0xa, 0xff, 0x40, 0x0, 0x12,
    0x22, 0x22, 0x21, 0xa, 0xfb, 0x0, 0xce, 0x30,
    0x4, 0x44, 0x44, 0x44, 0x44, 0x4b, 0xfd, 0x44,
    0x55, 0x30, 0x2f, 0xff, 0xff, 0xff, 0xff, 0xff,
    0xff, 0xff, 0xff, 0xd0, 0x2f, 0xff, 0xff, 0xff,
    0xff, 0xff, 0xff, 0xff, 0xff, 0xc0, 0x0, 0x0,
    0x1, 0x77, 0x0, 0x6, 0xff, 0x0, 0x0, 0x0,
    0x0, 0x11, 0x3, 0xff, 0x10, 0x5, 0xff, 0x0,
    0x0, 0x0, 0x0, 0xef, 0x43, 0xff, 0x32, 0x23,
    0xff, 0x20, 0x0, 0x0, 0x0, 0xef, 0x43, 0xff,
    0xff, 0xf1, 0xff, 0x40, 0x0, 0x0, 0x0, 0xef,
    0x43, 0xff, 0xff, 0xf0, 0xff, 0x60, 0x0, 0x0,
    0x0, 0xef, 0x43, 0xff, 0x10, 0x0, 0xcf, 0x90,
    0x0, 0x0, 0x0, 0xef, 0x43, 0xff, 0x10, 0x0,
    0x9f, 0xd0, 0x8, 0x10, 0x0, 0xef, 0x43, 0xff,
    0x12, 0x43, 0x5f, 0xf1, 0xd, 0xf2, 0x0, 0xef,
    0x78, 0xff, 0xff, 0xf9, 0xf, 0xf7, 0xe, 0xf1,
    0x5c, 0xff, 0xff, 0xff, 0xff, 0xf8, 0x9, 0xff,
    0x8f, 0xe0, 0x4f, 0xff, 0xfe, 0xb8, 0x52, 0x0,
    0x1, 0xef, 0xff, 0x90, 0xa, 0x74, 0x10, 0x0,
    0x0, 0x0, 0x0, 0x3d, 0xfc, 0x10,

    /* U+6BB5 "段" */
    0x0, 0x0, 0x0, 0x0, 0x0, 0x0, 0x0, 0x0,
    0x0, 0x0, 0x0, 0x0, 0x1, 0x8d, 0x20, 0x0,
    0x0, 0x0, 0x0, 0x0, 0x0, 0x4, 0xaf, 0xff,
    0xe1, 0x6f, 0xff, 0xff, 0x90, 0x0, 0x0, 0xef,
    0xff, 0xd8, 0x20, 0x6f, 0xff, 0xff, 0x90, 0x0,
    0x0, 0xff, 0xa2, 0x0, 0x0, 0x6f, 0xc0, 0x9f,
    0x90, 0x0, 0x0, 0xff, 0x72, 0x22, 0x0, 0x8f,
    0xb0, 0x9f, 0x90, 0x0, 0x0, 0xff, 0xff, 0xff,
    0x60, 0xcf, 0x80, 0x9f, 0x90, 0x0, 0x0, 0xff,
    0xff, 0xff, 0x65, 0xff, 0x30, 0x8f, 0xd9, 0x80,
    0x0, 0xff, 0x50, 0x0, 0x5f, 0xfb, 0x0, 0x3f,
    0xff, 0xe0, 0x0, 0xff, 0x83, 0x33, 0x19, 0xc1,
    0x0, 0x0, 0x22, 0x20, 0x0, 0xff, 0xff, 0xff,
    0x5d, 0xff, 0xff, 0xff, 0xfd, 0x0, 0x0, 0xff,
    0xed, 0xdd, 0x4d, 0xff, 0xff, 0xff, 0xfd, 0x0,
    0x0, 0xff, 0x50, 0x0, 0x0, 0xcf, 0x10, 0xa,
    0xf9, 0x0, 0x0, 0xff, 0x51, 0x35, 0x50, 0x9f,
    0x90, 0x3f, 0xf3, 0x0, 0x38, 0xff, 0xff, 0xff,
    0xb0, 0x2f, 0xf5, 0xcf, 0xb0, 0x0, 0x6f, 0xff,
    0xff, 0xfe, 0x90, 0x9, 0xff, 0xff, 0x20, 0x0,
    0x4f, 0xff, 0x94, 0x10, 0x0, 0x3, 0xff, 0xfa,
    0x0, 0x0, 0x0, 0xff, 0x50, 0x0, 0x3, 0x9f,
    0xff, 0xff, 0xc5, 0x0, 0x0, 0xff, 0x50, 0x0,
    0xcf, 0xff, 0xe6, 0xdf, 0xff, 0xd0, 0x0, 0xff,
    0x50, 0x0, 0x6f, 0xe8, 0x0, 0x7, 0xef, 0x50,
    0x0, 0x0, 0x0, 0x0, 0x5, 0x0, 0x0, 0x0,
    0x4, 0x0,

    /* U+6BCF "每" */
    0x0, 0x0, 0x0, 0x0, 0x0, 0x0, 0x0, 0x0,
    0x0, 0x0, 0x0, 0x0, 0x1f, 0xb4, 0x0, 0x0,
    0x0, 0x0, 0x0, 0x0, 0x0, 0x0, 0x9f, 0xf5,
    0x33, 0x33, 0x33, 0x33, 0x33, 0x10, 0x0, 0x2,
    0xff, 0xff, 0xff, 0xff, 0xff, 0xff, 0xff, 0x90,
    0x0, 0xb, 0xff, 0xff, 0xff, 0xff, 0xff, 0xff,
    0xff, 0x80, 0x0, 0x7f, 0xf7, 0x0, 0x0, 0x0,
    0x0, 0x0, 0x0, 0x0, 0x4, 0xff, 0xe5, 0x44,
    0x44, 0x44, 0x44, 0x44, 0x20, 0x0, 0x2f, 0xfe,
    0xef, 0xff, 0xff, 0xff, 0xff, 0xff, 0x90, 0x0,
    0x3, 0xd4, 0xff, 0xed, 0xef, 0xed, 0xdd, 0xff,
    0x80, 0x0, 0x0, 0x1, 0xff, 0x50, 0xdf, 0xe6,
    0x0, 0xdf, 0x80, 0x0, 0x2, 0x24, 0xff, 0x41,
    0x19, 0xff, 0x31, 0xef, 0x82, 0x20, 0x4f, 0xff,
    0xff, 0xff, 0xff, 0xff, 0xff, 0xff, 0xff, 0xf5,
    0x4f, 0xff, 0xff, 0xee, 0xff, 0xee, 0xee, 0xff,
    0xff, 0xf5, 0x0, 0x9, 0xfc, 0x2, 0xff, 0xc2,
    0x0, 0xff, 0x50, 0x0, 0x0, 0xc, 0xfa, 0x0,
    0x2b, 0xfe, 0x1, 0xff, 0x40, 0x0, 0x0, 0xf,
    0xff, 0xff, 0xff, 0xff, 0xff, 0xff, 0xff, 0x60,
    0x0, 0x2f, 0xff, 0xff, 0xff, 0xff, 0xff, 0xff,
    0xff, 0x70, 0x0, 0x2, 0x42, 0x22, 0x22, 0x22,
    0x29, 0xff, 0x22, 0x10, 0x0, 0x0, 0x0, 0x0,
    0x0, 0x3c, 0xcf, 0xfa, 0x0, 0x0, 0x0, 0x0,
    0x0, 0x0, 0x0, 0xf, 0xff, 0xb1, 0x0, 0x0,
    0x0, 0x0, 0x0, 0x0, 0x0, 0x0, 0x0, 0x0,
    0x0, 0x0,

    /* U+6C14 "气" */
    0x0, 0x0, 0x6d, 0x90, 0x0, 0x0, 0x0, 0x0,
    0x0, 0x0, 0x0, 0x0, 0xcf, 0xd0, 0x0, 0x0,
    0x0, 0x0, 0x0, 0x0, 0x0, 0x4, 0xff, 0xff,
    0xff, 0xff, 0xff, 0xff, 0xff, 0xa0, 0x0, 0xd,
    0xff, 0xff, 0xff, 0xff, 0xff, 0xff, 0xff, 0xa0,
    0x0, 0x7f, 0xf6, 0x11, 0x11, 0x11, 0x11, 0x11,
    0x10, 0x0, 0x3, 0xff, 0xcc, 0xff, 0xff, 0xff,
    0xff, 0xff, 0xf0, 0x0, 0x3f, 0xff, 0x2b, 0xee,
    0xee, 0xee, 0xee, 0xee, 0xe0, 0x0, 0x4d, 0xf5,
    0x0, 0x0, 0x0, 0x0, 0x1, 0x0, 0x0, 0x0,
    0x0, 0x4f, 0xff, 0xff, 0xff, 0xff, 0xff, 0xfb,
    0x0, 0x0, 0x0, 0xf, 0xff, 0xff, 0xff, 0xff,
    0xff, 0xfb, 0x0, 0x0, 0x0, 0x0, 0x0, 0x0,
    0x0, 0x0, 0xa, 0xfc, 0x0, 0x0, 0x0, 0x0,
    0x0, 0x0, 0x0, 0x0, 0x9, 0xfc, 0x0, 0x0,
    0x0, 0x0, 0x0, 0x0, 0x0, 0x0, 0x8, 0xfe,
    0x0, 0x0, 0x0, 0x0, 0x0, 0x0, 0x0, 0x0,
    0x6, 0xff, 0x0, 0x0, 0x0, 0x0, 0x0, 0x0,
    0x0, 0x0, 0x4, 0xff, 0x22, 0x70, 0x0, 0x0,
    0x0, 0x0, 0x0, 0x0, 0x0, 0xff, 0x73, 0xf5,
    0x0, 0x0, 0x0, 0x0, 0x0, 0x0, 0x0, 0xbf,
    0xea, 0xf5, 0x0, 0x0, 0x0, 0x0, 0x0, 0x0,
    0x0, 0x3f, 0xff, 0xf2, 0x0, 0x0, 0x0, 0x0,
    0x0, 0x0, 0x0, 0x5, 0xef, 0x80,

    /* U+6C38 "永" */
    0x0, 0x0, 0x0, 0xca, 0x61, 0x0, 0x0, 0x0,
    0x0, 0x0, 0x0, 0x0, 0x8, 0xff, 0xff, 0xc6,
    0x10, 0x0, 0x0, 0x0, 0x0, 0x0, 0x1, 0x6b,
    0xff, 0xff, 0xf6, 0x0, 0x0, 0x0, 0x0, 0x0,
    0x0, 0x0, 0x16, 0xdf, 0xf2, 0x0, 0x0, 0x0,
    0x0, 0x6, 0xff, 0xff, 0xff, 0xf7, 0x70, 0x0,
    0x0, 0x0, 0x0, 0x7, 0xff, 0xff, 0xff, 0xf3,
    0x0, 0x0, 0x20, 0x0, 0x0, 0x2, 0x55, 0x55,
    0xaf, 0xf6, 0x0, 0x5, 0xf9, 0x0, 0x0, 0x0,
    0x0, 0x0, 0x6f, 0xfc, 0x0, 0x5f, 0xff, 0x50,
    0x3f, 0xff, 0xff, 0xe6, 0x6f, 0xff, 0x26, 0xff,
    0xf4, 0x0, 0x3f, 0xff, 0xff, 0xf8, 0x6f, 0xff,
    0xef, 0xfd, 0x20, 0x0, 0x4, 0x44, 0x9f, 0xf3,
    0x6f, 0xff, 0xff, 0xb1, 0x0, 0x0, 0x0, 0x0,
    0xcf, 0xe0, 0x6f, 0xff, 0xfe, 0x0, 0x0, 0x0,
    0x0, 0x5, 0xff, 0x70, 0x6f, 0xf7, 0xff, 0xb0,
    0x0, 0x0, 0x0, 0x1e, 0xfe, 0x0, 0x6f, 0xf3,
    0x9f, 0xfa, 0x0, 0x0, 0x0, 0xcf, 0xf6, 0x0,
    0x6f, 0xf3, 0xc, 0xff, 0xc2, 0x0, 0x2d, 0xff,
    0xa0, 0x0, 0x6f, 0xf3, 0x1, 0xcf, 0xff, 0x91,
    0x3e, 0xfc, 0x2, 0x44, 0x9f, 0xf2, 0x0, 0xa,
    0xff, 0xa0, 0x2, 0x90, 0x2, 0xff, 0xff, 0xf0,
    0x0, 0x0, 0x4b, 0x0, 0x0, 0x0, 0x0, 0xdf,
    0xfd, 0x50, 0x0, 0x0, 0x0, 0x0, 0x0, 0x0,
    0x0, 0x0, 0x0, 0x0, 0x0, 0x0, 0x0, 0x0,

    /* U+6CA1 "没" */
    0x0, 0x11, 0x0, 0x0, 0x0, 0x0, 0x0, 0x0,
    0x0, 0x0, 0x0, 0xcf, 0x81, 0x0, 0x4f, 0xff,
    0xff, 0xff, 0x40, 0x0, 0x3, 0xdf, 0xfe, 0x40,
    0x4f, 0xff, 0xff, 0xff, 0x40, 0x0, 0x0, 0x7,
    0xfe, 0x10, 0x4f, 0xf4, 0x34, 0xff, 0x40, 0x0,
    0x0, 0x0, 0x23, 0x0, 0x7f, 0xe0, 0x1, 0xff,
    0x40, 0x0, 0x0, 0x0, 0x0, 0x1, 0xef, 0xa0,
    0x1, 0xff, 0x95, 0x62, 0xa, 0xb3, 0x0, 0x5e,
    0xff, 0x20, 0x0, 0xef, 0xff, 0xf5, 0x4f, 0xff,
    0xb2, 0x9f, 0xf4, 0x0, 0x0, 0x5d, 0xef, 0xe5,
    0x2, 0xaf, 0xf2, 0xa, 0x54, 0x44, 0x44, 0x44,
    0x50, 0x0, 0x0, 0x3, 0x40, 0x1f, 0xff, 0xff,
    0xff, 0xff, 0xff, 0x10, 0x0, 0x0, 0x10, 0xf,
    0xff, 0xff, 0xff, 0xff, 0xfc, 0x0, 0x0, 0x0,
    0xaa, 0x3, 0xef, 0x40, 0x0, 0x6f, 0xf5, 0x0,
    0x0, 0x2, 0xff, 0x50, 0xcf, 0xe2, 0x3, 0xff,
    0xc0, 0x0, 0x0, 0xb, 0xfd, 0x0, 0x2e, 0xfe,
    0x6f, 0xff, 0x20, 0x0, 0x0, 0x4f, 0xf6, 0x0,
    0x3, 0xff, 0xff, 0xf4, 0x0, 0x0, 0x0, 0xdf,
    0xd0, 0x0, 0x17, 0xef, 0xff, 0xf9, 0x30, 0x0,
    0x8, 0xff, 0x52, 0x9c, 0xff, 0xff, 0xcf, 0xff,
    0xfe, 0xa3, 0x4, 0xec, 0x0, 0xdf, 0xff, 0x92,
    0x3, 0xaf, 0xff, 0xc0, 0x0, 0x12, 0x0, 0x5a,
    0x50, 0x0, 0x0, 0x1, 0x6a, 0x20,

    /* U+6CE8 "注" */
    0x0, 0x0, 0x0, 0x0, 0x0, 0x0, 0x0, 0x0,
    0x0, 0x0, 0x0, 0x19, 0x30, 0x0, 0x0, 0x7,
    0xd9, 0x0, 0x0, 0x0, 0x0, 0xbf, 0xfa, 0x20,
    0x0, 0x8, 0xff, 0x20, 0x0, 0x0, 0x0, 0x4d,
    0xff, 0xd0, 0x0, 0x1, 0xff, 0x90, 0x0, 0x0,
    0x0, 0x0, 0x6e, 0x34, 0x44, 0x44, 0xcc, 0x64,
    0x44, 0x40, 0x0, 0x0, 0x0, 0xe, 0xff, 0xff,
    0xff, 0xff, 0xff, 0xf0, 0x0, 0x10, 0x0, 0xe,
    0xff, 0xff, 0xff, 0xff, 0xff, 0xf0, 0x6, 0xf8,
    0x10, 0x0, 0x0, 0x1, 0xff, 0x60, 0x0, 0x0,
    0xe, 0xff, 0xf6, 0x0, 0x0, 0x1, 0xff, 0x60,
    0x0, 0x0, 0x1, 0x8f, 0xf7, 0x0, 0x0, 0x1,
    0xff, 0x60, 0x0, 0x0, 0x0, 0x2, 0x90, 0x0,
    0x55, 0x56, 0xff, 0xa5, 0x55, 0x10, 0x0, 0x0,
    0x0, 0x1, 0xff, 0xff, 0xff, 0xff, 0xff, 0x40,
    0x0, 0x0, 0x3c, 0x11, 0xff, 0xff, 0xff, 0xff,
    0xff, 0x40, 0x0, 0x0, 0xcf, 0xb0, 0x0, 0x1,
    0xff, 0x60, 0x0, 0x0, 0x0, 0x5, 0xff, 0x50,
    0x0, 0x1, 0xff, 0x60, 0x0, 0x0, 0x0, 0x1e,
    0xfc, 0x0, 0x0, 0x1, 0xff, 0x60, 0x0, 0x0,
    0x0, 0x9f, 0xf3, 0x0, 0x0, 0x2, 0xff, 0x70,
    0x0, 0x0, 0x4, 0xff, 0xa0, 0x8f, 0xff, 0xff,
    0xff, 0xff, 0xff, 0xf8, 0x3, 0xef, 0x20, 0x8f,
    0xff, 0xff, 0xff, 0xff, 0xff, 0xf8, 0x0, 0x15,
    0x0, 0x23, 0x33, 0x33, 0x33, 0x33, 0x33, 0x32,

    /* U+6D88 "消" */
    0x0, 0x58, 0x0, 0x0, 0x30, 0x4, 0xff, 0x20,
    0x24, 0x0, 0x3, 0xff, 0xe5, 0xc, 0xf7, 0x4,
    0xff, 0x20, 0x9f, 0xd0, 0x0, 0x7f, 0xff, 0x38,
    0xff, 0x14, 0xff, 0x21, 0xff, 0x80, 0x0, 0x2,
    0xda, 0x1, 0xff, 0x94, 0xff, 0x28, 0xff, 0x10,
    0x0, 0x0, 0x0, 0x0, 0x9d, 0x54, 0xff, 0x26,
    0xd7, 0x0, 0x2, 0x30, 0x0, 0x3, 0x76, 0x69,
    0xff, 0x86, 0x86, 0x10, 0x1e, 0xfa, 0x20, 0x8,
    0xff, 0xff, 0xff, 0xff, 0xff, 0x40, 0x19, 0xff,
    0xf4, 0x8, 0xff, 0xdd, 0xdd, 0xdd, 0xff, 0x40,
    0x0, 0x3d, 0xe1, 0x8, 0xfd, 0x0, 0x0, 0x1,
    0xff, 0x40, 0x0, 0x0, 0x20, 0x8, 0xff, 0xee,
    0xee, 0xef, 0xff, 0x40, 0x0, 0x0, 0x20, 0x8,
    0xff, 0xff, 0xff, 0xff, 0xff, 0x40, 0x0, 0x0,
    0xd9, 0x8, 0xfd, 0x11, 0x11, 0x12, 0xff, 0x40,
    0x0, 0x5, 0xff, 0x28, 0xfd, 0x11, 0x11, 0x12,
    0xff, 0x40, 0x0, 0xd, 0xfc, 0x8, 0xff, 0xff,
    0xff, 0xff, 0xff, 0x40, 0x0, 0x5f, 0xf5, 0x8,
    0xff, 0xff, 0xff, 0xff, 0xff, 0x40, 0x0, 0xdf,
    0xd0, 0x8, 0xfd, 0x0, 0x0, 0x1, 0xff, 0x40,
    0x6, 0xff, 0x60, 0x8, 0xfd, 0x0, 0x3, 0x34,
    0xff, 0x40, 0x8, 0xfe, 0x0, 0x8, 0xfd, 0x0,
    0x6, 0xff, 0xff, 0x20, 0x0, 0x56, 0x0, 0x8,
    0xfd, 0x0, 0x2, 0xff, 0xd6, 0x0,

    /* U+70B9 "点" */
    0x0, 0x0, 0x0, 0x0, 0x5f, 0xf2, 0x0, 0x0,
    0x0, 0x0, 0x0, 0x0, 0x0, 0x0, 0x5f, 0xf5,
    0x33, 0x33, 0x33, 0x10, 0x0, 0x0, 0x0, 0x0,
    0x5f, 0xff, 0xff, 0xff, 0xff, 0x50, 0x0, 0x0,
    0x0, 0x0, 0x5f, 0xff, 0xff, 0xff, 0xff, 0x50,
    0x0, 0x0, 0x0, 0x0, 0x5f, 0xf2, 0x0, 0x0,
    0x0, 0x0, 0x0, 0x1, 0x11, 0x11, 0x6f, 0xf3,
    0x11, 0x11, 0x10, 0x0, 0x0, 0xf, 0xff, 0xff,
    0xff, 0xff, 0xff, 0xff, 0xf0, 0x0, 0x0, 0xf,
    0xff, 0xff, 0xff, 0xff, 0xff, 0xff, 0xf0, 0x0,
    0x0, 0xf, 0xf7, 0x22, 0x22, 0x22, 0x22, 0x8f,
    0xf0, 0x0, 0x0, 0xf, 0xf5, 0x0, 0x0, 0x0,
    0x0, 0x7f, 0xf0, 0x0, 0x0, 0xf, 0xf8, 0x44,
    0x44, 0x44, 0x44, 0x9f, 0xf0, 0x0, 0x0, 0xf,
    0xff, 0xff, 0xff, 0xff, 0xff, 0xff, 0xf0, 0x0,
    0x0, 0xe, 0xff, 0xff, 0xff, 0xff, 0xff, 0xff,
    0xf0, 0x0, 0x0, 0x2, 0x0, 0x0, 0x0, 0x0,
    0x0, 0x0, 0x40, 0x0, 0x0, 0x3f, 0xe3, 0x5a,
    0x80, 0x3b, 0xd0, 0x2e, 0xf6, 0x0, 0x0, 0xcf,
    0xe0, 0x7f, 0xe0, 0x1f, 0xf6, 0xa, 0xff, 0x10,
    0x6, 0xff, 0x60, 0x5f, 0xf1, 0xa, 0xfc, 0x1,
    0xff, 0xb0, 0x2f, 0xfc, 0x0, 0x4f, 0xf2, 0x6,
    0xff, 0x10, 0x8f, 0xf2, 0x2, 0x91, 0x0, 0x29,
    0x71, 0x1, 0x72, 0x0, 0x18, 0x20,

    /* U+7184 "熄" */
    0x0, 0x0, 0x0, 0x0, 0x0, 0x0, 0x0, 0x0,
    0x0, 0x0, 0x0, 0x5, 0xc9, 0x0, 0x0, 0x0,
    0xef, 0xb0, 0x0, 0x0, 0x0, 0x7, 0xfb, 0x0,
    0x0, 0x1, 0xff, 0x70, 0x0, 0x0, 0x0, 0x7,
    0xfb, 0x0, 0xf, 0xff, 0xff, 0xff, 0xff, 0x30,
    0x0, 0x7, 0xfb, 0x24, 0xf, 0xfb, 0x99, 0x9a,
    0xff, 0x30, 0x6, 0x87, 0xfb, 0x7f, 0xaf, 0xf8,
    0x66, 0x67, 0xff, 0x30, 0xb, 0xf7, 0xfb, 0xbf,
    0x3f, 0xff, 0xff, 0xff, 0xff, 0x30, 0xc, 0xf7,
    0xfc, 0xfc, 0xf, 0xf4, 0x0, 0x1, 0xff, 0x30,
    0xf, 0xd7, 0xfe, 0xe5, 0xf, 0xff, 0xff, 0xff,
    0xff, 0x30, 0x3f, 0xa7, 0xfb, 0x0, 0xf, 0xfb,
    0x99, 0x9a, 0xff, 0x30, 0x2b, 0x58, 0xfa, 0x0,
    0xf, 0xf4, 0x0, 0x1, 0xff, 0x30, 0x0, 0x9,
    0xf9, 0x0, 0xf, 0xff, 0xff, 0xff, 0xff, 0x30,
    0x0, 0xc, 0xfd, 0x10, 0x9, 0x99, 0xfc, 0x99,
    0x99, 0x20, 0x0, 0xe, 0xff, 0xc0, 0x0, 0x6,
    0xff, 0x50, 0x0, 0x0, 0x0, 0x3f, 0xff, 0xfc,
    0x62, 0xcc, 0x8f, 0xf4, 0x38, 0x0, 0x0, 0x9f,
    0xd4, 0xfa, 0xfa, 0xff, 0x17, 0xb0, 0xdf, 0x60,
    0x1, 0xff, 0x70, 0x29, 0xf8, 0xff, 0x10, 0x7,
    0x6f, 0xe0, 0xb, 0xff, 0x10, 0xd, 0xf4, 0xff,
    0x10, 0xf, 0xfd, 0xf5, 0x3f, 0xf6, 0x0, 0x1d,
    0xf0, 0xff, 0xff, 0xff, 0xc6, 0xf7, 0x6, 0xa0,
    0x0, 0x0, 0x30, 0x7e, 0xff, 0xfe, 0x41, 0x10,
    0x0, 0x0, 0x0, 0x0, 0x0, 0x0, 0x0, 0x0,
    0x0, 0x0,

    /* U+73B0 "现" */
    0x5f, 0xff, 0xff, 0xfa, 0xef, 0xff, 0xff, 0xff,
    0xff, 0x10, 0x5f, 0xff, 0xff, 0xfa, 0xef, 0xff,
    0xff, 0xff, 0xff, 0x10, 0x25, 0x5f, 0xfa, 0x53,
    0xef, 0x61, 0x11, 0x15, 0xff, 0x10, 0x0, 0xe,
    0xf6, 0x0, 0xef, 0x60, 0x23, 0x4, 0xff, 0x10,
    0x0, 0xe, 0xf6, 0x0, 0xef, 0x60, 0xff, 0x44,
    0xff, 0x10, 0x1, 0x1f, 0xf7, 0x10, 0xef, 0x60,
    0xff, 0x44, 0xff, 0x10, 0x1f, 0xff, 0xff, 0xf4,
    0xef, 0x60, 0xff, 0x44, 0xff, 0x10, 0x1f, 0xff,
    0xff, 0xf4, 0xef, 0x60, 0xff, 0x34, 0xff, 0x10,
    0x2, 0x2f, 0xf7, 0x20, 0xef, 0x60, 0xff, 0x24,
    0xff, 0x10, 0x0, 0xe, 0xf6, 0x0, 0xef, 0x62,
    0xff, 0x4, 0xff, 0x10, 0x0, 0xe, 0xf6, 0x0,
    0x9a, 0x35, 0xfe, 0x2, 0xaa, 0x0, 0x0, 0xe,
    0xf6, 0x0, 0x0, 0xa, 0xff, 0xe0, 0x0, 0x0,
    0x0, 0xe, 0xfb, 0xcb, 0x0, 0x2f, 0xff, 0xf1,
    0x0, 0x0, 0x26, 0xaf, 0xff, 0xfc, 0x0, 0xbf,
    0xef, 0xf1, 0xa, 0x91, 0xaf, 0xff, 0xff, 0xa5,
    0x9, 0xff, 0x6f, 0xf1, 0xb, 0xf2, 0x7f, 0xd9,
    0x40, 0x0, 0xaf, 0xf7, 0x2f, 0xf1, 0xd, 0xf1,
    0x12, 0x0, 0x0, 0x4e, 0xff, 0x80, 0x1f, 0xfd,
    0xcf, 0xd0, 0x0, 0x0, 0x0, 0x1d, 0xf5, 0x0,
    0x9, 0xff, 0xfe, 0x40, 0x0, 0x0, 0x0, 0x2,
    0x10, 0x0, 0x0, 0x0, 0x0, 0x0,

    /* U+73ED "班" */
    0x0, 0x0, 0x0, 0x0, 0x0, 0xbf, 0x60, 0x0,
    0x0, 0x0, 0x1c, 0xcc, 0xcc, 0x80, 0x0, 0xbf,
    0x8d, 0xdd, 0xdd, 0xd3, 0x2f, 0xff, 0xff, 0xa0,
    0x0, 0xbf, 0x9f, 0xff, 0xff, 0xf3, 0x6, 0x9f,
    0xf6, 0x40, 0x0, 0xbf, 0x75, 0x7f, 0xf6, 0x51,
    0x0, 0x4f, 0xe0, 0x9, 0xd3, 0xbf, 0x60, 0x3f,
    0xf1, 0x0, 0x0, 0x4f, 0xe0, 0xa, 0xf3, 0xbf,
    0x60, 0x3f, 0xf1, 0x0, 0x0, 0x4f, 0xe0, 0xb,
    0xf3, 0xbf, 0x60, 0x3f, 0xf1, 0x0, 0x6, 0x9f,
    0xf6, 0x3c, 0xf2, 0xbf, 0x60, 0x3f, 0xf1, 0x0,
    0xe, 0xff, 0xff, 0x7e, 0xf0, 0xbf, 0x6c, 0xef,
    0xfe, 0xd0, 0xa, 0xcf, 0xfb, 0x6f, 0xe0, 0xbf,
    0x5f, 0xff, 0xff, 0xf0, 0x0, 0x4f, 0xe0, 0x6f,
    0xb0, 0xcf, 0x54, 0x6f, 0xf5, 0x40, 0x0, 0x4f,
    0xe0, 0x7, 0x40, 0xef, 0x40, 0x3f, 0xf1, 0x0,
    0x0, 0x4f, 0xe0, 0x0, 0x1, 0xff, 0x20, 0x3f,
    0xf1, 0x0, 0x0, 0x4f, 0xe1, 0x30, 0x6, 0xfe,
    0x0, 0x3f, 0xf1, 0x0, 0x3, 0x9f, 0xff, 0xc0,
    0xd, 0xfa, 0x0, 0x3f, 0xf1, 0x0, 0x6f, 0xff,
    0xff, 0xd0, 0x8f, 0xf3, 0x11, 0x4f, 0xf2, 0x10,
    0x3f, 0xea, 0x62, 0x8, 0xff, 0x95, 0xff, 0xff,
    0xff, 0xf8, 0x2, 0x0, 0x0, 0x1e, 0xfb, 0x5,
    0xff, 0xff, 0xff, 0xf8, 0x0, 0x0, 0x0, 0x2,
    0x80, 0x0, 0x22, 0x22, 0x22, 0x21,

    /* U+7528 "用" */
    0x0, 0x3e, 0xfe, 0xee, 0xee, 0xee, 0xee, 0xef,
    0xe9, 0x0, 0x4f, 0xff, 0xff, 0xff, 0xff, 0xff,
    0xff, 0xfb, 0x0, 0x4f, 0xf7, 0x66, 0x8f, 0xf9,
    0x66, 0x6d, 0xfb, 0x0, 0x4f, 0xf1, 0x0, 0x2f,
    0xf4, 0x0, 0xb, 0xfb, 0x0, 0x4f, 0xf2, 0x0,
    0x2f, 0xf5, 0x0, 0xb, 0xfb, 0x0, 0x4f, 0xff,
    0xff, 0xff, 0xff, 0xff, 0xff, 0xfb, 0x0, 0x4f,
    0xff, 0xff, 0xff, 0xff, 0xff, 0xff, 0xfb, 0x0,
    0x4f, 0xf4, 0x33, 0x4f, 0xf7, 0x33, 0x3c, 0xfb,
    0x0, 0x4f, 0xf0, 0x0, 0x2f, 0xf4, 0x0, 0xb,
    0xfb, 0x0, 0x5f, 0xf4, 0x44, 0x6f, 0xf8, 0x44,
    0x4c, 0xfb, 0x0, 0x6f, 0xff, 0xff, 0xff, 0xff,
    0xff, 0xff, 0xfb, 0x0, 0x8f, 0xff, 0xff, 0xff,
    0xff, 0xff, 0xff, 0xfb, 0x0, 0xbf, 0xa0, 0x0,
    0x2f, 0xf4, 0x0, 0xb, 0xfb, 0x0, 0xff, 0x70,
    0x0, 0x2f, 0xf4, 0x0, 0xb, 0xfb, 0x5, 0xff,
    0x30, 0x0, 0x2f, 0xf4, 0x0, 0xb, 0xfb, 0xd,
    0xfd, 0x0, 0x0, 0x2f, 0xf4, 0x34, 0x4d, 0xfb,
    0x6f, 0xf6, 0x0, 0x0, 0x2f, 0xf4, 0x8f, 0xff,
    0xf8, 0x8, 0xc0, 0x0, 0x0, 0x1d, 0xd4, 0x3f,
    0xfd, 0x90, 0x0, 0x0, 0x0, 0x0, 0x0, 0x0,
    0x0, 0x0, 0x0,

    /* U+76EE "目" */
    0x6f, 0xff, 0xff, 0xff, 0xff, 0xff, 0xff, 0xa6,
    0xff, 0xff, 0xff, 0xff, 0xff, 0xff, 0xfa, 0x6f,
    0xf5, 0x55, 0x55, 0x55, 0x55, 0xef, 0xa6, 0xff,
    0x0, 0x0, 0x0, 0x0, 0xe, 0xfa, 0x6f, 0xf4,
    0x44, 0x44, 0x44, 0x44, 0xef, 0xa6, 0xff, 0xff,
    0xff, 0xff, 0xff, 0xff, 0xfa, 0x6f, 0xff, 0xff,
    0xff, 0xff, 0xff, 0xff, 0xa6, 0xff, 0x0, 0x0,
    0x0, 0x0, 0xe, 0xfa, 0x6f, 0xf0, 0x0, 0x0,
    0x0, 0x0, 0xef, 0xa6, 0xff, 0x66, 0x66, 0x66,
    0x66, 0x6f, 0xfa, 0x6f, 0xff, 0xff, 0xff, 0xff,
    0xff, 0xff, 0xa6, 0xff, 0xdd, 0xdd, 0xdd, 0xdd,
    0xdf, 0xfa, 0x6f, 0xf0, 0x0, 0x0, 0x0, 0x0,
    0xef, 0xa6, 0xff, 0x0, 0x0, 0x0, 0x0, 0xe,
    0xfa, 0x6f, 0xff, 0xff, 0xff, 0xff, 0xff, 0xff,
    0xa6, 0xff, 0xff, 0xff, 0xff, 0xff, 0xff, 0xfa,
    0x6f, 0xf5, 0x55, 0x55, 0x55, 0x55, 0xef, 0xa6,
    0xff, 0x0, 0x0, 0x0, 0x0, 0xe, 0xfa,

    /* U+770B "看" */
    0x0, 0x0, 0x0, 0x0, 0x0, 0x12, 0x35, 0x68,
    0x60, 0x0, 0x8, 0xde, 0xee, 0xff, 0xff, 0xff,
    0xff, 0xff, 0x40, 0x0, 0x5e, 0xfe, 0xef, 0xff,
    0xcb, 0xa8, 0x75, 0x31, 0x0, 0x2, 0x55, 0x55,
    0xbf, 0xf6, 0x55, 0x55, 0x55, 0x40, 0x0, 0x8f,
    0xff, 0xff, 0xff, 0xff, 0xff, 0xff, 0xfd, 0x0,
    0x2, 0x55, 0x59, 0xff, 0x85, 0x55, 0x55, 0x55,
    0x40, 0xc, 0xee, 0xee, 0xff, 0xfe, 0xee, 0xee,
    0xee, 0xee, 0xc0, 0xef, 0xff, 0xff, 0xff, 0xff,
    0xff, 0xff, 0xff, 0xfe, 0x0, 0x0, 0xd, 0xfe,
    0x22, 0x22, 0x22, 0x22, 0x20, 0x0, 0x0, 0xa,
    0xff, 0xff, 0xff, 0xff, 0xff, 0xff, 0x0, 0x0,
    0x8, 0xff, 0xfc, 0xaa, 0xaa, 0xaa, 0xcf, 0xf0,
    0x0, 0xa, 0xff, 0xff, 0xa7, 0x77, 0x77, 0x7b,
    0xff, 0x0, 0x3d, 0xff, 0xcf, 0xff, 0xff, 0xff,
    0xff, 0xff, 0xf0, 0x0, 0xcf, 0x90, 0xef, 0x72,
    0x22, 0x22, 0x27, 0xff, 0x0, 0x2, 0x40, 0xe,
    0xff, 0xff, 0xff, 0xff, 0xff, 0xf0, 0x0, 0x0,
    0x0, 0xef, 0x95, 0x55, 0x55, 0x59, 0xff, 0x0,
    0x0, 0x0, 0xe, 0xfd, 0xcc, 0xcc, 0xcc, 0xdf,
    0xf0, 0x0, 0x0, 0x0, 0xef, 0xff, 0xff, 0xff,
    0xff, 0xff, 0x0, 0x0, 0x0, 0xe, 0xf6, 0x0,
    0x0, 0x0, 0x6f, 0xf0, 0x0,

    /* U+771F "真" */
    0x0, 0x0, 0x0, 0x0, 0x3, 0x20, 0x0, 0x0,
    0x0, 0x0, 0x0, 0x0, 0x0, 0x0, 0xe, 0xf9,
    0x0, 0x0, 0x0, 0x0, 0x2, 0xdd, 0xdd, 0xdd,
    0xdf, 0xfe, 0xdd, 0xdd, 0xdd, 0x90, 0x3, 0xff,
    0xff, 0xff, 0xff, 0xff, 0xff, 0xff, 0xff, 0xa0,
    0x0, 0x22, 0x22, 0x22, 0x7f, 0xf3, 0x22, 0x22,
    0x22, 0x10, 0x0, 0x2, 0x99, 0x99, 0xcf, 0xf9,
    0x99, 0x99, 0x30, 0x0, 0x0, 0x4, 0xff, 0xff,
    0xff, 0xff, 0xff, 0xff, 0x50, 0x0, 0x0, 0x4,
    0xff, 0x54, 0x44, 0x44, 0x45, 0xff, 0x50, 0x0,
    0x0, 0x4, 0xff, 0xff, 0xff, 0xff, 0xff, 0xff,
    0x50, 0x0, 0x0, 0x4, 0xff, 0x54, 0x44, 0x44,
    0x45, 0xff, 0x50, 0x0, 0x0, 0x4, 0xff, 0xff,
    0xff, 0xff, 0xff, 0xff, 0x50, 0x0, 0x0, 0x4,
    0xff, 0x43, 0x33, 0x33, 0x34, 0xff, 0x50, 0x0,
    0x0, 0x4, 0xff, 0xff, 0xff, 0xff, 0xff, 0xff,
    0x50, 0x0, 0x0, 0x4, 0xff, 0x43, 0x33, 0x33,
    0x34, 0xff, 0x50, 0x0, 0xc, 0xee, 0xff, 0xee,
    0xee, 0xee, 0xee, 0xff, 0xee, 0xd0, 0xe, 0xff,
    0xff, 0xff, 0xff, 0xff, 0xff, 0xff, 0xff, 0xf0,
    0x1, 0x11, 0x17, 0xe7, 0x11, 0x11, 0xcf, 0xb6,
    0x11, 0x10, 0x0, 0x39, 0xef, 0xff, 0x40, 0x3,
    0xcf, 0xff, 0xe8, 0x20, 0x9, 0xff, 0xfe, 0x71,
    0x0, 0x0, 0x2, 0x8e, 0xff, 0xb0, 0x0, 0x89,
    0x40, 0x0, 0x0, 0x0, 0x0, 0x0, 0x68, 0x0,

    /* U+7720 "眠" */
    0x0, 0x0, 0x0, 0x0, 0x34, 0x33, 0x33, 0x33,
    0x33, 0x0, 0xf, 0xff, 0xff, 0xf2, 0xff, 0xff,
    0xff, 0xff, 0xff, 0x20, 0xf, 0xff, 0xff, 0xf2,
    0xff, 0xff, 0xff, 0xff, 0xff, 0x20, 0xf, 0xf4,
    0x2f, 0xf2, 0xff, 0x50, 0x0, 0x2, 0xff, 0x20,
    0xf, 0xf2, 0x1f, 0xf2, 0xff, 0x72, 0x22, 0x24,
    0xff, 0x20, 0xf, 0xff, 0xff, 0xf2, 0xff, 0xff,
    0xff, 0xff, 0xff, 0x20, 0xf, 0xff, 0xff, 0xf2,
    0xff, 0xff, 0xff, 0xff, 0xff, 0x20, 0xf, 0xf3,
    0x2f, 0xf2, 0xff, 0x50, 0x3f, 0xf1, 0x0, 0x0,
    0xf, 0xf2, 0x1f, 0xf2, 0xff, 0x50, 0x2f, 0xf2,
    0x0, 0x0, 0xf, 0xf8, 0x8f, 0xf2, 0xff, 0x96,
    0x7f, 0xf7, 0x66, 0x40, 0xf, 0xff, 0xff, 0xf2,
    0xff, 0xff, 0xff, 0xff, 0xff, 0xc0, 0xf, 0xfa,
    0x9f, 0xf2, 0xff, 0xed, 0xdf, 0xfe, 0xdd, 0xa0,
    0xf, 0xf2, 0x1f, 0xf2, 0xff, 0x50, 0xd, 0xf7,
    0x0, 0x0, 0xf, 0xf6, 0x5f, 0xf2, 0xff, 0x50,
    0xa, 0xf9, 0x0, 0x0, 0xf, 0xff, 0xff, 0xf2,
    0xff, 0x50, 0x7, 0xfc, 0x7, 0x30, 0xf, 0xfd,
    0xcc, 0xc2, 0xff, 0x65, 0x85, 0xff, 0x1a, 0xf2,
    0xf, 0xf2, 0x0, 0x5, 0xff, 0xff, 0xf3, 0xdf,
    0xae, 0xf0, 0x7, 0x71, 0x0, 0xd, 0xff, 0xff,
    0xc2, 0x6f, 0xff, 0xc0, 0x0, 0x0, 0x0, 0x6,
    0xf9, 0x51, 0x0, 0x8, 0xfd, 0x30, 0x0, 0x0,
    0x0, 0x0, 0x0, 0x0, 0x0, 0x0, 0x0, 0x0,

    /* U+7761 "睡" */
    0x0, 0x0, 0x0, 0x0, 0x12, 0x35, 0x68, 0xbe,
    0x20, 0xef, 0xff, 0xf2, 0xf, 0xff, 0xff, 0xff,
    0xff, 0x90, 0xef, 0xff, 0xf2, 0xa, 0xed, 0xdf,
    0xfa, 0x74, 0x20, 0xef, 0x1b, 0xf2, 0x0, 0x0,
    0x1f, 0xf3, 0x0, 0x0, 0xef, 0xb, 0xf2, 0x5b,
    0xbb, 0xcf, 0xfc, 0xbb, 0xb5, 0xef, 0xff, 0xf2,
    0x7f, 0xff, 0xff, 0xff, 0xff, 0xf7, 0xef, 0xff,
    0xf2, 0x3a, 0xfd, 0x8f, 0xf9, 0xdf, 0xa3, 0xef,
    0x1b, 0xf2, 0x4, 0xfb, 0x1f, 0xf3, 0xbf, 0x40,
    0xef, 0xb, 0xf2, 0x48, 0xfd, 0x7f, 0xf7, 0xdf,
    0x84, 0xef, 0x7d, 0xf2, 0xdf, 0xff, 0xff, 0xff,
    0xff, 0xfd, 0xef, 0xff, 0xf2, 0xcf, 0xff, 0xff,
    0xff, 0xff, 0xfc, 0xef, 0x6d, 0xf2, 0x4, 0xfb,
    0x1f, 0xf3, 0xbf, 0x40, 0xef, 0xb, 0xf2, 0x8e,
    0xff, 0xef, 0xfe, 0xff, 0xe7, 0xef, 0xbe, 0xf2,
    0x9f, 0xff, 0xff, 0xff, 0xff, 0xf8, 0xef, 0xff,
    0xf2, 0x35, 0x55, 0x7f, 0xf7, 0x55, 0x52, 0xef,
    0x66, 0x61, 0x0, 0x0, 0x1f, 0xf3, 0x0, 0x0,
    0xef, 0x0, 0x0, 0x2f, 0xff, 0xff, 0xff, 0xff,
    0xf1, 0x11, 0x0, 0x0, 0x2f, 0xff, 0xff, 0xff,
    0xff, 0xf1, 0x0, 0x0, 0x0, 0x2f, 0xff, 0xff,
    0xff, 0xff, 0xf1,

    /* U+77ED "短" */
    0x0, 0xa8, 0x20, 0x0, 0x0, 0x0, 0x0, 0x0,
    0x0, 0x0, 0x0, 0xff, 0x30, 0x0, 0xf, 0xff,
    0xff, 0xff, 0xff, 0xf0, 0x3, 0xff, 0x77, 0x77,
    0x3f, 0xff, 0xff, 0xff, 0xff, 0xf0, 0x7, 0xff,
    0xff, 0xff, 0x63, 0x33, 0x33, 0x33, 0x33, 0x30,
    0xb, 0xff, 0xff, 0xfe, 0x61, 0x33, 0x33, 0x33,
    0x33, 0x10, 0x1f, 0xf3, 0xff, 0x30, 0x7, 0xff,
    0xff, 0xff, 0xff, 0x60, 0x3d, 0xc0, 0xff, 0x30,
    0x7, 0xff, 0xdd, 0xdd, 0xff, 0x60, 0x2, 0x42,
    0xff, 0x42, 0x17, 0xfb, 0x0, 0x0, 0xef, 0x60,
    0x5f, 0xff, 0xff, 0xff, 0x87, 0xfb, 0x0, 0x0,
    0xef, 0x60, 0x4c, 0xcd, 0xff, 0xcc, 0x67, 0xff,
    0xee, 0xee, 0xff, 0x60, 0x0, 0x3, 0xff, 0x0,
    0x7, 0xff, 0xff, 0xff, 0xff, 0x60, 0x0, 0x5,
    0xff, 0x60, 0x1, 0x38, 0x33, 0x36, 0x95, 0x10,
    0x0, 0x8, 0xff, 0xf2, 0x0, 0xef, 0x40, 0x9,
    0xfc, 0x0, 0x0, 0xd, 0xff, 0xfc, 0x0, 0xaf,
    0x80, 0xd, 0xf7, 0x0, 0x0, 0x3f, 0xf6, 0xff,
    0x60, 0x6f, 0xd0, 0x2f, 0xf2, 0x0, 0x0, 0xbf,
    0xc0, 0xbf, 0x40, 0x3f, 0xf0, 0x6f, 0xd0, 0x0,
    0x6, 0xff, 0x40, 0x39, 0x33, 0x4c, 0x73, 0xcf,
    0xa3, 0x31, 0x2f, 0xfa, 0x0, 0x0, 0xef, 0xff,
    0xff, 0xff, 0xff, 0xf4, 0x8, 0xd1, 0x0, 0x0,
    0xef, 0xff, 0xff, 0xff, 0xff, 0xf4, 0x0, 0x0,
    0x0, 0x0, 0x0, 0x0, 0x0, 0x0, 0x0, 0x0,

    /* U+7801 "码" */
    0x2, 0x22, 0x22, 0x22, 0x0, 0x0, 0x0, 0x0,
    0x0, 0x2, 0xff, 0xff, 0xff, 0xf6, 0xff, 0xff,
    0xff, 0xff, 0x60, 0x2f, 0xff, 0xff, 0xff, 0x6f,
    0xff, 0xff, 0xff, 0xf5, 0x0, 0x2, 0xff, 0x20,
    0x0, 0x22, 0x22, 0x23, 0xff, 0x40, 0x0, 0x5f,
    0xe0, 0x0, 0x3, 0xca, 0x0, 0x2f, 0xf2, 0x0,
    0x9, 0xfa, 0x0, 0x0, 0x5f, 0xd0, 0x4, 0xff,
    0x10, 0x0, 0xef, 0x50, 0x0, 0x7, 0xfb, 0x0,
    0x5f, 0xf0, 0x0, 0x4f, 0xfb, 0xaa, 0x60, 0x9f,
    0xa0, 0x7, 0xfd, 0x0, 0xc, 0xff, 0xff, 0xfa,
    0xb, 0xf9, 0x11, 0x9f, 0xc1, 0x15, 0xff, 0xf8,
    0xaf, 0xa0, 0xdf, 0xff, 0xff, 0xff, 0xff, 0x5f,
    0xff, 0x16, 0xfa, 0xe, 0xff, 0xff, 0xff, 0xff,
    0xd0, 0xef, 0xf1, 0x6f, 0xa0, 0x0, 0x0, 0x0,
    0x9, 0xfc, 0x3, 0xef, 0x16, 0xfa, 0x46, 0x66,
    0x66, 0x62, 0xaf, 0xb0, 0xe, 0xf1, 0x6f, 0xaa,
    0xff, 0xff, 0xff, 0x6c, 0xf9, 0x0, 0xef, 0xff,
    0xfa, 0x58, 0x88, 0x88, 0x83, 0xff, 0x70, 0xe,
    0xff, 0xff, 0xa0, 0x0, 0x0, 0x0, 0x2f, 0xf4,
    0x0, 0xef, 0x32, 0x21, 0x0, 0x0, 0x12, 0x19,
    0xff, 0x10, 0x9, 0xa0, 0x0, 0x0, 0x0, 0x0,
    0xff, 0xff, 0xb0, 0x0, 0x0, 0x0, 0x0, 0x0,
    0x0, 0xc, 0xff, 0xb1, 0x0, 0x0, 0x0, 0x0,
    0x0, 0x0, 0x0, 0x0, 0x0, 0x0,

    /* U+79D1 "科" */
    0x0, 0x0, 0x1, 0x75, 0x0, 0x0, 0x0, 0x3f,
    0xf2, 0x0, 0x3, 0x69, 0xdf, 0xff, 0x20, 0x27,
    0x0, 0x3f, 0xf2, 0x0, 0xe, 0xff, 0xff, 0xd9,
    0x21, 0xff, 0xa0, 0x3f, 0xf2, 0x0, 0x7, 0xaa,
    0xff, 0x0, 0x0, 0x6f, 0xfb, 0x3f, 0xf2, 0x0,
    0x0, 0x4, 0xff, 0x0, 0x0, 0x5, 0xfd, 0x4f,
    0xf2, 0x0, 0x14, 0x47, 0xff, 0x44, 0x20, 0x0,
    0x51, 0x3f, 0xf2, 0x0, 0x5f, 0xff, 0xff, 0xff,
    0xa0, 0x40, 0x0, 0x3f, 0xf2, 0x0, 0x5f, 0xff,
    0xff, 0xff, 0xa9, 0xfa, 0x0, 0x3f, 0xf2, 0x0,
    0x0, 0xd, 0xff, 0x60, 0x7, 0xff, 0xc0, 0x3f,
    0xf2, 0x0, 0x0, 0x4f, 0xff, 0xf4, 0x0, 0x5f,
    0xf7, 0x3f, 0xf2, 0x0, 0x0, 0xbf, 0xff, 0xff,
    0x20, 0x5, 0xa0, 0x3f, 0xf2, 0x0, 0x4, 0xff,
    0xff, 0x8f, 0x50, 0x0, 0x0, 0x4f, 0xf9, 0xb2,
    0xd, 0xfa, 0xff, 0x18, 0x2, 0x58, 0xad, 0xff,
    0xff, 0xf5, 0x6f, 0xd5, 0xff, 0x0, 0x9f, 0xff,
    0xff, 0xff, 0xfd, 0xa3, 0x1f, 0x54, 0xff, 0x0,
    0x7f, 0xfd, 0xb8, 0x8f, 0xf2, 0x0, 0x4, 0x4,
    0xff, 0x0, 0x13, 0x0, 0x0, 0x3f, 0xf2, 0x0,
    0x0, 0x4, 0xff, 0x0, 0x0, 0x0, 0x0, 0x3f,
    0xf2, 0x0, 0x0, 0x4, 0xff, 0x0, 0x0, 0x0,
    0x0, 0x3f, 0xf2, 0x0, 0x0, 0x4, 0xff, 0x0,
    0x0, 0x0, 0x0, 0x3f, 0xf2, 0x0,

    /* U+7A0B "程" */
    0x0, 0x0, 0x3, 0x81, 0x0, 0x0, 0x0, 0x0,
    0x0, 0x0, 0x3, 0x6a, 0xef, 0xfc, 0xd, 0xff,
    0xff, 0xff, 0xff, 0x60, 0x2f, 0xff, 0xff, 0xc7,
    0x1d, 0xff, 0xff, 0xff, 0xff, 0x60, 0xb, 0xba,
    0xff, 0x0, 0xd, 0xf6, 0x0, 0x0, 0xef, 0x60,
    0x0, 0x4, 0xff, 0x0, 0xd, 0xf6, 0x0, 0x0,
    0xef, 0x60, 0x4, 0x47, 0xff, 0x44, 0xd, 0xf9,
    0x55, 0x55, 0xff, 0x60, 0x3f, 0xff, 0xff, 0xff,
    0x2d, 0xff, 0xff, 0xff, 0xff, 0x60, 0x2f, 0xff,
    0xff, 0xff, 0x28, 0xaa, 0xaa, 0xaa, 0xaa, 0x40,
    0x0, 0xd, 0xff, 0x10, 0x1, 0x11, 0x11, 0x11,
    0x11, 0x10, 0x0, 0x5f, 0xff, 0xd1, 0x7f, 0xff,
    0xff, 0xff, 0xff, 0xf0, 0x0, 0xdf, 0xff, 0xfd,
    0x8f, 0xff, 0xff, 0xff, 0xff, 0xe0, 0x7, 0xff,
    0xff, 0x9f, 0x40, 0x0, 0x7f, 0xe0, 0x0, 0x0,
    0x2f, 0xf8, 0xff, 0x6, 0xb, 0xbb, 0xdf, 0xfb,
    0xbb, 0x50, 0x5f, 0xb4, 0xff, 0x0, 0xf, 0xff,
    0xff, 0xff, 0xff, 0x70, 0xc, 0x24, 0xff, 0x0,
    0x4, 0x44, 0xaf, 0xf4, 0x44, 0x20, 0x1, 0x4,
    0xff, 0x0, 0x0, 0x0, 0x7f, 0xe0, 0x0, 0x0,
    0x0, 0x4, 0xff, 0x3, 0xff, 0xff, 0xff, 0xff,
    0xff, 0xf5, 0x0, 0x4, 0xff, 0x3, 0xff, 0xff,
    0xff, 0xff, 0xff, 0xf6, 0x0, 0x4, 0xff, 0x3,
    0xff, 0xff, 0xff, 0xff, 0xff, 0xf6,

    /* U+7A0D "稍" */
    0x0, 0x0, 0x16, 0x90, 0x1, 0x10, 0x4f, 0xf0,
    0x4, 0x0, 0x4, 0x8c, 0xff, 0xf5, 0x6f, 0xb0,
    0x4f, 0xf0, 0x1f, 0xf2, 0xa, 0xff, 0xff, 0x93,
    0x2f, 0xf4, 0x4f, 0xf0, 0x7f, 0xd0, 0x3, 0x78,
    0xfc, 0x0, 0xa, 0xfb, 0x4f, 0xf0, 0xef, 0x50,
    0x0, 0x5, 0xfc, 0x0, 0x4, 0xe7, 0x4f, 0xf2,
    0xbd, 0x0, 0x4, 0x48, 0xfd, 0x44, 0x15, 0x65,
    0x8f, 0xf5, 0x66, 0x30, 0x1f, 0xff, 0xff, 0xfe,
    0x3f, 0xff, 0xff, 0xff, 0xff, 0x90, 0x1f, 0xff,
    0xff, 0xfe, 0x3f, 0xfd, 0xdd, 0xdd, 0xff, 0x90,
    0x0, 0x1f, 0xff, 0x30, 0x3f, 0xf0, 0x0, 0x0,
    0x9f, 0x90, 0x0, 0x7f, 0xff, 0xe2, 0x3f, 0xfe,
    0xee, 0xee, 0xff, 0x90, 0x0, 0xdf, 0xff, 0xfc,
    0x3f, 0xff, 0xff, 0xff, 0xff, 0x90, 0x4, 0xff,
    0xfc, 0xa6, 0x3f, 0xf1, 0x11, 0x11, 0xaf, 0x90,
    0xd, 0xfb, 0xfc, 0x20, 0x3f, 0xf1, 0x11, 0x11,
    0xaf, 0x90, 0x2f, 0xe6, 0xfc, 0x0, 0x3f, 0xff,
    0xff, 0xff, 0xff, 0x90, 0xa, 0x85, 0xfc, 0x0,
    0x3f, 0xff, 0xff, 0xff, 0xff, 0x90, 0x2, 0x5,
    0xfc, 0x0, 0x3f, 0xf0, 0x0, 0x0, 0x9f, 0x90,
    0x0, 0x5, 0xfc, 0x0, 0x3f, 0xf0, 0x0, 0x34,
    0xbf, 0x90, 0x0, 0x5, 0xfc, 0x0, 0x3f, 0xf0,
    0x0, 0x9f, 0xff, 0x70, 0x0, 0x5, 0xfc, 0x0,
    0x3f, 0xf0, 0x0, 0x4e, 0xd9, 0x0,

    /* U+7ACB "立" */
    0x0, 0x0, 0x0, 0x0, 0x0, 0x10, 0x0, 0x0,
    0x0, 0x0, 0x0, 0x0, 0x0, 0x0, 0x9f, 0xc0,
    0x0, 0x0, 0x0, 0x0, 0x0, 0x0, 0x0, 0x0,
    0x7f, 0xf2, 0x0, 0x0, 0x0, 0x0, 0x0, 0x0,
    0x0, 0x0, 0x3f, 0xf7, 0x0, 0x0, 0x0, 0x0,
    0x1, 0x66, 0x66, 0x66, 0x6f, 0xb7, 0x66, 0x66,
    0x66, 0x10, 0x3, 0xff, 0xff, 0xff, 0xff, 0xff,
    0xff, 0xff, 0xff, 0x40, 0x3, 0xff, 0xff, 0xff,
    0xff, 0xff, 0xff, 0xff, 0xff, 0x40, 0x0, 0x0,
    0x2, 0x40, 0x0, 0x0, 0x3, 0x20, 0x0, 0x0,
    0x0, 0x0, 0x8f, 0xf0, 0x0, 0x0, 0xd, 0xfd,
    0x0, 0x0, 0x0, 0x0, 0x5f, 0xf3, 0x0, 0x0,
    0x1f, 0xfa, 0x0, 0x0, 0x0, 0x0, 0x1f, 0xf7,
    0x0, 0x0, 0x5f, 0xf6, 0x0, 0x0, 0x0, 0x0,
    0xe, 0xfb, 0x0, 0x0, 0x9f, 0xf1, 0x0, 0x0,
    0x0, 0x0, 0xa, 0xff, 0x0, 0x0, 0xef, 0xc0,
    0x0, 0x0, 0x0, 0x0, 0x7, 0xff, 0x20, 0x2,
    0xff, 0x70, 0x0, 0x0, 0x0, 0x0, 0x4, 0xff,
    0x60, 0x8, 0xff, 0x20, 0x0, 0x0, 0x0, 0x0,
    0x1, 0xfb, 0x40, 0xd, 0xfc, 0x0, 0x0, 0x0,
    0x6, 0x66, 0x66, 0x66, 0x66, 0x8f, 0xfb, 0x66,
    0x66, 0x60, 0x2f, 0xff, 0xff, 0xff, 0xff, 0xff,
    0xff, 0xff, 0xff, 0xf2, 0x2f, 0xff, 0xff, 0xff,
    0xff, 0xff, 0xff, 0xff, 0xff, 0xf2, 0x0, 0x0,
    0x0, 0x0, 0x0, 0x0, 0x0, 0x0, 0x0, 0x0,

    /* U+7AD6 "竖" */
    0x0, 0x0, 0x0, 0x0, 0x0, 0x0, 0x0, 0x0,
    0x0, 0x1, 0x77, 0x3, 0xfe, 0xd, 0xff, 0xff,
    0xff, 0xfd, 0x10, 0x2f, 0xf0, 0x3f, 0xe0, 0xdf,
    0xff, 0xff, 0xff, 0xe0, 0x2, 0xff, 0x3, 0xfe,
    0x5, 0xfc, 0x11, 0x1e, 0xf9, 0x0, 0x2f, 0xf0,
    0x3f, 0xe0, 0xe, 0xf6, 0x7, 0xff, 0x20, 0x2,
    0xff, 0x3, 0xfe, 0x0, 0x6f, 0xf8, 0xff, 0x90,
    0x0, 0x2f, 0xf0, 0x3f, 0xe0, 0x0, 0xaf, 0xff,
    0xd0, 0x0, 0x2, 0xff, 0x3, 0xfe, 0x0, 0x4c,
    0xff, 0xfd, 0x50, 0x0, 0x2f, 0xf0, 0x3f, 0xe4,
    0xdf, 0xff, 0xef, 0xff, 0xea, 0x2, 0xfe, 0x3,
    0xfe, 0x1e, 0xfe, 0x50, 0x5d, 0xff, 0x80, 0x0,
    0x0, 0x29, 0x95, 0xff, 0x10, 0x0, 0x4, 0x90,
    0x0, 0xdd, 0xdd, 0xdd, 0xef, 0xfe, 0xdd, 0xdd,
    0xdd, 0x20, 0xf, 0xff, 0xff, 0xff, 0xff, 0xff,
    0xff, 0xff, 0xf2, 0x0, 0x44, 0x5b, 0xf7, 0x44,
    0x44, 0x6f, 0xc5, 0x44, 0x0, 0x0, 0x0, 0xff,
    0x80, 0x0, 0x6, 0xff, 0x10, 0x0, 0x0, 0x0,
    0xb, 0xfd, 0x0, 0x0, 0xaf, 0xc0, 0x0, 0x0,
    0x12, 0x22, 0x8e, 0x92, 0x22, 0x2e, 0xf8, 0x22,
    0x22, 0xf, 0xff, 0xff, 0xff, 0xff, 0xff, 0xff,
    0xff, 0xff, 0xf0, 0xff, 0xff, 0xff, 0xff, 0xff,
    0xff, 0xff, 0xff, 0xff, 0x0,

    /* U+7B1B "笛" */
    0x0, 0x0, 0x0, 0x0, 0x0, 0x0, 0x0, 0x0,
    0x0, 0x0, 0x0, 0x8, 0xe9, 0x0, 0x0, 0x6,
    0xe9, 0x0, 0x0, 0x0, 0x0, 0xe, 0xfa, 0x0,
    0x0, 0xd, 0xfa, 0x0, 0x0, 0x0, 0x0, 0x7f,
    0xff, 0xff, 0xfe, 0x5f, 0xff, 0xff, 0xff, 0xf1,
    0x1, 0xff, 0xff, 0xff, 0xfe, 0xef, 0xff, 0xff,
    0xff, 0xf1, 0xc, 0xfe, 0x1d, 0xf9, 0xc, 0xfe,
    0x16, 0xff, 0x40, 0x0, 0x4f, 0xf5, 0x5, 0xff,
    0x2b, 0xf4, 0x0, 0xcf, 0xb0, 0x0, 0x2, 0x60,
    0x0, 0x50, 0xd, 0xf2, 0x0, 0x35, 0x0, 0x0,
    0x0, 0x1, 0x11, 0x11, 0x2f, 0xf4, 0x11, 0x11,
    0x10, 0x0, 0x0, 0x5f, 0xff, 0xff, 0xff, 0xff,
    0xff, 0xff, 0xfa, 0x0, 0x0, 0x5f, 0xff, 0xff,
    0xff, 0xff, 0xff, 0xff, 0xfa, 0x0, 0x0, 0x5f,
    0xf3, 0x0, 0xf, 0xf3, 0x0, 0xd, 0xfa, 0x0,
    0x0, 0x5f, 0xf4, 0x11, 0x1f, 0xf4, 0x11, 0x1d,
    0xfa, 0x0, 0x0, 0x5f, 0xff, 0xff, 0xff, 0xff,
    0xff, 0xff, 0xfa, 0x0, 0x0, 0x5f, 0xff, 0xff,
    0xff, 0xff, 0xff, 0xff, 0xfa, 0x0, 0x0, 0x5f,
    0xf3, 0x0, 0xf, 0xf3, 0x0, 0xd, 0xfa, 0x0,
    0x0, 0x5f, 0xf4, 0x22, 0x2f, 0xf4, 0x22, 0x2d,
    0xfa, 0x0, 0x0, 0x5f, 0xff, 0xff, 0xff, 0xff,
    0xff, 0xff, 0xfa, 0x0, 0x0, 0x5f, 0xff, 0xff,
    0xff, 0xff, 0xff, 0xff, 0xfa, 0x0, 0x0, 0x5f,
    0xf3, 0x0, 0x0, 0x0, 0x0, 0xd, 0xfa, 0x0,
    0x0, 0x1, 0x10, 0x0, 0x0, 0x0, 0x0, 0x0,
    0x0, 0x0,

    /* U+7B2C "第" */
    0x0, 0x0, 0x30, 0x0, 0x0, 0x0, 0x41, 0x0,
    0x0, 0x0, 0x0, 0x6, 0xfe, 0x0, 0x0, 0x3,
    0xff, 0x40, 0x0, 0x0, 0x0, 0xe, 0xfe, 0xaa,
    0xaa, 0x2a, 0xff, 0xba, 0xaa, 0xa4, 0x0, 0x8f,
    0xff, 0xff, 0xff, 0x7f, 0xff, 0xff, 0xff, 0xf7,
    0x4, 0xff, 0x79, 0xfd, 0x12, 0xdf, 0xe2, 0xcf,
    0xc1, 0x10, 0xe, 0xfb, 0x1, 0xff, 0x35, 0xff,
    0x60, 0x2f, 0xf3, 0x0, 0x0, 0xb7, 0x66, 0xd8,
    0x66, 0x8d, 0x66, 0x6c, 0x82, 0x0, 0x0, 0x8f,
    0xff, 0xff, 0xff, 0xff, 0xff, 0xff, 0xf5, 0x0,
    0x0, 0x48, 0x88, 0x88, 0xbf, 0xf9, 0x88, 0x8f,
    0xf5, 0x0, 0x0, 0x0, 0x21, 0x11, 0x7f, 0xf1,
    0x11, 0x1f, 0xf5, 0x0, 0x0, 0xd, 0xff, 0xff,
    0xff, 0xff, 0xff, 0xff, 0xf5, 0x0, 0x0, 0xf,
    0xfe, 0xee, 0xff, 0xfe, 0xee, 0xee, 0xe5, 0x0,
    0x0, 0x1f, 0xf4, 0x0, 0x6f, 0xf1, 0x0, 0x0,
    0x10, 0x0, 0x0, 0x3f, 0xff, 0xff, 0xff, 0xff,
    0xff, 0xff, 0xff, 0x40, 0x0, 0x6f, 0xff, 0xff,
    0xff, 0xff, 0xff, 0xff, 0xff, 0x30, 0x0, 0x0,
    0x3, 0xdf, 0xff, 0xf0, 0x0, 0x4, 0xff, 0x10,
    0x0, 0x1, 0x9f, 0xfe, 0x9f, 0xf0, 0x2, 0x29,
    0xff, 0x0, 0x5, 0xaf, 0xff, 0xb1, 0x6f, 0xf0,
    0xe, 0xff, 0xfb, 0x0, 0x7, 0xff, 0xe6, 0x0,
    0x6f, 0xf0, 0xa, 0xff, 0xc2, 0x0, 0x0, 0xa7,
    0x0, 0x0, 0x6f, 0xf0, 0x0, 0x0, 0x0, 0x0,

    /* U+7B49 "等" */
    0x0, 0x2, 0x20, 0x0, 0x0, 0x2, 0x20, 0x0,
    0x0, 0x0, 0x0, 0xc, 0xfc, 0x0, 0x0, 0xa,
    0xfb, 0x0, 0x0, 0x0, 0x0, 0x4f, 0xfe, 0xcc,
    0xcb, 0x2f, 0xfe, 0xcc, 0xcc, 0xc0, 0x0, 0xef,
    0xff, 0xff, 0xfe, 0xbf, 0xff, 0xff, 0xff, 0xf0,
    0xb, 0xff, 0x9f, 0xf4, 0x3b, 0xff, 0x7c, 0xfe,
    0x33, 0x30, 0x5f, 0xf8, 0xe, 0xf6, 0x8, 0xfa,
    0x2, 0xff, 0x40, 0x0, 0x3, 0x90, 0x6, 0x50,
    0x3f, 0xf3, 0x0, 0x84, 0x0, 0x0, 0x0, 0x2f,
    0xff, 0xff, 0xff, 0xff, 0xff, 0xff, 0xf4, 0x0,
    0x0, 0x1e, 0xee, 0xee, 0xef, 0xfe, 0xee, 0xee,
    0xe4, 0x0, 0x0, 0x0, 0x0, 0x0, 0x2f, 0xf2,
    0x0, 0x0, 0x0, 0x0, 0x2f, 0xff, 0xff, 0xff,
    0xff, 0xff, 0xff, 0xff, 0xff, 0xf1, 0x2e, 0xee,
    0xee, 0xee, 0xee, 0xee, 0xff, 0xfe, 0xee, 0xe1,
    0x0, 0x0, 0x0, 0x0, 0x0, 0x0, 0x6f, 0xf2,
    0x0, 0x0, 0x5, 0xff, 0xff, 0xff, 0xff, 0xff,
    0xff, 0xff, 0xff, 0x70, 0x6, 0xff, 0xff, 0xff,
    0xff, 0xff, 0xff, 0xff, 0xff, 0x80, 0x0, 0x11,
    0x3e, 0xf6, 0x11, 0x11, 0x6f, 0xf3, 0x11, 0x0,
    0x0, 0x0, 0x2d, 0xff, 0x40, 0x0, 0x6f, 0xf2,
    0x0, 0x0, 0x0, 0x0, 0x1, 0xdf, 0xf1, 0x22,
    0x7f, 0xf1, 0x0, 0x0, 0x0, 0x0, 0x0, 0x2e,
    0x50, 0xdf, 0xff, 0xf0, 0x0, 0x0, 0x0, 0x0,
    0x0, 0x0, 0x0, 0x8f, 0xfd, 0x50, 0x0, 0x0,
    0x0, 0x0, 0x0, 0x0, 0x0, 0x0, 0x0, 0x0,
    0x0, 0x0,

    /* U+7ED3 "结" */
    0x0, 0x2, 0xc5, 0x0, 0x0, 0x0, 0x6f, 0xf0,
    0x0, 0x0, 0x0, 0x8, 0xff, 0x50, 0x0, 0x0,
    0x6f, 0xf0, 0x0, 0x0, 0x0, 0xe, 0xfd, 0x0,
    0x45, 0x55, 0xaf, 0xf5, 0x55, 0x50, 0x0, 0x7f,
    0xf4, 0x0, 0xcf, 0xff, 0xff, 0xff, 0xff, 0xf2,
    0x1, 0xef, 0xa0, 0xa4, 0xbf, 0xff, 0xff, 0xff,
    0xff, 0xf1, 0xb, 0xfe, 0x15, 0xff, 0x50, 0x0,
    0x6f, 0xf0, 0x0, 0x0, 0x8f, 0xfe, 0xdf, 0xfd,
    0x0, 0x0, 0x7f, 0xf0, 0x0, 0x0, 0x4f, 0xff,
    0xff, 0xf3, 0x3f, 0xff, 0xff, 0xff, 0xff, 0xa0,
    0x8, 0x48, 0xff, 0x70, 0x3f, 0xff, 0xff, 0xff,
    0xff, 0xa0, 0x0, 0x3f, 0xfa, 0x0, 0x3, 0x33,
    0x33, 0x33, 0x33, 0x20, 0x2, 0xef, 0xf9, 0xbd,
    0x11, 0x33, 0x33, 0x33, 0x33, 0x0, 0x4f, 0xff,
    0xff, 0xff, 0x29, 0xff, 0xff, 0xff, 0xff, 0x40,
    0x1f, 0xff, 0xda, 0x74, 0x9, 0xff, 0xff, 0xff,
    0xff, 0x40, 0x7, 0x41, 0x0, 0x0, 0x9, 0xfc,
    0x0, 0x3, 0xff, 0x40, 0x0, 0x0, 0x14, 0x7a,
    0x39, 0xfc, 0x0, 0x3, 0xff, 0x40, 0x39, 0xbe,
    0xff, 0xff, 0x69, 0xfd, 0x33, 0x35, 0xff, 0x40,
    0x5f, 0xff, 0xff, 0xea, 0x39, 0xff, 0xff, 0xff,
    0xff, 0x40, 0x3e, 0xb8, 0x51, 0x0, 0x9, 0xff,
    0xff, 0xff, 0xff, 0x40, 0x0, 0x0, 0x0, 0x0,
    0x9, 0xfc, 0x0, 0x3, 0xff, 0x40, 0x0, 0x0,
    0x0, 0x0, 0x0, 0x11, 0x0, 0x0, 0x0, 0x0,

    /* U+7EDC "络" */
    0x0, 0x0, 0x0, 0x0, 0x0, 0x1, 0x0, 0x0,
    0x0, 0x0, 0x0, 0x0, 0xc6, 0x0, 0x0, 0x4f,
    0xc0, 0x0, 0x0, 0x0, 0x0, 0x6, 0xff, 0x30,
    0x0, 0xcf, 0xb2, 0x22, 0x31, 0x0, 0x0, 0xd,
    0xfb, 0x0, 0x6, 0xff, 0xff, 0xff, 0xfe, 0x30,
    0x0, 0x5f, 0xf3, 0x0, 0x2f, 0xff, 0xff, 0xff,
    0xff, 0x20, 0x0, 0xdf, 0x91, 0x72, 0xef, 0xf9,
    0x0, 0x1e, 0xf9, 0x0, 0x9, 0xfe, 0x9, 0xff,
    0xff, 0xff, 0x50, 0xcf, 0xe1, 0x0, 0x6f, 0xfe,
    0xdf, 0xf9, 0xd5, 0x8f, 0xfe, 0xff, 0x30, 0x0,
    0x4f, 0xff, 0xff, 0xd0, 0x0, 0xd, 0xff, 0xf6,
    0x0, 0x0, 0x9, 0x6b, 0xff, 0x30, 0x17, 0xef,
    0xff, 0xff, 0xa4, 0x0, 0x0, 0x5f, 0xf6, 0xa,
    0xff, 0xff, 0x94, 0xdf, 0xff, 0xf1, 0x3, 0xff,
    0xfd, 0xfd, 0xff, 0xa2, 0x0, 0x5, 0xdf, 0xc0,
    0x4f, 0xff, 0xff, 0xf7, 0x9f, 0xff, 0xff, 0xff,
    0xfd, 0x30, 0x1f, 0xfd, 0x95, 0x10, 0x3f, 0xff,
    0xff, 0xff, 0xfc, 0x0, 0x6, 0x10, 0x0, 0x33,
    0x3f, 0xf2, 0x22, 0x29, 0xfc, 0x0, 0x0, 0x2,
    0x7d, 0xf9, 0x3f, 0xf0, 0x0, 0x9, 0xfc, 0x0,
    0x17, 0xcf, 0xff, 0xfa, 0x3f, 0xf4, 0x44, 0x4b,
    0xfc, 0x0, 0x3f, 0xff, 0xf9, 0x30, 0x3f, 0xff,
    0xff, 0xff, 0xfc, 0x0, 0xf, 0xc6, 0x0, 0x0,
    0x3f, 0xfc, 0xcc, 0xce, 0xfc, 0x0, 0x2, 0x0,
    0x0, 0x0, 0x3f, 0xf0, 0x0, 0x9, 0xfc, 0x0,
    0x0, 0x0, 0x0, 0x0, 0x1, 0x10, 0x0, 0x0,
    0x0, 0x0,

    /* U+7EE7 "继" */
    0x0, 0x0, 0x0, 0x0, 0x0, 0x0, 0x0, 0x0,
    0x0, 0x0, 0x0, 0x4, 0xd3, 0x0, 0x0, 0x0,
    0x1, 0xfe, 0x0, 0x0, 0x0, 0x9, 0xfe, 0x1,
    0xff, 0x11, 0x11, 0xfe, 0x2, 0x10, 0x0, 0xe,
    0xf8, 0x1, 0xff, 0x2f, 0xa1, 0xfe, 0xd, 0xf1,
    0x0, 0x5f, 0xf1, 0x1, 0xff, 0x1a, 0xf1, 0xfe,
    0x2f, 0x90, 0x0, 0xdf, 0x82, 0x82, 0xff, 0x16,
    0xf5, 0xfe, 0x8f, 0x20, 0x6, 0xfe, 0xa, 0xfc,
    0xff, 0x11, 0x52, 0xfe, 0x25, 0x0, 0x3f, 0xfd,
    0xcf, 0xf5, 0xff, 0x6f, 0xff, 0xff, 0xff, 0xf5,
    0x5f, 0xff, 0xff, 0x91, 0xff, 0x6f, 0xff, 0xff,
    0xff, 0xf5, 0xa, 0x5b, 0xfe, 0x1, 0xff, 0x10,
    0x1e, 0xff, 0x90, 0x0, 0x0, 0x4f, 0xf3, 0x1,
    0xff, 0x10, 0x6f, 0xff, 0xf5, 0x0, 0x2, 0xef,
    0xc8, 0xb4, 0xff, 0x11, 0xff, 0xfe, 0xdf, 0x20,
    0x2e, 0xff, 0xff, 0xf5, 0xff, 0x1c, 0xf8, 0xfe,
    0x4f, 0xd0, 0x1f, 0xfe, 0xa7, 0x41, 0xff, 0x4f,
    0xd1, 0xfe, 0xa, 0xe1, 0x5, 0x20, 0x0, 0x1,
    0xff, 0x1a, 0x31, 0xfe, 0x2, 0x30, 0x0, 0x1,
    0x58, 0xc6, 0xff, 0x10, 0x1, 0xfe, 0x0, 0x0,
    0x2b, 0xef, 0xff, 0xf8, 0xff, 0x21, 0x11, 0x76,
    0x11, 0x10, 0x3f, 0xff, 0xd8, 0x42, 0xff, 0xff,
    0xff, 0xff, 0xff, 0xf5, 0x9, 0x51, 0x0, 0x1,
    0xff, 0xff, 0xff, 0xff, 0xff, 0xf5, 0x0, 0x0,
    0x0, 0x0, 0x0, 0x0, 0x0, 0x0, 0x0, 0x0,

    /* U+7EED "续" */
    0x0, 0x1, 0xc4, 0x0, 0x0, 0x0, 0xef, 0x70,
    0x0, 0x0, 0x0, 0x6, 0xff, 0x0, 0x3, 0x33,
    0xef, 0x93, 0x33, 0x0, 0x0, 0xc, 0xf9, 0x0,
    0x4f, 0xff, 0xff, 0xff, 0xfe, 0x0, 0x0, 0x4f,
    0xf1, 0x0, 0x3c, 0xcc, 0xff, 0xec, 0xcb, 0x0,
    0x0, 0xcf, 0x82, 0x50, 0x0, 0x0, 0xef, 0x70,
    0x0, 0x0, 0x5, 0xfd, 0x9, 0xf9, 0xff, 0xff,
    0xff, 0xff, 0xff, 0xe1, 0x2e, 0xfa, 0x8f, 0xf3,
    0xff, 0xff, 0xff, 0xff, 0xff, 0xd0, 0x4f, 0xff,
    0xff, 0xa0, 0x1, 0x81, 0x37, 0x50, 0x9f, 0x80,
    0xc, 0xac, 0xfe, 0x10, 0x6, 0xfe, 0xbf, 0xc0,
    0xef, 0x20, 0x0, 0x1e, 0xf5, 0x0, 0x99, 0x4d,
    0x9f, 0xc0, 0x47, 0x0, 0x0, 0xbf, 0xea, 0xe2,
    0xaf, 0xe2, 0x7f, 0xb0, 0x0, 0x0, 0xa, 0xff,
    0xff, 0xf3, 0x38, 0xd3, 0xaf, 0xb3, 0x33, 0x30,
    0x1f, 0xff, 0xb6, 0x24, 0xff, 0xff, 0xff, 0xff,
    0xff, 0xe0, 0x8, 0x40, 0x0, 0x55, 0xdd, 0xde,
    0xff, 0xdd, 0xdd, 0xc0, 0x0, 0x4, 0xaf, 0xf5,
    0x0, 0xd, 0xfb, 0x49, 0x0, 0x0, 0x29, 0xef,
    0xff, 0xc3, 0x1, 0xcf, 0xf3, 0xef, 0xe3, 0x0,
    0x3f, 0xfe, 0x92, 0x0, 0x5e, 0xff, 0x50, 0x1c,
    0xff, 0x50, 0xb, 0x50, 0x0, 0x7, 0xff, 0xe4,
    0x0, 0x0, 0xaf, 0xf3, 0x0, 0x0, 0x0, 0x0,
    0xc9, 0x10, 0x0, 0x0, 0x9, 0x60, 0x0, 0x0,
    0x0, 0x0, 0x0, 0x0, 0x0, 0x0, 0x0, 0x0,

    /* U+7F51 "网" */
    0x7f, 0xff, 0xff, 0xff, 0xff, 0xff, 0xff, 0xff,
    0xf7, 0x7f, 0xff, 0xff, 0xff, 0xff, 0xff, 0xff,
    0xff, 0xf7, 0x7f, 0xf4, 0x44, 0x44, 0x44, 0x44,
    0x44, 0x4f, 0xf7, 0x7f, 0xf0, 0x0, 0x6c, 0x60,
    0x0, 0xca, 0x1e, 0xf7, 0x7f, 0xf0, 0x20, 0x9f,
    0x81, 0x2, 0xff, 0xe, 0xf7, 0x7f, 0xfb, 0xe1,
    0xcf, 0x8e, 0x94, 0xfd, 0xe, 0xf7, 0x7f, 0xfc,
    0xfc, 0xff, 0x6f, 0xfd, 0xfa, 0xe, 0xf7, 0x7f,
    0xf1, 0xef, 0xff, 0x5, 0xff, 0xf7, 0xe, 0xf7,
    0x7f, 0xf0, 0x3f, 0xfc, 0x0, 0x9f, 0xf4, 0xe,
    0xf7, 0x7f, 0xf0, 0xc, 0xff, 0x30, 0x4f, 0xfa,
    0xe, 0xf7, 0x7f, 0xf0, 0x1f, 0xff, 0xd0, 0x9f,
    0xff, 0x4e, 0xf7, 0x7f, 0xf0, 0x8f, 0xde, 0xf4,
    0xff, 0xcf, 0xde, 0xf7, 0x7f, 0xf1, 0xff, 0x54,
    0x79, 0xfd, 0x1f, 0x8e, 0xf7, 0x7f, 0xfb, 0xfd,
    0x0, 0x4f, 0xf5, 0x3, 0xe, 0xf7, 0x7f, 0xfe,
    0xf3, 0x0, 0xdf, 0xb0, 0x0, 0xe, 0xf7, 0x7f,
    0xf1, 0x50, 0x0, 0x19, 0x13, 0x65, 0x6f, 0xf7,
    0x7f, 0xf0, 0x0, 0x0, 0x0, 0x3, 0xff, 0xff,
    0xf4, 0x7f, 0xf0, 0x0, 0x0, 0x0, 0x0, 0xdf,
    0xec, 0x60,

    /* U+7F6E "置" */
    0xf, 0xff, 0xff, 0xff, 0xff, 0xff, 0xff, 0xff,
    0xd0, 0x0, 0xff, 0xc9, 0xbf, 0xe9, 0x9f, 0xfb,
    0x9c, 0xfd, 0x0, 0xf, 0xfc, 0x9c, 0xfe, 0x99,
    0xff, 0xb9, 0xcf, 0xd0, 0x0, 0xff, 0xff, 0xff,
    0xff, 0xff, 0xff, 0xff, 0xfd, 0x0, 0x33, 0x33,
    0x33, 0x38, 0xff, 0x33, 0x33, 0x33, 0x30, 0xe,
    0xff, 0xff, 0xff, 0xff, 0xff, 0xff, 0xff, 0xff,
    0x30, 0x89, 0x99, 0x99, 0x9d, 0xfd, 0x99, 0x99,
    0x99, 0x92, 0x0, 0x6, 0xaa, 0xaa, 0xef, 0xda,
    0xaa, 0xaa, 0x60, 0x0, 0x0, 0xaf, 0xfd, 0xdd,
    0xdd, 0xdd, 0xdf, 0xf9, 0x0, 0x0, 0xa, 0xfc,
    0x66, 0x66, 0x66, 0x66, 0xdf, 0x90, 0x0, 0x0,
    0xaf, 0xff, 0xff, 0xff, 0xff, 0xff, 0xf9, 0x0,
    0x0, 0xa, 0xfb, 0x33, 0x33, 0x33, 0x33, 0xdf,
    0x90, 0x0, 0x0, 0xaf, 0xff, 0xff, 0xff, 0xff,
    0xff, 0xf9, 0x0, 0x0, 0xa, 0xfb, 0x33, 0x33,
    0x33, 0x33, 0xdf, 0x90, 0x0, 0x0, 0xaf, 0xff,
    0xff, 0xff, 0xff, 0xff, 0xf9, 0x0, 0x3, 0x3b,
    0xfb, 0x33, 0x33, 0x33, 0x33, 0xdf, 0xb3, 0x30,
    0xff, 0xff, 0xff, 0xff, 0xff, 0xff, 0xff, 0xff,
    0xff, 0x17, 0x77, 0x77, 0x77, 0x77, 0x77, 0x77,
    0x77, 0x77, 0x70,

    /* U+7F8E "美" */
    0x0, 0x0, 0x28, 0xb0, 0x0, 0x0, 0xc, 0x94,
    0x0, 0x0, 0x0, 0x0, 0x4f, 0xf7, 0x0, 0x0,
    0x8f, 0xf4, 0x0, 0x0, 0x0, 0x55, 0x5d, 0xfd,
    0x55, 0x55, 0xff, 0xc5, 0x55, 0x0, 0x2, 0xff,
    0xff, 0xff, 0xff, 0xff, 0xff, 0xff, 0xff, 0x20,
    0x1, 0xcc, 0xcc, 0xcc, 0xdf, 0xfd, 0xcc, 0xcc,
    0xcc, 0x10, 0x0, 0x3, 0x33, 0x33, 0x6f, 0xf5,
    0x33, 0x33, 0x31, 0x0, 0x0, 0x3f, 0xff, 0xff,
    0xff, 0xff, 0xff, 0xff, 0xf5, 0x0, 0x0, 0x2d,
    0xdd, 0xdd, 0xef, 0xfe, 0xdd, 0xdd, 0xd4, 0x0,
    0x5, 0x55, 0x55, 0x55, 0x8f, 0xf7, 0x55, 0x55,
    0x55, 0x51, 0xf, 0xff, 0xff, 0xff, 0xff, 0xff,
    0xff, 0xff, 0xff, 0xf3, 0xc, 0xcc, 0xcc, 0xcc,
    0xef, 0xfc, 0xcc, 0xcc, 0xcc, 0xc2, 0x0, 0x33,
    0x33, 0x33, 0xcf, 0xd3, 0x33, 0x33, 0x33, 0x20,
    0x4, 0xff, 0xff, 0xff, 0xff, 0xff, 0xff, 0xff,
    0xff, 0xe0, 0x3, 0xff, 0xff, 0xff, 0xff, 0xff,
    0xff, 0xff, 0xff, 0xe0, 0x0, 0x0, 0x0, 0x3e,
    0xfe, 0xdf, 0xd2, 0x0, 0x0, 0x0, 0x0, 0x0,
    0x39, 0xff, 0xf4, 0x2f, 0xff, 0x92, 0x0, 0x0,
    0x18, 0xbe, 0xff, 0xfe, 0x50, 0x3, 0xef, 0xff,
    0xda, 0x82, 0xc, 0xff, 0xfe, 0x81, 0x0, 0x0,
    0x8, 0xff, 0xff, 0xd0, 0x3, 0xa7, 0x30, 0x0,
    0x0, 0x0, 0x0, 0x4, 0x8b, 0x30,

    /* U+80B2 "育" */
    0x0, 0x0, 0x0, 0x0, 0x0, 0x0, 0x0, 0x0,
    0x0, 0x0, 0x0, 0x0, 0x5, 0xcf, 0x10, 0x0,
    0x0, 0x0, 0x22, 0x22, 0x22, 0x25, 0xff, 0xa2,
    0x22, 0x22, 0x22, 0xef, 0xff, 0xff, 0xff, 0xff,
    0xff, 0xff, 0xff, 0xfe, 0xdf, 0xff, 0xff, 0xff,
    0xff, 0xff, 0xff, 0xff, 0xfe, 0x0, 0x1a, 0xff,
    0xd3, 0x0, 0xc, 0xff, 0x60, 0x0, 0x6, 0xff,
    0xff, 0xcc, 0xdd, 0xef, 0xff, 0xfa, 0x0, 0x4,
    0xff, 0xff, 0xff, 0xff, 0xff, 0xfe, 0xff, 0xc0,
    0x0, 0xb8, 0x75, 0x43, 0x21, 0x10, 0x0, 0x7d,
    0x20, 0x0, 0x4b, 0xbb, 0xbb, 0xbb, 0xbb, 0xbc,
    0xb6, 0x0, 0x0, 0x6f, 0xff, 0xff, 0xff, 0xff,
    0xff, 0xf8, 0x0, 0x0, 0x6f, 0xf5, 0x55, 0x55,
    0x55, 0x5f, 0xf8, 0x0, 0x0, 0x6f, 0xfb, 0xbb,
    0xbb, 0xbb, 0xbf, 0xf8, 0x0, 0x0, 0x6f, 0xff,
    0xff, 0xff, 0xff, 0xff, 0xf8, 0x0, 0x0, 0x6f,
    0xf0, 0x0, 0x0, 0x0, 0xf, 0xf8, 0x0, 0x0,
    0x6f, 0xff, 0xff, 0xff, 0xff, 0xff, 0xf8, 0x0,
    0x0, 0x6f, 0xf9, 0x99, 0x99, 0x99, 0x9f, 0xf8,
    0x0, 0x0, 0x6f, 0xf0, 0x0, 0x0, 0x0, 0xf,
    0xf7, 0x0, 0x0, 0x6f, 0xf0, 0x0, 0x8, 0xee,
    0xef, 0xf6, 0x0, 0x0, 0x6f, 0xf0, 0x0, 0x2,
    0xff, 0xfd, 0x80, 0x0,

    /* U+81EA "自" */
    0x0, 0x0, 0x0, 0xbd, 0xb0, 0x0, 0x0, 0x0,
    0x0, 0x0, 0x0, 0xff, 0xb0, 0x0, 0x0, 0x0,
    0x25, 0x55, 0x57, 0xff, 0x95, 0x55, 0x55, 0x50,
    0x5f, 0xff, 0xff, 0xff, 0xff, 0xff, 0xff, 0xf0,
    0x5f, 0xff, 0xff, 0xff, 0xff, 0xff, 0xff, 0xf0,
    0x5f, 0xf1, 0x0, 0x0, 0x0, 0x0, 0x8f, 0xf0,
    0x5f, 0xf2, 0x0, 0x0, 0x0, 0x0, 0x8f, 0xf0,
    0x5f, 0xff, 0xff, 0xff, 0xff, 0xff, 0xff, 0xf0,
    0x5f, 0xff, 0xff, 0xff, 0xff, 0xff, 0xff, 0xf0,
    0x5f, 0xf4, 0x33, 0x33, 0x33, 0x33, 0x9f, 0xf0,
    0x5f, 0xf1, 0x0, 0x0, 0x0, 0x0, 0x8f, 0xf0,
    0x5f, 0xff, 0xff, 0xff, 0xff, 0xff, 0xff, 0xf0,
    0x5f, 0xff, 0xff, 0xff, 0xff, 0xff, 0xff, 0xf0,
    0x5f, 0xf5, 0x44, 0x44, 0x44, 0x44, 0xaf, 0xf0,
    0x5f, 0xf1, 0x0, 0x0, 0x0, 0x0, 0x8f, 0xf0,
    0x5f, 0xf5, 0x44, 0x44, 0x44, 0x44, 0xaf, 0xf0,
    0x5f, 0xff, 0xff, 0xff, 0xff, 0xff, 0xff, 0xf0,
    0x5f, 0xff, 0xff, 0xff, 0xff, 0xff, 0xff, 0xf0,
    0x5f, 0xf1, 0x0, 0x0, 0x0, 0x0, 0x8f, 0xf0,
    0x0, 0x0, 0x0, 0x0, 0x0, 0x0, 0x0, 0x0,

    /* U+8282 "节" */
    0x0, 0x0, 0x8f, 0xe0, 0x0, 0x8, 0xff, 0x0,
    0x0, 0x0, 0x0, 0x8, 0xfe, 0x0, 0x0, 0x8f,
    0xf0, 0x0, 0x0, 0xdf, 0xff, 0xff, 0xff, 0xff,
    0xff, 0xff, 0xff, 0xff, 0x3d, 0xff, 0xff, 0xff,
    0xff, 0xff, 0xff, 0xff, 0xff, 0xf3, 0x34, 0x44,
    0xaf, 0xf4, 0x44, 0x4a, 0xff, 0x44, 0x44, 0x0,
    0x0, 0x8, 0xfe, 0x0, 0x0, 0x8f, 0xf0, 0x0,
    0x0, 0x0, 0x0, 0x13, 0x30, 0x0, 0x1, 0x33,
    0x0, 0x0, 0x0, 0xaa, 0xaa, 0xaa, 0xaa, 0xaa,
    0xaa, 0xab, 0xa4, 0x0, 0x1f, 0xff, 0xff, 0xff,
    0xff, 0xff, 0xff, 0xff, 0x70, 0x1, 0xbb, 0xbb,
    0xcf, 0xfd, 0xbb, 0xbb, 0xbf, 0xf7, 0x0, 0x0,
    0x0, 0x3, 0xff, 0x50, 0x0, 0x0, 0xef, 0x70,
    0x0, 0x0, 0x0, 0x3f, 0xf5, 0x0, 0x0, 0xe,
    0xf7, 0x0, 0x0, 0x0, 0x3, 0xff, 0x50, 0x0,
    0x0, 0xef, 0x70, 0x0, 0x0, 0x0, 0x3f, 0xf5,
    0x1, 0x32, 0x2f, 0xf6, 0x0, 0x0, 0x0, 0x3,
    0xff, 0x50, 0x2f, 0xff, 0xff, 0x50, 0x0, 0x0,
    0x0, 0x3f, 0xf5, 0x0, 0xdf, 0xff, 0xc0, 0x0,
    0x0, 0x0, 0x3, 0xff, 0x50, 0x3, 0x44, 0x20,
    0x0, 0x0, 0x0, 0x0, 0x3f, 0xf5, 0x0, 0x0,
    0x0, 0x0, 0x0, 0x0, 0x0, 0x3, 0xff, 0x50,
    0x0, 0x0, 0x0, 0x0, 0x0,

    /* U+82F1 "英" */
    0x0, 0x0, 0xe, 0xf6, 0x0, 0x0, 0x7f, 0xe0,
    0x0, 0x0, 0x2, 0x33, 0x3e, 0xf8, 0x33, 0x33,
    0x9f, 0xf3, 0x33, 0x30, 0xd, 0xff, 0xff, 0xff,
    0xff, 0xff, 0xff, 0xff, 0xff, 0xe0, 0xc, 0xee,
    0xef, 0xff, 0xee, 0xee, 0xff, 0xfe, 0xee, 0xd0,
    0x0, 0x0, 0xe, 0xf6, 0x14, 0x40, 0x7f, 0xe0,
    0x0, 0x0, 0x0, 0x0, 0xa, 0xb4, 0x7f, 0xf1,
    0x5b, 0xa0, 0x0, 0x0, 0x0, 0x4, 0x44, 0x44,
    0x9f, 0xf5, 0x44, 0x44, 0x41, 0x0, 0x0, 0x1f,
    0xff, 0xff, 0xff, 0xff, 0xff, 0xff, 0xf5, 0x0,
    0x0, 0x1f, 0xfd, 0xdd, 0xef, 0xfd, 0xdd, 0xdf,
    0xf5, 0x0, 0x0, 0x1f, 0xf3, 0x0, 0x7f, 0xf1,
    0x0, 0x1f, 0xf5, 0x0, 0x0, 0x1f, 0xf3, 0x0,
    0x7f, 0xf1, 0x0, 0x1f, 0xf5, 0x0, 0xf, 0xff,
    0xff, 0xff, 0xff, 0xff, 0xff, 0xff, 0xff, 0xf0,
    0xf, 0xff, 0xff, 0xff, 0xff, 0xff, 0xff, 0xff,
    0xff, 0xf0, 0x4, 0x44, 0x44, 0x49, 0xff, 0xff,
    0x74, 0x44, 0x44, 0x40, 0x0, 0x0, 0x0, 0x6f,
    0xfe, 0xdf, 0xf5, 0x0, 0x0, 0x0, 0x0, 0x0,
    0x5c, 0xff, 0xf3, 0x1d, 0xff, 0xc5, 0x0, 0x0,
    0x17, 0xbf, 0xff, 0xfc, 0x20, 0x1, 0xbf, 0xff,
    0xfc, 0x92, 0xc, 0xff, 0xfb, 0x40, 0x0, 0x0,
    0x4, 0xcf, 0xff, 0xd0, 0x2, 0xa6, 0x10, 0x0,
    0x0, 0x0, 0x0, 0x1, 0x69, 0x40,

    /* U+8868 "表" */
    0x0, 0x0, 0x0, 0x0, 0x6f, 0xf0, 0x0, 0x0,
    0x0, 0x0, 0x1, 0xcc, 0xcc, 0xcc, 0xdf, 0xfc,
    0xcc, 0xcc, 0xcc, 0x0, 0x2, 0xff, 0xff, 0xff,
    0xff, 0xff, 0xff, 0xff, 0xff, 0x0, 0x0, 0x44,
    0x44, 0x44, 0x9f, 0xf4, 0x44, 0x44, 0x44, 0x0,
    0x0, 0x1a, 0xaa, 0xaa, 0xcf, 0xfa, 0xaa, 0xaa,
    0xa2, 0x0, 0x0, 0x2f, 0xff, 0xff, 0xff, 0xff,
    0xff, 0xff, 0xf3, 0x0, 0x0, 0x4, 0x44, 0x44,
    0x9f, 0xf4, 0x44, 0x44, 0x41, 0x0, 0x9, 0x99,
    0x99, 0x99, 0xcf, 0xf9, 0x99, 0x99, 0x99, 0x60,
    0xf, 0xff, 0xff, 0xff, 0xff, 0xff, 0xff, 0xff,
    0xff, 0xb0, 0x7, 0x77, 0x77, 0xdf, 0xfe, 0xff,
    0x77, 0x77, 0x77, 0x50, 0x0, 0x0, 0x2b, 0xff,
    0xb1, 0xff, 0x60, 0x5, 0xe6, 0x0, 0x0, 0x18,
    0xff, 0xf9, 0x0, 0x9f, 0xe1, 0x9f, 0xfe, 0x20,
    0x3a, 0xff, 0xff, 0xf1, 0x0, 0x1f, 0xff, 0xff,
    0xa1, 0x0, 0x2e, 0xff, 0xcf, 0xf1, 0x0, 0x6,
    0xff, 0xf4, 0x0, 0x0, 0x4, 0x71, 0x6f, 0xf1,
    0x15, 0xa5, 0xaf, 0xfc, 0x20, 0x0, 0x0, 0x0,
    0x8f, 0xfd, 0xff, 0xf9, 0xa, 0xff, 0xfa, 0x30,
    0x0, 0x3, 0xff, 0xff, 0xff, 0xa4, 0x0, 0x7f,
    0xff, 0xe1, 0x0, 0x0, 0xdf, 0xe9, 0x40, 0x0,
    0x0, 0x2, 0xaf, 0x40, 0x0, 0x0, 0x43, 0x0,
    0x0, 0x0, 0x0, 0x0, 0x0, 0x0,

    /* U+89E3 "解" */
    0x0, 0x0, 0x0, 0x0, 0x0, 0x0, 0x0, 0x0,
    0x0, 0x0, 0x0, 0xb, 0xc4, 0x0, 0x0, 0x0,
    0x0, 0x0, 0x0, 0x0, 0x0, 0xf, 0xf4, 0x1,
    0x0, 0xef, 0xff, 0xff, 0xff, 0xe0, 0x0, 0x6f,
    0xff, 0xff, 0xa1, 0xef, 0xff, 0xff, 0xff, 0xd0,
    0x0, 0xcf, 0xdc, 0xef, 0xe0, 0x11, 0xcf, 0x71,
    0x6f, 0xc0, 0x4, 0xff, 0x10, 0xdf, 0x60, 0x1,
    0xff, 0x20, 0x6f, 0xb0, 0x1e, 0xff, 0xbc, 0xff,
    0xcb, 0xa, 0xfc, 0x12, 0xaf, 0xa0, 0x4f, 0xff,
    0xff, 0xff, 0xff, 0xbf, 0xf3, 0x5f, 0xff, 0x60,
    0x3, 0xff, 0xf, 0xa0, 0xff, 0xaf, 0x40, 0x1c,
    0xb8, 0x0, 0x0, 0xff, 0x2f, 0xb2, 0xff, 0x1b,
    0xb0, 0xcd, 0x40, 0x0, 0x0, 0xff, 0xff, 0xff,
    0xff, 0xf, 0xf4, 0xff, 0x84, 0x40, 0x0, 0xff,
    0x9f, 0xd9, 0xff, 0x4f, 0xff, 0xff, 0xff, 0xe0,
    0x0, 0xff, 0xf, 0xa0, 0xff, 0xaf, 0xbb, 0xff,
    0xdb, 0xa0, 0x0, 0xff, 0x9f, 0xe9, 0xff, 0x79,
    0x0, 0xef, 0x50, 0x0, 0x1, 0xff, 0xef, 0xfe,
    0xff, 0xae, 0xee, 0xff, 0xee, 0xe4, 0x3, 0xfb,
    0xf, 0xa0, 0xff, 0xbf, 0xff, 0xff, 0xff, 0xf5,
    0x7, 0xf9, 0xf, 0xa0, 0xff, 0x23, 0x33, 0xff,
    0x73, 0x31, 0xb, 0xf5, 0xf, 0xb3, 0xff, 0x0,
    0x0, 0xef, 0x50, 0x0, 0x2f, 0xf1, 0xb, 0xbf,
    0xfe, 0x0, 0x0, 0xef, 0x50, 0x0, 0x19, 0x90,
    0x0, 0xf, 0xe5, 0x0, 0x0, 0xef, 0x50, 0x0,
    0x0, 0x0, 0x0, 0x0, 0x0, 0x0, 0x0, 0x0,
    0x0, 0x0,

    /* U+8BA1 "计" */
    0x0, 0x9, 0x40, 0x0, 0x0, 0x0, 0xff, 0x90,
    0x0, 0x0, 0x0, 0x8f, 0xf5, 0x0, 0x0, 0x0,
    0xff, 0x90, 0x0, 0x0, 0x0, 0x1d, 0xff, 0x70,
    0x0, 0x0, 0xff, 0x90, 0x0, 0x0, 0x0, 0x1,
    0xcf, 0xc0, 0x0, 0x0, 0xff, 0x90, 0x0, 0x0,
    0x0, 0x0, 0x1b, 0x10, 0x0, 0x0, 0xff, 0x90,
    0x0, 0x0, 0x0, 0x0, 0x0, 0x0, 0x0, 0x0,
    0xff, 0x90, 0x0, 0x0, 0x4b, 0xbb, 0xcb, 0x7,
    0x88, 0x88, 0xff, 0xd8, 0x88, 0x81, 0x6f, 0xff,
    0xff, 0xc, 0xff, 0xff, 0xff, 0xff, 0xff, 0xf3,
    0x4b, 0xbd, 0xff, 0xc, 0xff, 0xff, 0xff, 0xff,
    0xff, 0xf3, 0x0, 0x7, 0xff, 0x0, 0x0, 0x0,
    0xff, 0x90, 0x0, 0x0, 0x0, 0x7, 0xff, 0x0,
    0x0, 0x0, 0xff, 0x90, 0x0, 0x0, 0x0, 0x7,
    0xff, 0x0, 0x0, 0x0, 0xff, 0x90, 0x0, 0x0,
    0x0, 0x7, 0xff, 0x1, 0x0, 0x0, 0xff, 0x90,
    0x0, 0x0, 0x0, 0x7, 0xff, 0x4e, 0x40, 0x0,
    0xff, 0x90, 0x0, 0x0, 0x0, 0x7, 0xff, 0xff,
    0x90, 0x0, 0xff, 0x90, 0x0, 0x0, 0x0, 0x9,
    0xff, 0xfc, 0x20, 0x0, 0xff, 0x90, 0x0, 0x0,
    0x0, 0x4f, 0xff, 0x90, 0x0, 0x0, 0xff, 0x90,
    0x0, 0x0, 0x0, 0x1f, 0xe5, 0x0, 0x0, 0x0,
    0xff, 0x90, 0x0, 0x0, 0x0, 0x6, 0x20, 0x0,
    0x0, 0x0, 0xff, 0x90, 0x0, 0x0,

    /* U+8BBE "设" */
    0x0, 0x2, 0x0, 0x0, 0x0, 0x0, 0x0, 0x0,
    0x0, 0x0, 0x0, 0x7f, 0x90, 0x0, 0xa, 0xff,
    0xff, 0xff, 0x50, 0x0, 0x0, 0x7f, 0xfa, 0x0,
    0xa, 0xff, 0xff, 0xff, 0x50, 0x0, 0x0, 0x6,
    0xff, 0x80, 0xa, 0xfa, 0x33, 0xff, 0x50, 0x0,
    0x0, 0x0, 0x7c, 0x10, 0xd, 0xf7, 0x0, 0xef,
    0x50, 0x0, 0x0, 0x0, 0x0, 0x0, 0x6f, 0xf3,
    0x0, 0xef, 0x50, 0x0, 0x3a, 0xac, 0xb4, 0x19,
    0xff, 0xa0, 0x0, 0xcf, 0xff, 0xd0, 0x5f, 0xff,
    0xf6, 0xb, 0xfb, 0x0, 0x0, 0x4d, 0xef, 0xd0,
    0x28, 0x8f, 0xf6, 0x2, 0x94, 0x44, 0x44, 0x44,
    0x50, 0x0, 0x0, 0xe, 0xf6, 0x6, 0xff, 0xff,
    0xff, 0xff, 0xfe, 0x0, 0x0, 0xe, 0xf6, 0x5,
    0xff, 0xff, 0xff, 0xff, 0xfa, 0x0, 0x0, 0xe,
    0xf6, 0x0, 0x8f, 0xb0, 0x0, 0x4f, 0xf4, 0x0,
    0x0, 0xe, 0xf6, 0x22, 0x1f, 0xf7, 0x1, 0xdf,
    0xb0, 0x0, 0x0, 0xe, 0xfa, 0xf9, 0x6, 0xff,
    0x7c, 0xff, 0x20, 0x0, 0x0, 0xe, 0xff, 0xfb,
    0x0, 0x9f, 0xff, 0xf4, 0x0, 0x0, 0x0, 0x2f,
    0xff, 0xa0, 0x3, 0xbf, 0xff, 0xf7, 0x10, 0x0,
    0x0, 0xbf, 0xf8, 0x49, 0xdf, 0xff, 0xdf, 0xff,
    0xfb, 0x70, 0x0, 0x3f, 0x50, 0x4f, 0xff, 0xc5,
    0x2, 0xaf, 0xff, 0xa0, 0x0, 0x3, 0x0, 0x9,
    0x72, 0x0, 0x0, 0x1, 0x7b, 0x10,

    /* U+8BD5 "试" */
    0x0, 0x3a, 0x0, 0x0, 0x0, 0x0, 0xf, 0xf6,
    0x87, 0x0, 0x1, 0xef, 0xc1, 0x0, 0x0, 0x0,
    0xf, 0xf8, 0xff, 0x40, 0x0, 0x4f, 0xfc, 0x10,
    0x0, 0x0, 0xf, 0xf6, 0x6f, 0xd0, 0x0, 0x4,
    0xfe, 0x34, 0x44, 0x44, 0x4f, 0xf9, 0x4d, 0x70,
    0x0, 0x0, 0x62, 0x3f, 0xff, 0xff, 0xff, 0xff,
    0xff, 0xf1, 0x0, 0x0, 0x0, 0x3f, 0xff, 0xff,
    0xff, 0xff, 0xff, 0xf1, 0x3f, 0xff, 0xf6, 0x0,
    0x0, 0x0, 0xe, 0xf7, 0x0, 0x0, 0x3f, 0xff,
    0xf6, 0x0, 0x0, 0x0, 0xd, 0xf8, 0x0, 0x0,
    0x15, 0x5e, 0xf6, 0x4, 0x77, 0x77, 0x5c, 0xf9,
    0x0, 0x0, 0x0, 0xe, 0xf6, 0x9, 0xff, 0xff,
    0xbb, 0xfa, 0x0, 0x0, 0x0, 0xe, 0xf6, 0x7,
    0xcf, 0xfd, 0x8a, 0xfc, 0x0, 0x0, 0x0, 0xe,
    0xf6, 0x0, 0xf, 0xf3, 0x8, 0xfd, 0x0, 0x0,
    0x0, 0xe, 0xf6, 0x0, 0xf, 0xf3, 0x6, 0xff,
    0x0, 0x0, 0x0, 0xe, 0xf6, 0x22, 0xf, 0xf3,
    0x4, 0xff, 0x27, 0x40, 0x0, 0xe, 0xfc, 0xf7,
    0xf, 0xf9, 0xb5, 0xff, 0x5a, 0xf3, 0x0, 0xf,
    0xff, 0xfd, 0xaf, 0xff, 0xf7, 0xdf, 0xbd, 0xf2,
    0x0, 0xaf, 0xff, 0x7b, 0xff, 0xfd, 0x93, 0x8f,
    0xff, 0xe0, 0x0, 0x6f, 0xc2, 0x6, 0xb7, 0x20,
    0x0, 0x2f, 0xff, 0x80, 0x0, 0x7, 0x0, 0x0,
    0x0, 0x0, 0x0, 0x5, 0xec, 0x10,

    /* U+8BED "语" */
    0x0, 0x1, 0x0, 0x0, 0x0, 0x0, 0x0, 0x0,
    0x0, 0x0, 0x1, 0xde, 0x30, 0x1f, 0xff, 0xff,
    0xff, 0xff, 0xff, 0x90, 0x0, 0xbf, 0xf4, 0x1f,
    0xff, 0xff, 0xff, 0xff, 0xff, 0x90, 0x0, 0x9,
    0xfd, 0x1, 0x11, 0x7f, 0xf2, 0x11, 0x11, 0x0,
    0x0, 0x0, 0x82, 0x4, 0xff, 0xff, 0xff, 0xff,
    0xf7, 0x0, 0x1, 0x12, 0x10, 0x4, 0xff, 0xff,
    0xff, 0xff, 0xf6, 0x0, 0x4f, 0xff, 0xf5, 0x0,
    0x12, 0xff, 0x61, 0x1e, 0xf5, 0x0, 0x4f, 0xff,
    0xf5, 0x0, 0x4, 0xff, 0x20, 0xf, 0xf4, 0x0,
    0x15, 0x5f, 0xf5, 0xdf, 0xff, 0xff, 0xff, 0xff,
    0xff, 0xf2, 0x0, 0xe, 0xf5, 0xef, 0xff, 0xff,
    0xff, 0xff, 0xff, 0xf2, 0x0, 0xe, 0xf5, 0x23,
    0x33, 0x33, 0x33, 0x33, 0x33, 0x30, 0x0, 0xe,
    0xf5, 0x2, 0xcc, 0xcc, 0xcc, 0xcc, 0xcc, 0x10,
    0x0, 0xe, 0xf5, 0x4, 0xff, 0xff, 0xff, 0xff,
    0xff, 0x10, 0x0, 0xe, 0xf5, 0xa9, 0xff, 0x54,
    0x44, 0x47, 0xff, 0x10, 0x0, 0xe, 0xff, 0xfe,
    0xff, 0x0, 0x0, 0x4, 0xff, 0x10, 0x0, 0x2f,
    0xff, 0xf8, 0xff, 0x0, 0x0, 0x4, 0xff, 0x10,
    0x0, 0xaf, 0xfd, 0x23, 0xff, 0xff, 0xff, 0xff,
    0xff, 0x10, 0x0, 0x3f, 0xa0, 0x3, 0xff, 0xff,
    0xff, 0xff, 0xff, 0x10, 0x0, 0x5, 0x0, 0x3,
    0xff, 0x21, 0x11, 0x16, 0xff, 0x10, 0x0, 0x0,
    0x0, 0x0, 0x11, 0x0, 0x0, 0x0, 0x0, 0x0,

    /* U+8BF7 "请" */
    0x0, 0x25, 0x0, 0x0, 0x0, 0x2, 0xff, 0x30,
    0x0, 0x0, 0x2, 0xef, 0x80, 0x5, 0xaa, 0xab,
    0xff, 0xba, 0xaa, 0x70, 0x0, 0x9f, 0xf9, 0x8,
    0xff, 0xff, 0xff, 0xff, 0xff, 0xb0, 0x0, 0x8,
    0xfe, 0x10, 0x33, 0x35, 0xff, 0x63, 0x32, 0x0,
    0x0, 0x0, 0x83, 0x0, 0xff, 0xff, 0xff, 0xff,
    0xfe, 0x0, 0x0, 0x0, 0x0, 0x0, 0x66, 0x67,
    0xff, 0x86, 0x65, 0x0, 0x5f, 0xff, 0xf5, 0x1c,
    0xcc, 0xcd, 0xff, 0xdc, 0xcc, 0xc4, 0x5f, 0xff,
    0xf6, 0x1e, 0xee, 0xee, 0xee, 0xee, 0xee, 0xe4,
    0x25, 0x5f, 0xf6, 0x0, 0x34, 0x44, 0x44, 0x45,
    0x43, 0x0, 0x0, 0xe, 0xf6, 0x0, 0xcf, 0xff,
    0xff, 0xff, 0xfb, 0x0, 0x0, 0xe, 0xf6, 0x0,
    0xcf, 0xb7, 0x77, 0x7c, 0xfb, 0x0, 0x0, 0xe,
    0xf6, 0x0, 0xcf, 0xb8, 0x88, 0x8c, 0xfb, 0x0,
    0x0, 0xe, 0xf6, 0x11, 0xcf, 0xff, 0xff, 0xff,
    0xfb, 0x0, 0x0, 0xe, 0xf8, 0xd6, 0xcf, 0x70,
    0x0, 0x9, 0xfb, 0x0, 0x0, 0xe, 0xff, 0xfb,
    0xcf, 0xca, 0xaa, 0xad, 0xfb, 0x0, 0x0, 0x1f,
    0xff, 0xd2, 0xcf, 0xff, 0xff, 0xff, 0xfb, 0x0,
    0x0, 0x9f, 0xfb, 0x10, 0xcf, 0x70, 0x0, 0x9,
    0xfb, 0x0, 0x0, 0x6f, 0x80, 0x0, 0xcf, 0x70,
    0x7, 0xff, 0xfa, 0x0, 0x0, 0x7, 0x0, 0x0,
    0xcf, 0x70, 0x2, 0xff, 0xb2, 0x0,

    /* U+8BFE "课" */
    0x0, 0x14, 0x0, 0x0, 0x0, 0x0, 0x0, 0x0,
    0x0, 0x0, 0x2, 0xef, 0x50, 0x3, 0xff, 0xff,
    0xff, 0xff, 0xff, 0x50, 0x0, 0xbf, 0xf5, 0x3,
    0xff, 0xee, 0xff, 0xfe, 0xff, 0x50, 0x0, 0xb,
    0xfe, 0x3, 0xff, 0x0, 0xff, 0x40, 0xff, 0x50,
    0x0, 0x1, 0xb2, 0x3, 0xff, 0xff, 0xff, 0xff,
    0xff, 0x50, 0x0, 0x0, 0x0, 0x3, 0xff, 0xdd,
    0xff, 0xdd, 0xff, 0x50, 0x4d, 0xdf, 0xe5, 0x3,
    0xff, 0x0, 0xff, 0x30, 0xff, 0x50, 0x4f, 0xff,
    0xf6, 0x3, 0xff, 0xee, 0xff, 0xee, 0xff, 0x50,
    0x14, 0x4f, 0xf6, 0x3, 0xff, 0xff, 0xff, 0xff,
    0xff, 0x50, 0x0, 0xe, 0xf6, 0x0, 0x0, 0x0,
    0xff, 0x50, 0x0, 0x0, 0x0, 0xe, 0xf6, 0x2f,
    0xff, 0xff, 0xff, 0xff, 0xff, 0xf3, 0x0, 0xe,
    0xf6, 0x2f, 0xff, 0xff, 0xff, 0xff, 0xff, 0xf3,
    0x0, 0xe, 0xf6, 0x73, 0x33, 0x8f, 0xff, 0xfc,
    0x33, 0x30, 0x0, 0xe, 0xfd, 0xf5, 0x3, 0xff,
    0xff, 0xff, 0x80, 0x0, 0x0, 0xf, 0xff, 0xf6,
    0x3e, 0xfa, 0xff, 0x9f, 0xf8, 0x0, 0x0, 0x2f,
    0xff, 0x66, 0xff, 0xc1, 0xff, 0x58, 0xff, 0xa1,
    0x0, 0xbf, 0xf5, 0x7f, 0xfd, 0x10, 0xff, 0x50,
    0xaf, 0xf5, 0x0, 0x9f, 0x40, 0xc, 0xc1, 0x0,
    0xff, 0x50, 0xa, 0x80, 0x0, 0x4, 0x0, 0x1,
    0x0, 0x0, 0xff, 0x50, 0x0, 0x0,

    /* U+8C03 "调" */
    0x0, 0x13, 0x0, 0x0, 0x0, 0x0, 0x0, 0x0,
    0x0, 0x0, 0x1d, 0xf7, 0x0, 0x5f, 0xff, 0xff,
    0xff, 0xff, 0xfa, 0x0, 0xaf, 0xfb, 0x5, 0xff,
    0xff, 0xff, 0xff, 0xff, 0xa0, 0x0, 0x8f, 0xe2,
    0x5f, 0xc1, 0x1f, 0xf1, 0x18, 0xfa, 0x0, 0x0,
    0x72, 0x5, 0xfb, 0x5a, 0xff, 0xa7, 0x7f, 0xa0,
    0x0, 0x0, 0x0, 0x5f, 0xb9, 0xff, 0xff, 0xa7,
    0xfa, 0x4f, 0xff, 0xf6, 0x5, 0xfb, 0x0, 0xff,
    0x0, 0x7f, 0xa4, 0xff, 0xff, 0x60, 0x5f, 0xb4,
    0x4f, 0xf4, 0x47, 0xfa, 0x29, 0x9f, 0xf6, 0x5,
    0xfb, 0xef, 0xff, 0xff, 0x8f, 0xa0, 0x0, 0xff,
    0x60, 0x5f, 0xb6, 0x66, 0x66, 0x67, 0xfa, 0x0,
    0xf, 0xf6, 0x6, 0xfb, 0x7b, 0xaa, 0xa6, 0x7f,
    0xa0, 0x0, 0xff, 0x60, 0x7f, 0xac, 0xff, 0xff,
    0xa7, 0xfa, 0x0, 0xf, 0xf6, 0x18, 0xf8, 0xcf,
    0x1, 0xfa, 0x7f, 0xa0, 0x0, 0xff, 0xbe, 0xbf,
    0x6c, 0xf0, 0x1f, 0xa7, 0xfa, 0x0, 0xf, 0xff,
    0xff, 0xf4, 0xcf, 0xff, 0xfa, 0x7f, 0xa0, 0x2,
    0xff, 0xfe, 0xff, 0xc, 0xfa, 0xaa, 0x67, 0xfa,
    0x0, 0xaf, 0xf9, 0xaf, 0xc0, 0x67, 0x0, 0x22,
    0x8f, 0xa0, 0xb, 0xf7, 0x1f, 0xf6, 0x0, 0x0,
    0x8, 0xff, 0xf8, 0x0, 0x5, 0x0, 0x3b, 0x0,
    0x0, 0x0, 0x3f, 0xeb, 0x10,

    /* U+8D25 "败" */
    0x0, 0x0, 0x0, 0x0, 0x0, 0x0, 0x96, 0x10,
    0x0, 0x0, 0xb, 0xff, 0xff, 0xff, 0xf1, 0x3,
    0xff, 0x10, 0x0, 0x0, 0xb, 0xff, 0xff, 0xff,
    0xf1, 0x7, 0xfd, 0x0, 0x0, 0x0, 0xb, 0xf5,
    0x22, 0x2e, 0xf1, 0xc, 0xfa, 0x33, 0x33, 0x20,
    0xb, 0xf3, 0x9a, 0x1e, 0xf1, 0x1f, 0xff, 0xff,
    0xff, 0xe0, 0xb, 0xf3, 0xef, 0x2e, 0xf1, 0x8f,
    0xff, 0xff, 0xff, 0xd0, 0xb, 0xf3, 0xef, 0x2e,
    0xf2, 0xef, 0x70, 0x4, 0xfb, 0x0, 0xb, 0xf3,
    0xef, 0x2e, 0xf9, 0xff, 0x40, 0x7, 0xf9, 0x0,
    0xb, 0xf3, 0xef, 0x2e, 0xfe, 0xff, 0x90, 0xa,
    0xf6, 0x0, 0xb, 0xf3, 0xef, 0x2e, 0xf5, 0xef,
    0xe0, 0xd, 0xf3, 0x0, 0xb, 0xf3, 0xff, 0x1e,
    0xf1, 0x1d, 0xf5, 0x2f, 0xe0, 0x0, 0xb, 0xf3,
    0xff, 0xe, 0xf1, 0x6, 0xfd, 0x8f, 0x90, 0x0,
    0xb, 0xf6, 0xfe, 0xe, 0xf1, 0x0, 0xef, 0xff,
    0x30, 0x0, 0x3, 0x58, 0xfb, 0x4, 0x40, 0x0,
    0x6f, 0xfc, 0x0, 0x0, 0x0, 0xd, 0xf9, 0xda,
    0x0, 0x0, 0x5f, 0xfd, 0x10, 0x0, 0x0, 0x7f,
    0xe1, 0xef, 0x60, 0x4, 0xff, 0xff, 0xd2, 0x0,
    0x7, 0xff, 0x50, 0x5f, 0xf2, 0x8f, 0xfc, 0x4f,
    0xff, 0x60, 0x4f, 0xf8, 0x0, 0xb, 0xd5, 0xef,
    0xb0, 0x3, 0xef, 0xc0, 0x7, 0x50, 0x0, 0x1,
    0x0, 0x37, 0x0, 0x0, 0x19, 0x10,

    /* U+8F7D "载" */
    0x0, 0x0, 0xb, 0xf9, 0x0, 0x4, 0xff, 0x24,
    0x90, 0x0, 0x1, 0xbb, 0xbe, 0xfe, 0xbb, 0x93,
    0xff, 0x3e, 0xfb, 0x0, 0x1, 0xff, 0xff, 0xff,
    0xff, 0xd3, 0xff, 0x22, 0xff, 0x80, 0x0, 0x0,
    0xb, 0xf9, 0x0, 0x3, 0xff, 0x20, 0x59, 0x10,
    0x1d, 0xdd, 0xdf, 0xff, 0xdd, 0xde, 0xff, 0xed,
    0xdd, 0xd1, 0x1f, 0xff, 0xff, 0xff, 0xff, 0xff,
    0xff, 0xff, 0xff, 0xf2, 0x0, 0x0, 0xce, 0x70,
    0x0, 0x1, 0xff, 0x30, 0x0, 0x0, 0x0, 0x3,
    0xff, 0x60, 0x0, 0x0, 0xff, 0x40, 0x76, 0x10,
    0xe, 0xff, 0xff, 0xff, 0xff, 0xf4, 0xff, 0x50,
    0xff, 0x50, 0xc, 0xef, 0xfd, 0xee, 0xdd, 0xd3,
    0xdf, 0x74, 0xff, 0x0, 0x0, 0xcf, 0x90, 0xdf,
    0x50, 0x0, 0xbf, 0x9b, 0xfa, 0x0, 0x8, 0xff,
    0xff, 0xff, 0xff, 0xf2, 0x9f, 0xdf, 0xf4, 0x0,
    0x3, 0xff, 0xff, 0xff, 0xff, 0xf2, 0x6f, 0xff,
    0xc0, 0x0, 0x0, 0x31, 0x0, 0xdf, 0x60, 0x0,
    0x3f, 0xff, 0x42, 0x0, 0x0, 0x0, 0x1, 0xef,
    0x96, 0x83, 0x1f, 0xfb, 0x7, 0xa0, 0xc, 0xef,
    0xff, 0xff, 0xff, 0xf5, 0xaf, 0xfc, 0x8, 0xf6,
    0xd, 0xff, 0xff, 0xff, 0xc9, 0x8b, 0xff, 0xff,
    0x8d, 0xf3, 0x3, 0x32, 0x0, 0xdf, 0x50, 0xaf,
    0xf7, 0xbf, 0xff, 0xe0, 0x0, 0x0, 0x0, 0xdf,
    0x50, 0x3f, 0x70, 0xa, 0xfe, 0x40, 0x0, 0x0,
    0x0, 0x12, 0x0, 0x1, 0x0, 0x0, 0x0, 0x0,

    /* U+8F93 "输" */
    0x0, 0x2b, 0x80, 0x0, 0x0, 0x0, 0x4c, 0x40,
    0x0, 0x0, 0x0, 0x4f, 0xe0, 0x0, 0x0, 0x3,
    0xff, 0xc0, 0x0, 0x0, 0x29, 0xcf, 0xe9, 0x93,
    0x0, 0x6f, 0xff, 0xfa, 0x0, 0x0, 0x4f, 0xff,
    0xff, 0xf6, 0x1a, 0xff, 0xb3, 0xef, 0xe5, 0x0,
    0x29, 0xef, 0xa9, 0x9c, 0xff, 0xf9, 0x10, 0x3e,
    0xff, 0xc3, 0x0, 0xff, 0x32, 0x9, 0xff, 0xff,
    0xff, 0xff, 0xff, 0xd1, 0x3, 0xfb, 0xff, 0x10,
    0x7c, 0xdd, 0xdd, 0xdd, 0xd4, 0x30, 0x7, 0xf6,
    0xff, 0x10, 0x56, 0x66, 0x64, 0x0, 0x19, 0x60,
    0xd, 0xfb, 0xff, 0xb3, 0xef, 0xff, 0xfc, 0x8f,
    0x3f, 0xb0, 0x3f, 0xff, 0xff, 0xf5, 0xee, 0x57,
    0xfc, 0x9f, 0x3f, 0xb0, 0xa, 0x87, 0xff, 0x82,
    0xef, 0xab, 0xfc, 0x9f, 0x3f, 0xb0, 0x0, 0x0,
    0xff, 0x10, 0xef, 0xff, 0xfc, 0x9f, 0x3f, 0xb0,
    0x0, 0x14, 0xff, 0xd6, 0xed, 0x3, 0xfc, 0x9f,
    0x3f, 0xb0, 0x3e, 0xff, 0xff, 0xf7, 0xef, 0xff,
    0xfc, 0x9f, 0x3f, 0xb0, 0x1f, 0xfe, 0xff, 0x40,
    0xef, 0xcc, 0xfc, 0x9f, 0x3f, 0xb0, 0x5, 0x20,
    0xff, 0x10, 0xed, 0x2, 0xfc, 0x36, 0x2f, 0xb0,
    0x0, 0x0, 0xff, 0x10, 0xed, 0x2, 0xfc, 0x0,
    0x2f, 0xb0, 0x0, 0x0, 0xff, 0x10, 0xed, 0x6f,
    0xfb, 0x2f, 0xff, 0x90, 0x0, 0x0, 0xff, 0x10,
    0xed, 0x2f, 0xc4, 0xb, 0xca, 0x10,

    /* U+8FD4 "返" */
    0x0, 0x0, 0x0, 0x0, 0x0, 0x0, 0x0, 0x0,
    0x0, 0x0, 0x0, 0x53, 0x0, 0x0, 0x0, 0x1,
    0x35, 0x79, 0xdb, 0x0, 0x9, 0xff, 0x30, 0x7,
    0xff, 0xff, 0xff, 0xff, 0xff, 0xb0, 0x3, 0xff,
    0xe2, 0x7, 0xff, 0xff, 0xfe, 0xca, 0x85, 0x10,
    0x0, 0x4f, 0xf9, 0x7, 0xff, 0x21, 0x0, 0x0,
    0x0, 0x0, 0x0, 0x7, 0x70, 0x7, 0xff, 0x55,
    0x55, 0x55, 0x63, 0x0, 0x0, 0x0, 0x0, 0x7,
    0xff, 0xff, 0xff, 0xff, 0xff, 0x40, 0x0, 0x0,
    0x0, 0x7, 0xff, 0xcc, 0xcc, 0xce, 0xff, 0x0,
    0x2f, 0xff, 0xf6, 0x8, 0xfd, 0x6, 0x0, 0xc,
    0xfb, 0x0, 0x3f, 0xff, 0xf7, 0x9, 0xfd, 0xcf,
    0xb0, 0x4f, 0xf5, 0x0, 0x4, 0x4f, 0xf7, 0xb,
    0xfa, 0x7f, 0xfd, 0xdf, 0xd0, 0x0, 0x0, 0xf,
    0xf7, 0xf, 0xf7, 0x6, 0xff, 0xff, 0x40, 0x0,
    0x0, 0xf, 0xf7, 0x4f, 0xf3, 0x1, 0xdf, 0xff,
    0x40, 0x0, 0x0, 0xf, 0xf7, 0xbf, 0xe0, 0x5e,
    0xff, 0xff, 0xf6, 0x0, 0x0, 0xf, 0xfa, 0xff,
    0x8c, 0xff, 0xf9, 0x4f, 0xff, 0x40, 0x0, 0x6f,
    0xf8, 0x4c, 0x5, 0xfe, 0x50, 0x3, 0xfa, 0x0,
    0xb, 0xff, 0xff, 0x70, 0x0, 0x50, 0x0, 0x0,
    0x30, 0x0, 0x7f, 0xfa, 0x7f, 0xfd, 0x86, 0x43,
    0x33, 0x45, 0x79, 0xc4, 0x1e, 0xe0, 0x3, 0xdf,
    0xff, 0xff, 0xff, 0xff, 0xff, 0xf0, 0x7, 0x70,
    0x0, 0x6, 0xbe, 0xff, 0xff, 0xff, 0xff, 0xb0,
    0x0, 0x0, 0x0, 0x0, 0x0, 0x1, 0x11, 0x10,
    0x0, 0x0,

    /* U+8FDE "连" */
    0x0, 0x0, 0x0, 0x0, 0x0, 0x0, 0x0, 0x0,
    0x0, 0x0, 0x0, 0x58, 0x0, 0x0, 0x0, 0xea,
    0x40, 0x0, 0x0, 0x0, 0x5, 0xff, 0x60, 0x0,
    0x4, 0xff, 0x50, 0x0, 0x0, 0x0, 0x0, 0xbf,
    0xf3, 0x4f, 0xff, 0xff, 0xff, 0xff, 0xff, 0xe0,
    0x0, 0x1e, 0xfd, 0x4f, 0xff, 0xff, 0xff, 0xff,
    0xff, 0xe0, 0x0, 0x5, 0xd2, 0x0, 0x6f, 0xf2,
    0x23, 0x20, 0x0, 0x0, 0x0, 0x0, 0x0, 0x0,
    0xdf, 0xa0, 0xbf, 0xb0, 0x0, 0x0, 0x4, 0x44,
    0x41, 0x7, 0xff, 0x53, 0xcf, 0xc3, 0x33, 0x0,
    0x3f, 0xff, 0xf5, 0xe, 0xff, 0xff, 0xff, 0xff,
    0xff, 0x10, 0x3f, 0xff, 0xf5, 0x9, 0xff, 0xff,
    0xff, 0xff, 0xff, 0x10, 0x0, 0xf, 0xf5, 0x1,
    0x10, 0x0, 0xbf, 0xb0, 0x0, 0x0, 0x0, 0xf,
    0xf5, 0x34, 0x44, 0x44, 0xcf, 0xd4, 0x44, 0x40,
    0x0, 0xf, 0xf5, 0xbf, 0xff, 0xff, 0xff, 0xff,
    0xff, 0xf0, 0x0, 0xf, 0xf5, 0xaf, 0xff, 0xff,
    0xff, 0xff, 0xff, 0xe0, 0x0, 0xf, 0xf5, 0x0,
    0x0, 0x0, 0xbf, 0xb0, 0x0, 0x0, 0x0, 0x5f,
    0xf7, 0x0, 0x0, 0x0, 0xbf, 0xb0, 0x0, 0x0,
    0x9, 0xff, 0xff, 0x70, 0x0, 0x0, 0x8c, 0x90,
    0x0, 0x1, 0x8f, 0xfb, 0x8f, 0xfe, 0x96, 0x54,
    0x44, 0x56, 0x7a, 0xe7, 0x3f, 0xe1, 0x4, 0xef,
    0xff, 0xff, 0xff, 0xff, 0xff, 0xf3, 0x9, 0x70,
    0x0, 0x17, 0xcf, 0xff, 0xff, 0xff, 0xff, 0xe0,
    0x1, 0x0, 0x0, 0x0, 0x0, 0x1, 0x11, 0x10,
    0x0, 0x0,

    /* U+9009 "选" */
    0x0, 0x40, 0x0, 0x0, 0x31, 0x4, 0xff, 0x20,
    0x0, 0x0, 0x9, 0xfa, 0x0, 0x0, 0xef, 0x74,
    0xff, 0x20, 0x0, 0x0, 0x9, 0xff, 0xa0, 0x4,
    0xff, 0x77, 0xff, 0x54, 0x44, 0x10, 0x0, 0xaf,
    0xf7, 0xb, 0xff, 0xff, 0xff, 0xff, 0xff, 0x40,
    0x0, 0xc, 0xd3, 0x5f, 0xfc, 0xcd, 0xff, 0xcc,
    0xcc, 0x30, 0x0, 0x2, 0x0, 0x9f, 0xb0, 0x4,
    0xff, 0x20, 0x0, 0x0, 0x0, 0x0, 0x0, 0x5,
    0x21, 0x15, 0xff, 0x31, 0x11, 0x10, 0x4, 0x44,
    0x41, 0xbf, 0xff, 0xff, 0xff, 0xff, 0xff, 0xf3,
    0x2f, 0xff, 0xf6, 0xaf, 0xff, 0xff, 0xff, 0xff,
    0xff, 0xf2, 0x2f, 0xff, 0xf6, 0x0, 0x9, 0xfe,
    0xb, 0xfa, 0x0, 0x0, 0x0, 0xe, 0xf6, 0x0,
    0xd, 0xfa, 0xb, 0xfa, 0x0, 0x0, 0x0, 0xe,
    0xf6, 0x0, 0x7f, 0xf5, 0xb, 0xfa, 0x9, 0x71,
    0x0, 0xe, 0xf6, 0x8, 0xff, 0xd0, 0xb, 0xfb,
    0x1d, 0xf6, 0x0, 0xe, 0xf6, 0xcf, 0xfe, 0x20,
    0xa, 0xff, 0xff, 0xf2, 0x0, 0xf, 0xfc, 0x4f,
    0xa1, 0x0, 0x3, 0xef, 0xff, 0x90, 0x1, 0xbf,
    0xff, 0xe4, 0x0, 0x0, 0x0, 0x0, 0x0, 0x0,
    0x2e, 0xff, 0xa8, 0xff, 0xa5, 0x32, 0x22, 0x34,
    0x57, 0xa3, 0x1e, 0xf9, 0x0, 0x5f, 0xff, 0xff,
    0xff, 0xff, 0xff, 0xf1, 0x6, 0xc0, 0x0, 0x1,
    0x8d, 0xff, 0xff, 0xff, 0xff, 0xb0, 0x0, 0x10,
    0x0, 0x0, 0x0, 0x0, 0x11, 0x0, 0x0, 0x0,

    /* U+90E8 "部" */
    0x0, 0x0, 0x0, 0x0, 0x0, 0x0, 0x0, 0x0,
    0x0, 0x0, 0x0, 0x0, 0x3c, 0xe0, 0x0, 0x0,
    0x0, 0x0, 0x0, 0x0, 0x0, 0x0, 0x1f, 0xf6,
    0x0, 0x0, 0xbf, 0xff, 0xff, 0xb2, 0x9, 0xff,
    0xff, 0xff, 0xff, 0xf0, 0xbf, 0xff, 0xff, 0xf3,
    0xa, 0xff, 0xff, 0xff, 0xff, 0xf1, 0xbf, 0x72,
    0xaf, 0xd0, 0x1, 0x6d, 0xb3, 0x35, 0xfc, 0x40,
    0xbf, 0x60, 0xdf, 0x80, 0x0, 0x4f, 0xf1, 0x6,
    0xff, 0x0, 0xbf, 0x62, 0xff, 0x20, 0x0, 0xe,
    0xf6, 0xb, 0xf9, 0x0, 0xbf, 0x66, 0xfc, 0x0,
    0x3, 0x3b, 0xe7, 0x4f, 0xf6, 0x32, 0xbf, 0x6c,
    0xf6, 0x0, 0x1f, 0xff, 0xff, 0xff, 0xff, 0xf9,
    0xbf, 0x6d, 0xf8, 0x0, 0x1f, 0xff, 0xff, 0xff,
    0xff, 0xf8, 0xbf, 0x62, 0xff, 0x40, 0x0, 0x0,
    0x0, 0x0, 0x0, 0x0, 0xbf, 0x60, 0x8f, 0xb0,
    0x3, 0xff, 0xff, 0xff, 0xff, 0xa0, 0xbf, 0x60,
    0x3f, 0xf0, 0x3, 0xff, 0xff, 0xff, 0xff, 0xb0,
    0xbf, 0x60, 0x2f, 0xf1, 0x3, 0xff, 0x33, 0x33,
    0xbf, 0xb0, 0xbf, 0x73, 0x8f, 0xf0, 0x3, 0xff,
    0x0, 0x0, 0xaf, 0xb0, 0xbf, 0x8f, 0xff, 0xd0,
    0x3, 0xff, 0x22, 0x22, 0xbf, 0xb0, 0xbf, 0x6e,
    0xfd, 0x30, 0x3, 0xff, 0xff, 0xff, 0xff, 0xb0,
    0xbf, 0x62, 0x10, 0x0, 0x3, 0xff, 0xff, 0xff,
    0xff, 0xb0, 0xbf, 0x60, 0x0, 0x0, 0x3, 0xff,
    0x0, 0x0, 0xaf, 0xa0, 0xbf, 0x60, 0x0, 0x0,
    0x0, 0x11, 0x0, 0x0, 0x0, 0x0, 0x0, 0x0,
    0x0, 0x0,

    /* U+914D "配" */
    0x3, 0x33, 0x33, 0x33, 0x33, 0x0, 0x0, 0x0,
    0x0, 0x0, 0x2f, 0xff, 0xff, 0xff, 0xff, 0x5f,
    0xff, 0xff, 0xff, 0x70, 0x2d, 0xde, 0xfe, 0xff,
    0xdd, 0x5f, 0xff, 0xff, 0xff, 0x70, 0x0, 0x8,
    0xf2, 0xf9, 0x0, 0x15, 0x55, 0x55, 0xef, 0x70,
    0x7, 0x8c, 0xfa, 0xfc, 0x85, 0x0, 0x0, 0x0,
    0xef, 0x70, 0xd, 0xff, 0xff, 0xff, 0xfa, 0x0,
    0x0, 0x0, 0xef, 0x70, 0xd, 0xf8, 0xf9, 0xf9,
    0xfa, 0x0, 0x0, 0x0, 0xef, 0x70, 0xd, 0xf1,
    0xf4, 0xe3, 0xfa, 0x4f, 0xff, 0xff, 0xff, 0x70,
    0xd, 0xf2, 0xf4, 0xe3, 0xfa, 0x4f, 0xff, 0xff,
    0xff, 0x70, 0xd, 0xf4, 0xe3, 0xe3, 0xfa, 0x4f,
    0xf6, 0x44, 0xef, 0x70, 0xd, 0xfb, 0x91, 0xff,
    0xfa, 0x4f, 0xf2, 0x0, 0x78, 0x30, 0xd, 0xf4,
    0x10, 0x15, 0xfa, 0x4f, 0xf2, 0x0, 0x0, 0x0,
    0xd, 0xfa, 0xaa, 0xab, 0xfa, 0x4f, 0xf2, 0x0,
    0x0, 0x0, 0xd, 0xff, 0xff, 0xff, 0xfa, 0x4f,
    0xf2, 0x0, 0xa, 0x40, 0xd, 0xf0, 0x0, 0x4,
    0xfa, 0x4f, 0xf2, 0x0, 0xf, 0xf2, 0xd, 0xfa,
    0xaa, 0xab, 0xfa, 0x4f, 0xf2, 0x0, 0x1f, 0xf1,
    0xd, 0xff, 0xff, 0xff, 0xfa, 0x3f, 0xf6, 0x33,
    0x7f, 0xe0, 0xd, 0xf3, 0x33, 0x36, 0xfa, 0x1f,
    0xff, 0xff, 0xff, 0xa0, 0xd, 0xf0, 0x0, 0x3,
    0xe8, 0x6, 0xef, 0xff, 0xfc, 0x10, 0x2, 0x20,
    0x0, 0x0, 0x0, 0x0, 0x0, 0x0, 0x0, 0x0,

    /* U+9192 "醒" */
    0x1f, 0xff, 0xff, 0xff, 0xf7, 0xdf, 0xff, 0xff,
    0xff, 0xd0, 0x1f, 0xff, 0xff, 0xff, 0xf6, 0xdf,
    0xed, 0xdd, 0xef, 0xd0, 0x0, 0xc, 0xf4, 0xf6,
    0x0, 0xdf, 0x74, 0x44, 0x8f, 0xd0, 0x5, 0x6d,
    0xf9, 0xfa, 0x62, 0xdf, 0xff, 0xff, 0xff, 0xd0,
    0xd, 0xff, 0xff, 0xff, 0xf5, 0xdf, 0x63, 0x33,
    0x7f, 0xd0, 0xd, 0xfb, 0xfb, 0xfb, 0xf5, 0xdf,
    0xdc, 0xcc, 0xdf, 0xd0, 0xd, 0xf5, 0xf5, 0xe5,
    0xf5, 0xdf, 0xff, 0xff, 0xff, 0xd0, 0xd, 0xf5,
    0xf4, 0xe5, 0xf5, 0x6a, 0x43, 0xa8, 0x0, 0x0,
    0xd, 0xf9, 0xd4, 0xf7, 0xf5, 0xbf, 0x77, 0xfd,
    0x44, 0x40, 0xd, 0xff, 0x72, 0xff, 0xf7, 0xff,
    0xff, 0xff, 0xff, 0xf1, 0xd, 0xf3, 0x0, 0x6,
    0xff, 0xf9, 0x8a, 0xfe, 0x88, 0x80, 0xd, 0xfa,
    0xaa, 0xac, 0xfa, 0xb3, 0x37, 0xfd, 0x33, 0x20,
    0xd, 0xff, 0xff, 0xff, 0xf5, 0xaf, 0xff, 0xff,
    0xff, 0xb0, 0xd, 0xf2, 0x22, 0x27, 0xf5, 0x8c,
    0xcd, 0xff, 0xcc, 0x80, 0xd, 0xf3, 0x33, 0x37,
    0xf5, 0x0, 0x4, 0xfd, 0x0, 0x0, 0xd, 0xff,
    0xff, 0xff, 0xf5, 0x55, 0x58, 0xfe, 0x55, 0x53,
    0xd, 0xfa, 0xaa, 0xac, 0xf5, 0xff, 0xff, 0xff,
    0xff, 0xfa, 0xd, 0xf0, 0x0, 0x5, 0xf5, 0xff,
    0xff, 0xff, 0xff, 0xfa,

    /* U+91CD "重" */
    0x0, 0x0, 0x0, 0x0, 0x1, 0x23, 0x56, 0x8a,
    0x30, 0x0, 0x0, 0x4d, 0xde, 0xef, 0xff, 0xff,
    0xff, 0xff, 0xd0, 0x0, 0x0, 0x1f, 0xff, 0xed,
    0xdf, 0xfa, 0x87, 0x54, 0x10, 0x0, 0x5, 0x66,
    0x66, 0x66, 0x9f, 0xf7, 0x66, 0x66, 0x66, 0x60,
    0xf, 0xff, 0xff, 0xff, 0xff, 0xff, 0xff, 0xff,
    0xff, 0xf0, 0x5, 0x55, 0x55, 0x55, 0x8f, 0xf7,
    0x55, 0x55, 0x55, 0x50, 0x0, 0xe, 0xff, 0xff,
    0xff, 0xff, 0xff, 0xff, 0xf1, 0x0, 0x0, 0xf,
    0xfc, 0xaa, 0xbf, 0xfb, 0xaa, 0xcf, 0xf1, 0x0,
    0x0, 0xf, 0xfa, 0x77, 0xaf, 0xf8, 0x77, 0xaf,
    0xf1, 0x0, 0x0, 0xf, 0xff, 0xff, 0xff, 0xff,
    0xff, 0xff, 0xf1, 0x0, 0x0, 0xf, 0xf7, 0x11,
    0x5f, 0xf3, 0x11, 0x6f, 0xf1, 0x0, 0x0, 0xf,
    0xff, 0xff, 0xff, 0xff, 0xff, 0xff, 0xf1, 0x0,
    0x0, 0x8, 0x99, 0x99, 0xbf, 0xfa, 0x99, 0x99,
    0x90, 0x0, 0x0, 0x59, 0x99, 0x99, 0xbf, 0xfa,
    0x99, 0x99, 0x98, 0x0, 0x0, 0x9f, 0xff, 0xff,
    0xff, 0xff, 0xff, 0xff, 0xfd, 0x0, 0x0, 0x11,
    0x11, 0x11, 0x6f, 0xf3, 0x11, 0x11, 0x11, 0x0,
    0x1e, 0xee, 0xee, 0xee, 0xff, 0xfe, 0xee, 0xee,
    0xee, 0xe2, 0x1f, 0xff, 0xff, 0xff, 0xff, 0xff,
    0xff, 0xff, 0xff, 0xf2,

    /* U+91CF "量" */
    0x0, 0x8, 0xff, 0xff, 0xff, 0xff, 0xff, 0xff,
    0x80, 0x0, 0x0, 0x8, 0xfe, 0x77, 0x77, 0x77,
    0x77, 0xff, 0x80, 0x0, 0x0, 0x8, 0xff, 0xee,
    0xee, 0xee, 0xee, 0xff, 0x80, 0x0, 0x0, 0x8,
    0xfd, 0x77, 0x77, 0x77, 0x77, 0xff, 0x80, 0x0,
    0x0, 0x5, 0xaa, 0xaa, 0xaa, 0xaa, 0xaa, 0xaa,
    0x50, 0x0, 0xc, 0xcc, 0xcc, 0xcc, 0xcc, 0xcc,
    0xcc, 0xcc, 0xcc, 0xc1, 0x1f, 0xff, 0xff, 0xff,
    0xff, 0xff, 0xff, 0xff, 0xff, 0xf2, 0x0, 0x6,
    0x66, 0x66, 0x66, 0x66, 0x66, 0x66, 0x60, 0x0,
    0x0, 0xe, 0xfe, 0xdd, 0xef, 0xfe, 0xdd, 0xef,
    0xf0, 0x0, 0x0, 0xe, 0xf9, 0x66, 0x8f, 0xf8,
    0x66, 0xaf, 0xf0, 0x0, 0x0, 0xe, 0xfe, 0xdd,
    0xef, 0xfe, 0xdd, 0xef, 0xf0, 0x0, 0x0, 0xe,
    0xf9, 0x66, 0x8f, 0xf8, 0x66, 0xaf, 0xf0, 0x0,
    0x0, 0xc, 0xdd, 0xdd, 0xef, 0xfe, 0xdd, 0xdd,
    0xd0, 0x0, 0x0, 0x27, 0x77, 0x77, 0x9f, 0xf8,
    0x77, 0x77, 0x72, 0x0, 0x0, 0x5f, 0xff, 0xff,
    0xff, 0xff, 0xff, 0xff, 0xf6, 0x0, 0x3, 0x34,
    0x44, 0x44, 0x6f, 0xf6, 0x44, 0x44, 0x43, 0x30,
    0x2f, 0xff, 0xff, 0xff, 0xff, 0xff, 0xff, 0xff,
    0xff, 0xf3, 0x2f, 0xff, 0xff, 0xff, 0xff, 0xff,
    0xff, 0xff, 0xff, 0xf3,

    /* U+949F "钟" */
    0x0, 0xc, 0x92, 0x0, 0x0, 0x0, 0x4f, 0xf0,
    0x0, 0x0, 0x0, 0x4f, 0xf1, 0x0, 0x0, 0x0,
    0x4f, 0xf0, 0x0, 0x0, 0x0, 0xdf, 0xff, 0xff,
    0x50, 0x0, 0x4f, 0xf0, 0x0, 0x0, 0x8, 0xff,
    0xff, 0xff, 0x50, 0x0, 0x4f, 0xf0, 0x0, 0x0,
    0x5f, 0xfa, 0x33, 0x33, 0x4f, 0xff, 0xff, 0xff,
    0xff, 0xf1, 0x2f, 0xf3, 0x22, 0x22, 0x3f, 0xff,
    0xff, 0xff, 0xff, 0xf1, 0x9, 0xdf, 0xff, 0xff,
    0x3f, 0xf7, 0xaf, 0xf8, 0x9f, 0xf1, 0x0, 0xaf,
    0xff, 0xff, 0x3f, 0xf0, 0x4f, 0xf0, 0x3f, 0xf1,
    0x0, 0x5, 0xff, 0x0, 0x3f, 0xf0, 0x4f, 0xf0,
    0x3f, 0xf1, 0x3, 0x37, 0xff, 0x33, 0x4f, 0xf0,
    0x4f, 0xf0, 0x3f, 0xf1, 0xe, 0xff, 0xff, 0xff,
    0x8f, 0xff, 0xff, 0xff, 0xff, 0xf1, 0xd, 0xef,
    0xff, 0xee, 0x7f, 0xff, 0xff, 0xff, 0xff, 0xf1,
    0x0, 0x5, 0xff, 0x0, 0x3f, 0xf5, 0x8f, 0xf6,
    0x7f, 0xf1, 0x0, 0x5, 0xff, 0x0, 0x19, 0x90,
    0x4f, 0xf0, 0x16, 0x60, 0x0, 0x5, 0xff, 0x2a,
    0x60, 0x0, 0x4f, 0xf0, 0x0, 0x0, 0x0, 0x6,
    0xff, 0xff, 0x90, 0x0, 0x4f, 0xf0, 0x0, 0x0,
    0x0, 0xd, 0xff, 0xfb, 0x30, 0x0, 0x4f, 0xf0,
    0x0, 0x0, 0x0, 0x3f, 0xfc, 0x40, 0x0, 0x0,
    0x4f, 0xf0, 0x0, 0x0, 0x0, 0x8, 0x50, 0x0,
    0x0, 0x0, 0x4f, 0xf0, 0x0, 0x0,

    /* U+94C3 "铃" */
    0x0, 0x0, 0x0, 0x0, 0x0, 0x0, 0x0, 0x0,
    0x0, 0x0, 0x0, 0xc, 0x92, 0x0, 0x0, 0x0,
    0x2e, 0xa0, 0x0, 0x0, 0x0, 0x5f, 0xf2, 0x0,
    0x0, 0x0, 0xaf, 0xf0, 0x0, 0x0, 0x0, 0xdf,
    0xff, 0xff, 0x60, 0x3, 0xff, 0xf8, 0x0, 0x0,
    0x9, 0xff, 0xff, 0xff, 0x60, 0xd, 0xfd, 0xff,
    0x30, 0x0, 0x6f, 0xf9, 0x33, 0x33, 0x10, 0x9f,
    0xf3, 0x8f, 0xe1, 0x0, 0x2f, 0xe3, 0x33, 0x32,
    0x7, 0xff, 0x70, 0xd, 0xfd, 0x10, 0x9, 0xef,
    0xff, 0xfb, 0x7f, 0xfc, 0x9d, 0x13, 0xff, 0xd1,
    0x0, 0xdf, 0xff, 0xfd, 0xff, 0xc1, 0xcf, 0xc0,
    0x6f, 0xf3, 0x0, 0x3, 0xff, 0x10, 0x4a, 0x0,
    0x1e, 0xb1, 0x7, 0x40, 0x2, 0x36, 0xff, 0x43,
    0x16, 0xaa, 0xab, 0xaa, 0xb5, 0x0, 0xe, 0xff,
    0xff, 0xff, 0x6a, 0xff, 0xff, 0xff, 0xff, 0x40,
    0xd, 0xff, 0xff, 0xff, 0x66, 0x99, 0x99, 0x9f,
    0xfd, 0x0, 0x0, 0x3, 0xff, 0x10, 0x0, 0x0,
    0x0, 0x7f, 0xf3, 0x0, 0x0, 0x3, 0xff, 0x10,
    0x0, 0x1a, 0x23, 0xff, 0x90, 0x0, 0x0, 0x3,
    0xff, 0x39, 0x90, 0xcf, 0xfe, 0xfd, 0x0, 0x0,
    0x0, 0x5, 0xff, 0xff, 0xc0, 0x1b, 0xff, 0xf3,
    0x0, 0x0, 0x0, 0xd, 0xff, 0xfb, 0x30, 0x0,
    0x7f, 0xfd, 0x20, 0x0, 0x0, 0x2f, 0xfb, 0x30,
    0x0, 0x0, 0x4, 0xff, 0xa0, 0x0, 0x0, 0x5,
    0x30, 0x0, 0x0, 0x0, 0x0, 0x38, 0x0, 0x0,

    /* U+9501 "锁" */
    0x0, 0x9, 0x92, 0x0, 0x0, 0x20, 0x2f, 0xf1,
    0x2, 0x0, 0x0, 0x2, 0xff, 0x30, 0x2, 0xfe,
    0x12, 0xff, 0x10, 0xef, 0x50, 0x0, 0xbf, 0xff,
    0xff, 0x8b, 0xfb, 0x2f, 0xf1, 0x6f, 0xd0, 0x0,
    0x6f, 0xff, 0xff, 0xf8, 0x2f, 0xf5, 0xff, 0x2e,
    0xf4, 0x0, 0x2f, 0xfa, 0x11, 0x11, 0x0, 0x95,
    0x2f, 0xf3, 0x67, 0x0, 0x0, 0xdf, 0x76, 0x66,
    0x61, 0xef, 0xff, 0xff, 0xff, 0xfe, 0x0, 0x5,
    0xcf, 0xff, 0xff, 0x3e, 0xff, 0xff, 0xff, 0xff,
    0xe0, 0x0, 0x7, 0xcf, 0xfb, 0xb2, 0xef, 0x73,
    0x44, 0x38, 0xfe, 0x0, 0x0, 0x3, 0xfe, 0x0,
    0xe, 0xf4, 0x4f, 0xf1, 0x5f, 0xe0, 0x0, 0x23,
    0x6f, 0xf3, 0x31, 0xef, 0x44, 0xff, 0x15, 0xfe,
    0x0, 0xa, 0xff, 0xff, 0xff, 0x5e, 0xf4, 0x4f,
    0xf1, 0x5f, 0xe0, 0x0, 0xaf, 0xff, 0xff, 0xf5,
    0xef, 0x44, 0xff, 0x5, 0xfe, 0x0, 0x0, 0x3,
    0xfe, 0x0, 0xe, 0xf4, 0x5f, 0xf0, 0x5f, 0xe0,
    0x0, 0x0, 0x3f, 0xe0, 0x0, 0xef, 0x4a, 0xfc,
    0x5, 0xfe, 0x0, 0x0, 0x3, 0xfe, 0x5d, 0x39,
    0xa7, 0xff, 0x64, 0x39, 0x80, 0x0, 0x0, 0x6f,
    0xff, 0xf5, 0x5, 0xff, 0xda, 0xfd, 0x40, 0x0,
    0x0, 0x1e, 0xff, 0xe6, 0x4b, 0xff, 0xd2, 0x6e,
    0xff, 0xc3, 0x0, 0x5, 0xff, 0x80, 0x4f, 0xff,
    0x90, 0x0, 0x8, 0xff, 0xb0, 0x0, 0x6, 0x20,
    0x0, 0x68, 0x20, 0x0, 0x0, 0x2, 0x90, 0x0,

    /* U+952E "键" */
    0x0, 0x0, 0x0, 0x0, 0x0, 0x0, 0x0, 0x0,
    0x0, 0x0, 0x0, 0x5f, 0x90, 0x0, 0x0, 0x20,
    0x2, 0xfb, 0x0, 0x0, 0x0, 0xbf, 0xa1, 0x2f,
    0xff, 0xf5, 0x89, 0xfd, 0x88, 0x40, 0x2, 0xff,
    0xff, 0xcf, 0xff, 0xf4, 0xff, 0xff, 0xff, 0x70,
    0xb, 0xff, 0xff, 0xa3, 0x5f, 0xe0, 0x24, 0xfb,
    0x4f, 0x70, 0x6f, 0xf3, 0x0, 0x0, 0x8f, 0x8b,
    0xff, 0xff, 0xff, 0xf5, 0x2f, 0xc5, 0x55, 0x30,
    0xef, 0x29, 0xcd, 0xff, 0xdf, 0xe4, 0x8, 0xff,
    0xff, 0xb6, 0xfc, 0x20, 0x2, 0xfb, 0x3f, 0x70,
    0x4, 0xdf, 0xfc, 0xcf, 0xff, 0xf3, 0xff, 0xff,
    0xff, 0x70, 0x0, 0x1f, 0xe0, 0x1e, 0xdf, 0xf2,
    0x89, 0xfe, 0x88, 0x40, 0x4, 0x5f, 0xe4, 0x40,
    0xc, 0xf2, 0x78, 0xfd, 0x77, 0x50, 0xf, 0xff,
    0xff, 0xe7, 0x4e, 0xf1, 0xff, 0xff, 0xff, 0xb0,
    0xc, 0xcf, 0xfc, 0xbf, 0xbf, 0xd0, 0x45, 0xfc,
    0x44, 0x20, 0x0, 0x1f, 0xe0, 0xb, 0xff, 0xa6,
    0xbc, 0xfe, 0xbb, 0xb0, 0x0, 0x1f, 0xe0, 0x36,
    0xff, 0x79, 0xff, 0xff, 0xff, 0xf1, 0x0, 0x1f,
    0xea, 0xd0, 0xff, 0x40, 0x2, 0xfb, 0x0, 0x0,
    0x0, 0x1f, 0xff, 0xc4, 0xff, 0xd1, 0x1, 0xe9,
    0x0, 0x0, 0x0, 0x6f, 0xfb, 0x1c, 0xfd, 0xff,
    0x82, 0x0, 0x0, 0x0, 0x0, 0xef, 0xa0, 0xbf,
    0xd0, 0x9f, 0xff, 0xfe, 0xee, 0xe5, 0x0, 0x6a,
    0x0, 0xbe, 0x20, 0x2, 0x8c, 0xef, 0xff, 0xf2,
    0x0, 0x0, 0x0, 0x22, 0x0, 0x0, 0x0, 0x0,
    0x0, 0x0,

    /* U+957F "长" */
    0x0, 0x8, 0xff, 0x0, 0x0, 0x0, 0x3, 0x81,
    0x0, 0x0, 0x0, 0x8f, 0xf0, 0x0, 0x0, 0x4,
    0xff, 0xf2, 0x0, 0x0, 0x8, 0xff, 0x0, 0x0,
    0x9, 0xff, 0xf5, 0x0, 0x0, 0x0, 0x8f, 0xf0,
    0x0, 0x6e, 0xff, 0xe3, 0x0, 0x0, 0x0, 0x8,
    0xff, 0x7, 0xef, 0xff, 0xa1, 0x0, 0x0, 0x0,
    0x0, 0x8f, 0xf0, 0x4f, 0xfd, 0x50, 0x0, 0x0,
    0x0, 0x0, 0x8, 0xff, 0x0, 0x56, 0x0, 0x0,
    0x0, 0x0, 0x6, 0x77, 0xcf, 0xf7, 0x77, 0x77,
    0x77, 0x77, 0x77, 0x70, 0xff, 0xff, 0xff, 0xff,
    0xff, 0xff, 0xff, 0xff, 0xff, 0xf, 0xff, 0xff,
    0xff, 0xff, 0xff, 0xff, 0xff, 0xff, 0xf0, 0x0,
    0x8, 0xff, 0x0, 0x4f, 0xf4, 0x0, 0x0, 0x0,
    0x0, 0x0, 0x8f, 0xf0, 0x0, 0xdf, 0xd0, 0x0,
    0x0, 0x0, 0x0, 0x8, 0xff, 0x0, 0x4, 0xff,
    0xb0, 0x0, 0x0, 0x0, 0x0, 0x8f, 0xf0, 0x0,
    0xa, 0xff, 0xb0, 0x0, 0x0, 0x0, 0x8, 0xff,
    0x1, 0x58, 0x4c, 0xff, 0xe5, 0x0, 0x0, 0x0,
    0xaf, 0xfe, 0xff, 0xf5, 0x1c, 0xff, 0xfd, 0x71,
    0x0, 0x4f, 0xff, 0xff, 0xfd, 0x40, 0x9, 0xff,
    0xfd, 0x10, 0x1, 0xff, 0xd9, 0x51, 0x0, 0x0,
    0x2, 0xaf, 0x30, 0x0, 0x5, 0x20, 0x0, 0x0,
    0x0, 0x0, 0x0, 0x0, 0x0,

    /* U+95ED "闭" */
    0x2, 0xb2, 0x0, 0x0, 0x0, 0x0, 0x0, 0x0,
    0x0, 0xd, 0xfe, 0x20, 0xef, 0xff, 0xff, 0xff,
    0xff, 0xff, 0x2, 0xff, 0xd0, 0xef, 0xff, 0xff,
    0xff, 0xff, 0xff, 0x0, 0x6f, 0xc1, 0x33, 0x33,
    0x33, 0x33, 0x38, 0xff, 0x0, 0x6, 0x0, 0x0,
    0x0, 0xff, 0x70, 0x6, 0xff, 0x7f, 0xe0, 0x0,
    0x0, 0x0, 0xff, 0x70, 0x6, 0xff, 0x7f, 0xe0,
    0x55, 0x55, 0x55, 0xff, 0xa5, 0x46, 0xff, 0x7f,
    0xe0, 0xff, 0xff, 0xff, 0xff, 0xff, 0xc6, 0xff,
    0x7f, 0xe0, 0xff, 0xff, 0xff, 0xff, 0xff, 0xb6,
    0xff, 0x7f, 0xe0, 0x0, 0x1, 0xdf, 0xff, 0x70,
    0x6, 0xff, 0x7f, 0xe0, 0x0, 0x1c, 0xff, 0xff,
    0x70, 0x6, 0xff, 0x7f, 0xe0, 0x2, 0xdf, 0xf5,
    0xff, 0x70, 0x6, 0xff, 0x7f, 0xe0, 0x6f, 0xff,
    0x60, 0xff, 0x70, 0x6, 0xff, 0x7f, 0xe9, 0xff,
    0xe4, 0x0, 0xff, 0x70, 0x6, 0xff, 0x7f, 0xe0,
    0xcb, 0x12, 0x22, 0xff, 0x70, 0x6, 0xff, 0x7f,
    0xe0, 0x0, 0xa, 0xff, 0xff, 0x60, 0x6, 0xff,
    0x7f, 0xe0, 0x0, 0x5, 0xff, 0xfa, 0x2, 0x28,
    0xff, 0x7f, 0xe0, 0x0, 0x0, 0x21, 0x0, 0x9,
    0xff, 0xfd, 0x7f, 0xe0, 0x0, 0x0, 0x0, 0x0,
    0x4, 0xfe, 0xc3,

    /* U+95F4 "间" */
    0x2, 0xa1, 0x0, 0x0, 0x0, 0x0, 0x0, 0x0,
    0x0, 0xe, 0xfd, 0x16, 0xff, 0xff, 0xff, 0xff,
    0xff, 0xf9, 0x5, 0xff, 0xa6, 0xff, 0xff, 0xff,
    0xff, 0xff, 0xf9, 0x0, 0x9f, 0x91, 0x33, 0x33,
    0x33, 0x33, 0x3f, 0xf9, 0x0, 0x15, 0x0, 0x0,
    0x0, 0x0, 0x0, 0xe, 0xf9, 0x8f, 0xe0, 0x2,
    0x22, 0x22, 0x22, 0x20, 0xe, 0xf9, 0x9f, 0xe0,
    0xf, 0xff, 0xff, 0xff, 0xf3, 0xe, 0xf9, 0x9f,
    0xe0, 0xf, 0xfc, 0xcc, 0xcf, 0xf3, 0xe, 0xf9,
    0x9f, 0xe0, 0xf, 0xf1, 0x0, 0xf, 0xf3, 0xe,
    0xf9, 0x9f, 0xe0, 0xf, 0xfc, 0xcc, 0xcf, 0xf3,
    0xe, 0xf9, 0x9f, 0xe0, 0xf, 0xff, 0xff, 0xff,
    0xf3, 0xe, 0xf9, 0x9f, 0xe0, 0xf, 0xf3, 0x22,
    0x2f, 0xf3, 0xe, 0xf9, 0x9f, 0xe0, 0xf, 0xf1,
    0x0, 0xf, 0xf3, 0xe, 0xf9, 0x9f, 0xe0, 0xf,
    0xfe, 0xee, 0xef, 0xf3, 0xe, 0xf9, 0x9f, 0xe0,
    0xf, 0xff, 0xff, 0xff, 0xf3, 0xe, 0xf9, 0x9f,
    0xe0, 0x0, 0x0, 0x0, 0x0, 0x0, 0xe, 0xf9,
    0x9f, 0xe0, 0x0, 0x0, 0x0, 0x0, 0x1, 0x1f,
    0xf8, 0x9f, 0xe0, 0x0, 0x0, 0x0, 0x0, 0x6,
    0xff, 0xf7, 0x9f, 0xe0, 0x0, 0x0, 0x0, 0x0,
    0x2, 0xfe, 0xb1,

    /* U+95F9 "闹" */
    0x0, 0x77, 0x0, 0x0, 0x0, 0x0, 0x0, 0x0,
    0x0, 0x6, 0xff, 0x60, 0xbf, 0xff, 0xff, 0xff,
    0xff, 0xfc, 0x0, 0x9f, 0xf2, 0xbf, 0xff, 0xff,
    0xff, 0xff, 0xfc, 0x0, 0xd, 0xf7, 0x23, 0x65,
    0x33, 0x33, 0x3a, 0xfc, 0x26, 0x53, 0x50, 0x7,
    0xfd, 0x0, 0x0, 0x9, 0xfc, 0x5f, 0xe0, 0x0,
    0x1, 0xff, 0x40, 0x0, 0x9, 0xfc, 0x5f, 0xe2,
    0xee, 0xee, 0xff, 0xee, 0xee, 0x89, 0xfc, 0x5f,
    0xe2, 0xff, 0xff, 0xff, 0xff, 0xff, 0x99, 0xfc,
    0x5f, 0xe0, 0x0, 0x0, 0xef, 0x30, 0x0, 0x9,
    0xfc, 0x5f, 0xe0, 0x9d, 0xdd, 0xff, 0xed, 0xed,
    0x9, 0xfc, 0x5f, 0xe0, 0xbf, 0xff, 0xff, 0xff,
    0xff, 0x9, 0xfc, 0x5f, 0xe0, 0xbf, 0x41, 0xff,
    0x41, 0xff, 0x9, 0xfc, 0x5f, 0xe0, 0xbf, 0x30,
    0xef, 0x30, 0xff, 0x9, 0xfc, 0x5f, 0xe0, 0xbf,
    0x30, 0xef, 0x30, 0xff, 0x9, 0xfc, 0x5f, 0xe0,
    0xbf, 0x30, 0xef, 0x3f, 0xfe, 0x9, 0xfc, 0x5f,
    0xe0, 0x8b, 0x20, 0xef, 0x37, 0x93, 0x9, 0xfc,
    0x5f, 0xe0, 0x0, 0x0, 0xef, 0x30, 0x1, 0x19,
    0xfc, 0x5f, 0xe0, 0x0, 0x0, 0x55, 0x10, 0x1f,
    0xff, 0xfa, 0x5f, 0xe0, 0x0, 0x0, 0x0, 0x0,
    0xc, 0xff, 0xc2, 0x0, 0x0, 0x0, 0x0, 0x0,
    0x0, 0x0, 0x0, 0x0,

    /* U+9634 "阴" */
    0x1, 0x11, 0x12, 0x0, 0x0, 0x0, 0x0, 0x0,
    0x0, 0x5f, 0xff, 0xff, 0xe4, 0x6f, 0xff, 0xff,
    0xff, 0xff, 0x5f, 0xff, 0xff, 0xf7, 0x6f, 0xff,
    0xff, 0xff, 0xff, 0x5f, 0xe0, 0x4f, 0xf2, 0x6f,
    0xf2, 0x22, 0x27, 0xff, 0x5f, 0xe0, 0x7f, 0xd0,
    0x6f, 0xe0, 0x0, 0x5, 0xff, 0x5f, 0xe0, 0xcf,
    0x70, 0x6f, 0xf3, 0x33, 0x38, 0xff, 0x5f, 0xe1,
    0xff, 0x20, 0x6f, 0xff, 0xff, 0xff, 0xff, 0x5f,
    0xe2, 0xff, 0x30, 0x6f, 0xfe, 0xee, 0xef, 0xff,
    0x5f, 0xe0, 0x7f, 0xc0, 0x6f, 0xe0, 0x0, 0x5,
    0xff, 0x5f, 0xe0, 0x1f, 0xf2, 0x6f, 0xe0, 0x0,
    0x5, 0xff, 0x5f, 0xe0, 0xe, 0xf5, 0x6f, 0xfa,
    0xaa, 0xac, 0xff, 0x5f, 0xe0, 0x1f, 0xf5, 0x7f,
    0xff, 0xff, 0xff, 0xff, 0x5f, 0xe7, 0xff, 0xf3,
    0x9f, 0xd7, 0x77, 0x7a, 0xff, 0x5f, 0xe3, 0xff,
    0x90, 0xbf, 0x90, 0x0, 0x5, 0xff, 0x5f, 0xe0,
    0x31, 0x0, 0xff, 0x60, 0x0, 0x5, 0xff, 0x5f,
    0xe0, 0x0, 0x4, 0xff, 0x20, 0x0, 0x5, 0xff,
    0x5f, 0xe0, 0x0, 0xc, 0xfd, 0x0, 0x5, 0x59,
    0xff, 0x5f, 0xe0, 0x0, 0x6f, 0xf6, 0x0, 0xa,
    0xff, 0xfd, 0x5f, 0xe0, 0x0, 0x6e, 0xc0, 0x0,
    0x5, 0xfe, 0xb3, 0x1, 0x10, 0x0, 0x1, 0x10,
    0x0, 0x0, 0x0, 0x0,

    /* U+96E8 "雨" */
    0x1f, 0xff, 0xff, 0xff, 0xff, 0xff, 0xff, 0xff,
    0xff, 0xf1, 0x1f, 0xff, 0xff, 0xff, 0xff, 0xff,
    0xff, 0xff, 0xff, 0xf1, 0xb, 0xbb, 0xbb, 0xbb,
    0xcf, 0xfc, 0xbb, 0xbb, 0xbb, 0xb0, 0x0, 0x0,
    0x0, 0x0, 0x4f, 0xf1, 0x0, 0x0, 0x0, 0x0,
    0x1, 0x66, 0x66, 0x66, 0x8f, 0xf7, 0x66, 0x66,
    0x76, 0x20, 0x3, 0xff, 0xff, 0xff, 0xff, 0xff,
    0xff, 0xff, 0xff, 0x50, 0x3, 0xff, 0xdd, 0xdd,
    0xef, 0xfe, 0xdd, 0xdd, 0xff, 0x50, 0x3, 0xff,
    0x14, 0x0, 0x4f, 0xf1, 0x51, 0x0, 0xff, 0x50,
    0x3, 0xff, 0x8f, 0xe5, 0x4f, 0xf7, 0xff, 0x60,
    0xff, 0x50, 0x3, 0xff, 0x2a, 0xff, 0xbf, 0xf2,
    0x9f, 0xfb, 0xff, 0x50, 0x3, 0xff, 0x10, 0x6c,
    0x5f, 0xf1, 0x4, 0xd2, 0xff, 0x50, 0x3, 0xff,
    0x27, 0x10, 0x4f, 0xf2, 0x91, 0x0, 0xff, 0x50,
    0x3, 0xff, 0xbf, 0xe4, 0x4f, 0xfc, 0xff, 0x60,
    0xff, 0x50, 0x3, 0xff, 0x2b, 0xff, 0xaf, 0xf2,
    0xaf, 0xf8, 0xff, 0x50, 0x3, 0xff, 0x10, 0x8d,
    0x5f, 0xf1, 0x5, 0xc1, 0xff, 0x50, 0x3, 0xff,
    0x10, 0x0, 0x4f, 0xf1, 0x2, 0x23, 0xff, 0x50,
    0x3, 0xff, 0x10, 0x0, 0x4f, 0xf1, 0xa, 0xff,
    0xff, 0x30, 0x3, 0xff, 0x10, 0x0, 0x4f, 0xf1,
    0x4, 0xee, 0xc6, 0x0,

    /* U+96EA "雪" */
    0x8, 0xff, 0xff, 0xff, 0xff, 0xff, 0xff, 0xff,
    0x40, 0x4, 0x88, 0x88, 0x8a, 0xff, 0x88, 0x88,
    0x88, 0x20, 0xcd, 0xdd, 0xdd, 0xde, 0xff, 0xdd,
    0xdd, 0xdd, 0xdc, 0xef, 0xff, 0xff, 0xff, 0xff,
    0xff, 0xff, 0xff, 0xfe, 0xef, 0x44, 0x44, 0x46,
    0xff, 0x24, 0x44, 0x35, 0xfe, 0xef, 0x5f, 0xff,
    0xf6, 0xff, 0x6f, 0xff, 0xd4, 0xfe, 0xbc, 0x35,
    0x55, 0x55, 0xff, 0x25, 0x55, 0x43, 0xcb, 0x0,
    0x5a, 0xaa, 0xa6, 0xff, 0x4a, 0xaa, 0xa4, 0x0,
    0x0, 0x8f, 0xff, 0xf6, 0xff, 0x6f, 0xff, 0xf6,
    0x0, 0x0, 0x22, 0x22, 0x23, 0x44, 0x22, 0x22,
    0x21, 0x0, 0x1, 0xff, 0xff, 0xff, 0xff, 0xff,
    0xff, 0xf8, 0x0, 0x1, 0xcc, 0xcc, 0xcc, 0xcc,
    0xcc, 0xcf, 0xf8, 0x0, 0x0, 0x46, 0x66, 0x66,
    0x66, 0x66, 0x6f, 0xf8, 0x0, 0x0, 0xaf, 0xff,
    0xff, 0xff, 0xff, 0xff, 0xf8, 0x0, 0x0, 0x23,
    0x33, 0x33, 0x33, 0x33, 0x3e, 0xf8, 0x0, 0x5,
    0xee, 0xee, 0xee, 0xee, 0xee, 0xef, 0xf8, 0x0,
    0x6, 0xff, 0xff, 0xff, 0xff, 0xff, 0xff, 0xf8,
    0x0, 0x0, 0x0, 0x0, 0x0, 0x0, 0x0, 0xe,
    0xf8, 0x0,

    /* U+96F7 "雷" */
    0x8, 0xff, 0xff, 0xff, 0xff, 0xff, 0xff, 0xff,
    0x40, 0x4, 0x88, 0x88, 0x8b, 0xff, 0x88, 0x88,
    0x88, 0x20, 0xbc, 0xcc, 0xcc, 0xcd, 0xff, 0xcc,
    0xcc, 0xcc, 0xcb, 0xef, 0xff, 0xff, 0xff, 0xff,
    0xff, 0xff, 0xff, 0xfe, 0xef, 0x43, 0x33, 0x36,
    0xff, 0x23, 0x33, 0x35, 0xfe, 0xef, 0x5f, 0xff,
    0xf6, 0xff, 0x5f, 0xff, 0xf5, 0xfe, 0xbc, 0x35,
    0x55, 0x55, 0xff, 0x25, 0x55, 0x53, 0xcb, 0x0,
    0x8f, 0xff, 0xf6, 0xff, 0x5f, 0xff, 0xf7, 0x0,
    0x0, 0x5a, 0xaa, 0xa6, 0xff, 0x3a, 0xaa, 0xa5,
    0x0, 0x0, 0x22, 0x22, 0x22, 0x44, 0x22, 0x22,
    0x22, 0x0, 0x1, 0xff, 0xff, 0xff, 0xff, 0xff,
    0xff, 0xff, 0x0, 0x1, 0xff, 0xba, 0xac, 0xff,
    0xaa, 0xac, 0xff, 0x0, 0x1, 0xff, 0x86, 0x6a,
    0xff, 0x66, 0x69, 0xff, 0x0, 0x1, 0xff, 0xff,
    0xff, 0xff, 0xff, 0xff, 0xff, 0x0, 0x1, 0xff,
    0x42, 0x27, 0xff, 0x22, 0x27, 0xff, 0x0, 0x1,
    0xff, 0xed, 0xde, 0xff, 0xdd, 0xde, 0xff, 0x0,
    0x1, 0xff, 0xff, 0xff, 0xff, 0xff, 0xff, 0xff,
    0x0, 0x1, 0xff, 0x20, 0x0, 0x0, 0x0, 0x5,
    0xff, 0x0, 0x0, 0x22, 0x0, 0x0, 0x0, 0x0,
    0x0, 0x0, 0x0,

    /* U+96FE "雾" */
    0x0, 0xcf, 0xff, 0xff, 0xff, 0xff, 0xff, 0xff,
    0xf9, 0x0, 0x4, 0x78, 0x88, 0x88, 0xbf, 0xf8,
    0x88, 0x88, 0x86, 0x40, 0xe, 0xff, 0xff, 0xff,
    0xff, 0xff, 0xff, 0xff, 0xff, 0xd0, 0xe, 0xf4,
    0x99, 0x98, 0x6f, 0xf3, 0x88, 0x87, 0x6f, 0xd0,
    0xe, 0xf4, 0x99, 0x98, 0x5f, 0xf3, 0x99, 0x99,
    0x6f, 0xd0, 0xc, 0xd4, 0xff, 0xfd, 0x5f, 0xf5,
    0xee, 0xed, 0x5d, 0xb0, 0x0, 0x0, 0x34, 0x85,
    0x4c, 0xc2, 0x55, 0x55, 0x0, 0x0, 0x0, 0x0,
    0x4d, 0xff, 0x88, 0x88, 0x88, 0x88, 0x80, 0x0,
    0x1, 0x6c, 0xff, 0xff, 0xff, 0xff, 0xff, 0xff,
    0xe2, 0x0, 0x4, 0xff, 0xdf, 0xe9, 0x40, 0x4,
    0x9f, 0xfa, 0x10, 0x0, 0x0, 0x52, 0x15, 0xef,
    0xff, 0xff, 0xff, 0x85, 0x54, 0x42, 0x3d, 0xef,
    0xff, 0xff, 0xfc, 0xdf, 0xff, 0xff, 0xff, 0xf2,
    0xe, 0xdc, 0xa8, 0x63, 0x6a, 0x80, 0x23, 0x56,
    0x77, 0x50, 0x0, 0x5b, 0xbb, 0xbb, 0xef, 0xeb,
    0xbb, 0xbb, 0x80, 0x0, 0x0, 0x7f, 0xff, 0xff,
    0xff, 0xff, 0xff, 0xff, 0xa0, 0x0, 0x0, 0x0,
    0x3, 0xaf, 0xf6, 0x0, 0x0, 0xaf, 0x80, 0x0,
    0x0, 0x8b, 0xef, 0xfd, 0x40, 0x6, 0xbb, 0xff,
    0x40, 0x0, 0x0, 0x6f, 0xea, 0x40, 0x0, 0x3,
    0xff, 0xf9, 0x0, 0x0, 0x0, 0x1, 0x0, 0x0,
    0x0, 0x0, 0x0, 0x0, 0x0, 0x0,

    /* U+9700 "需" */
    0x7, 0xff, 0xff, 0xff, 0xff, 0xff, 0xff, 0xff,
    0x60, 0x4, 0xaa, 0xaa, 0xab, 0xff, 0xba, 0xaa,
    0xaa, 0x40, 0x8a, 0xaa, 0xaa, 0xab, 0xff, 0xba,
    0xaa, 0xaa, 0xa8, 0xdf, 0xff, 0xff, 0xff, 0xff,
    0xff, 0xff, 0xff, 0xfd, 0xdf, 0x56, 0x66, 0x63,
    0xff, 0x26, 0x66, 0x56, 0xfd, 0xdf, 0x5f, 0xff,
    0xf4, 0xff, 0x4f, 0xff, 0xf6, 0xfd, 0x45, 0x47,
    0x77, 0x74, 0xff, 0x37, 0x77, 0x74, 0x54, 0x0,
    0x6f, 0xff, 0xf4, 0xff, 0x4f, 0xff, 0xf6, 0x0,
    0x78, 0x88, 0x88, 0x88, 0xaa, 0x88, 0x88, 0x88,
    0x87, 0xef, 0xff, 0xff, 0xff, 0xff, 0xff, 0xff,
    0xff, 0xfe, 0x45, 0x55, 0x55, 0x59, 0xff, 0x55,
    0x55, 0x55, 0x54, 0x2, 0x55, 0x55, 0x5b, 0xfd,
    0x55, 0x55, 0x65, 0x40, 0x6, 0xff, 0xff, 0xff,
    0xff, 0xff, 0xff, 0xff, 0xd0, 0x6, 0xfe, 0x89,
    0xff, 0x98, 0xef, 0xb8, 0xbf, 0xd0, 0x6, 0xfd,
    0x1, 0xff, 0x10, 0xcf, 0x50, 0x7f, 0xd0, 0x6,
    0xfd, 0x1, 0xff, 0x10, 0xcf, 0x50, 0x7f, 0xd0,
    0x6, 0xfd, 0x1, 0xff, 0x10, 0xcf, 0x6c, 0xef,
    0xd0, 0x6, 0xfd, 0x1, 0xff, 0x10, 0xcf, 0x59,
    0xff, 0x60, 0x0, 0x11, 0x0, 0x0, 0x0, 0x0,
    0x0, 0x10, 0x0,

    /* U+97F3 "音" */
    0x0, 0x0, 0x0, 0x6, 0xce, 0x10, 0x0, 0x0,
    0x0, 0x0, 0x22, 0x22, 0x22, 0x6f, 0xf9, 0x22,
    0x22, 0x22, 0x0, 0xe, 0xff, 0xff, 0xff, 0xff,
    0xff, 0xff, 0xff, 0xf1, 0x0, 0xdf, 0xff, 0xff,
    0xff, 0xff, 0xff, 0xff, 0xff, 0x10, 0x0, 0x2,
    0xef, 0x50, 0x0, 0x2, 0xff, 0x70, 0x0, 0x0,
    0x0, 0xd, 0xfd, 0x0, 0x0, 0x9f, 0xf2, 0x0,
    0x0, 0xff, 0xff, 0xff, 0xff, 0xff, 0xff, 0xff,
    0xff, 0xff, 0xf, 0xff, 0xff, 0xff, 0xff, 0xff,
    0xff, 0xff, 0xff, 0xf0, 0x33, 0x33, 0x33, 0x33,
    0x33, 0x33, 0x33, 0x33, 0x33, 0x0, 0x1, 0x33,
    0x33, 0x33, 0x33, 0x33, 0x33, 0x20, 0x0, 0x0,
    0x8f, 0xff, 0xff, 0xff, 0xff, 0xff, 0xfb, 0x0,
    0x0, 0x8, 0xff, 0xcc, 0xcc, 0xcc, 0xcc, 0xff,
    0xb0, 0x0, 0x0, 0x8f, 0xe0, 0x0, 0x0, 0x0,
    0xc, 0xfb, 0x0, 0x0, 0x8, 0xff, 0xff, 0xff,
    0xff, 0xff, 0xff, 0xb0, 0x0, 0x0, 0x8f, 0xfc,
    0xcc, 0xcc, 0xcc, 0xcf, 0xfb, 0x0, 0x0, 0x8,
    0xfe, 0x0, 0x0, 0x0, 0x0, 0xcf, 0xb0, 0x0,
    0x0, 0x8f, 0xff, 0xff, 0xff, 0xff, 0xff, 0xfb,
    0x0, 0x0, 0x8, 0xff, 0xff, 0xff, 0xff, 0xff,
    0xff, 0xb0, 0x0, 0x0, 0x8f, 0xe0, 0x0, 0x0,
    0x0, 0xc, 0xfb, 0x0, 0x0, 0x0, 0x0, 0x0,
    0x0, 0x0, 0x0, 0x0, 0x0, 0x0,

    /* U+FF0C "，" */
    0x7, 0xda, 0x13, 0xff, 0xf9, 0x2f, 0xff, 0xc0,
    0x6c, 0xfc, 0x0, 0x7f, 0x80, 0x7f, 0xe1, 0x9f,
    0xe3, 0x3, 0x81, 0x0
};


/*---------------------
 *  GLYPH DESCRIPTION
 *--------------------*/

static const lv_font_fmt_txt_glyph_dsc_t glyph_dsc[] = {
    {.bitmap_index = 0, .adv_w = 0, .box_w = 0, .box_h = 0, .ofs_x = 0, .ofs_y = 0} /* id = 0 reserved */,
    {.bitmap_index = 0, .adv_w = 73, .box_w = 0, .box_h = 0, .ofs_x = 0, .ofs_y = 0},
    {.bitmap_index = 0, .adv_w = 118, .box_w = 5, .box_h = 15, .ofs_x = 1, .ofs_y = 0},
    {.bitmap_index = 38, .adv_w = 184, .box_w = 9, .box_h = 8, .ofs_x = 1, .ofs_y = 9},
    {.bitmap_index = 74, .adv_w = 189, .box_w = 12, .box_h = 15, .ofs_x = 0, .ofs_y = 0},
    {.bitmap_index = 164, .adv_w = 189, .box_w = 11, .box_h = 21, .ofs_x = 0, .ofs_y = -3},
    {.bitmap_index = 280, .adv_w = 308, .box_w = 19, .box_h = 15, .ofs_x = 0, .ofs_y = 0},
    {.bitmap_index = 423, .adv_w = 237, .box_w = 15, .box_h = 15, .ofs_x = 0, .ofs_y = 0},
    {.bitmap_index = 536, .adv_w = 104, .box_w = 4, .box_h = 8, .ofs_x = 1, .ofs_y = 9},
    {.bitmap_index = 552, .adv_w = 121, .box_w = 6, .box_h = 23, .ofs_x = 1, .ofs_y = -5},
    {.bitmap_index = 621, .adv_w = 121, .box_w = 5, .box_h = 23, .ofs_x = 1, .ofs_y = -5},
    {.bitmap_index = 679, .adv_w = 162, .box_w = 9, .box_h = 9, .ofs_x = 1, .ofs_y = 8},
    {.bitmap_index = 720, .adv_w = 189, .box_w = 12, .box_h = 12, .ofs_x = 0, .ofs_y = 2},
    {.bitmap_index = 792, .adv_w = 104, .box_w = 5, .box_h = 9, .ofs_x = 1, .ofs_y = -5},
    {.bitmap_index = 815, .adv_w = 118, .box_w = 7, .box_h = 3, .ofs_x = 0, .ofs_y = 5},
    {.bitmap_index = 826, .adv_w = 104, .box_w = 5, .box_h = 5, .ofs_x = 1, .ofs_y = 0},
    {.bitmap_index = 839, .adv_w = 124, .box_w = 8, .box_h = 21, .ofs_x = 0, .ofs_y = -4},
    {.bitmap_index = 923, .adv_w = 189, .box_w = 11, .box_h = 15, .ofs_x = 0, .ofs_y = 0},
    {.bitmap_index = 1006, .adv_w = 189, .box_w = 10, .box_h = 15, .ofs_x = 1, .ofs_y = 0},
    {.bitmap_index = 1081, .adv_w = 189, .box_w = 11, .box_h = 15, .ofs_x = 0, .ofs_y = 0},
    {.bitmap_index = 1164, .adv_w = 189, .box_w = 11, .box_h = 15, .ofs_x = 0, .ofs_y = 0},
    {.bitmap_index = 1247, .adv_w = 189, .box_w = 12, .box_h = 15, .ofs_x = 0, .ofs_y = 0},
    {.bitmap_index = 1337, .adv_w = 189, .box_w = 11, .box_h = 15, .ofs_x = 0, .ofs_y = 0},
    {.bitmap_index = 1420, .adv_w = 189, .box_w = 10, .box_h = 15, .ofs_x = 1, .ofs_y = 0},
    {.bitmap_index = 1495, .adv_w = 189, .box_w = 10, .box_h = 15, .ofs_x = 1, .ofs_y = 0},
    {.bitmap_index = 1570, .adv_w = 189, .box_w = 11, .box_h = 15, .ofs_x = 0, .ofs_y = 0},
    {.bitmap_index = 1653, .adv_w = 189, .box_w = 11, .box_h = 15, .ofs_x = 0, .ofs_y = 0},
    {.bitmap_index = 1736, .adv_w = 104, .box_w = 5, .box_h = 12, .ofs_x = 1, .ofs_y = 0},
    {.bitmap_index = 1766, .adv_w = 104, .box_w = 5, .box_h = 17, .ofs_x = 1, .ofs_y = -5},
    {.bitmap_index = 1809, .adv_w = 189, .box_w = 12, .box_h = 12, .ofs_x = 0, .ofs_y = 2},
    {.bitmap_index = 1881, .adv_w = 189, .box_w = 12, .box_h = 8, .ofs_x = 0, .ofs_y = 4},
    {.bitmap_index = 1929, .adv_w = 189, .box_w = 12, .box_h = 12, .ofs_x = 0, .ofs_y = 2},
    {.bitmap_index = 2001, .adv_w = 164, .box_w = 10, .box_h = 15, .ofs_x = 0, .ofs_y = 0},
    {.bitmap_index = 2076, .adv_w = 322, .box_w = 18, .box_h = 20, .ofs_x = 1, .ofs_y = -5},
    {.bitmap_index = 2256, .adv_w = 205, .box_w = 14, .box_h = 15, .ofs_x = -1, .ofs_y = 0},
    {.bitmap_index = 2361, .adv_w = 218, .box_w = 12, .box_h = 15, .ofs_x = 1, .ofs_y = 0},
    {.bitmap_index = 2451, .adv_w = 210, .box_w = 12, .box_h = 15, .ofs_x = 1, .ofs_y = 0},
    {.bitmap_index = 2541, .adv_w = 228, .box_w = 13, .box_h = 15, .ofs_x = 1, .ofs_y = 0},
    {.bitmap_index = 2639, .adv_w = 197, .box_w = 11, .box_h = 15, .ofs_x = 1, .ofs_y = 0},
    {.bitmap_index = 2722, .adv_w = 187, .box_w = 10, .box_h = 15, .ofs_x = 1, .ofs_y = 0},
    {.bitmap_index = 2797, .adv_w = 229, .box_w = 12, .box_h = 15, .ofs_x = 1, .ofs_y = 0},
    {.bitmap_index = 2887, .adv_w = 242, .box_w = 13, .box_h = 15, .ofs_x = 1, .ofs_y = 0},
    {.bitmap_index = 2985, .adv_w = 106, .box_w = 4, .box_h = 15, .ofs_x = 1, .ofs_y = 0},
    {.bitmap_index = 3015, .adv_w = 182, .box_w = 10, .box_h = 15, .ofs_x = 0, .ofs_y = 0},
    {.bitmap_index = 3090, .adv_w = 220, .box_w = 13, .box_h = 15, .ofs_x = 1, .ofs_y = 0},
    {.bitmap_index = 3188, .adv_w = 185, .box_w = 10, .box_h = 15, .ofs_x = 1, .ofs_y = 0},
    {.bitmap_index = 3263, .adv_w = 273, .box_w = 15, .box_h = 15, .ofs_x = 1, .ofs_y = 0},
    {.bitmap_index = 3376, .adv_w = 240, .box_w = 13, .box_h = 15, .ofs_x = 1, .ofs_y = 0},
    {.bitmap_index = 3474, .adv_w = 246, .box_w = 14, .box_h = 15, .ofs_x = 1, .ofs_y = 0},
    {.bitmap_index = 3579, .adv_w = 213, .box_w = 12, .box_h = 15, .ofs_x = 1, .ofs_y = 0},
    {.bitmap_index = 3669, .adv_w = 246, .box_w = 14, .box_h = 19, .ofs_x = 1, .ofs_y = -4},
    {.bitmap_index = 3802, .adv_w = 218, .box_w = 13, .box_h = 15, .ofs_x = 1, .ofs_y = 0},
    {.bitmap_index = 3900, .adv_w = 200, .box_w = 12, .box_h = 15, .ofs_x = 0, .ofs_y = 0},
    {.bitmap_index = 3990, .adv_w = 200, .box_w = 12, .box_h = 15, .ofs_x = 0, .ofs_y = 0},
    {.bitmap_index = 4080, .adv_w = 239, .box_w = 13, .box_h = 15, .ofs_x = 1, .ofs_y = 0},
    {.bitmap_index = 4178, .adv_w = 198, .box_w = 14, .box_h = 15, .ofs_x = -1, .ofs_y = 0},
    {.bitmap_index = 4283, .adv_w = 293, .box_w = 18, .box_h = 15, .ofs_x = 0, .ofs_y = 0},
    {.bitmap_index = 4418, .adv_w = 201, .box_w = 13, .box_h = 15, .ofs_x = 0, .ofs_y = 0},
    {.bitmap_index = 4516, .adv_w = 186, .box_w = 13, .box_h = 15, .ofs_x = -1, .ofs_y = 0},
    {.bitmap_index = 4614, .adv_w = 196, .box_w = 12, .box_h = 15, .ofs_x = 0, .ofs_y = 0},
    {.bitmap_index = 4704, .adv_w = 121, .box_w = 5, .box_h = 21, .ofs_x = 2, .ofs_y = -4},
    {.bitmap_index = 4757, .adv_w = 124, .box_w = 8, .box_h = 21, .ofs_x = 0, .ofs_y = -4},
    {.bitmap_index = 4841, .adv_w = 121, .box_w = 6, .box_h = 21, .ofs_x = 0, .ofs_y = -4},
    {.bitmap_index = 4904, .adv_w = 189, .box_w = 10, .box_h = 10, .ofs_x = 1, .ofs_y = 7},
    {.bitmap_index = 4954, .adv_w = 181, .box_w = 12, .box_h = 2, .ofs_x = 0, .ofs_y = -3},
    {.bitmap_index = 4966, .adv_w = 200, .box_w = 6, .box_h = 7, .ofs_x = 2, .ofs_y = 13},
    {.bitmap_index = 4987, .adv_w = 189, .box_w = 10, .box_h = 12, .ofs_x = 1, .ofs_y = 0},
    {.bitmap_index = 5047, .adv_w = 206, .box_w = 11, .box_h = 17, .ofs_x = 1, .ofs_y = 0},
    {.bitmap_index = 5141, .adv_w = 169, .box_w = 10, .box_h = 12, .ofs_x = 0, .ofs_y = 0},
    {.bitmap_index = 5201, .adv_w = 206, .box_w = 12, .box_h = 17, .ofs_x = 0, .ofs_y = 0},
    {.bitmap_index = 5303, .adv_w = 186, .box_w = 11, .box_h = 12, .ofs_x = 0, .ofs_y = 0},
    {.bitmap_index = 5369, .adv_w = 119, .box_w = 9, .box_h = 17, .ofs_x = 0, .ofs_y = 0},
    {.bitmap_index = 5446, .adv_w = 191, .box_w = 12, .box_h = 16, .ofs_x = 0, .ofs_y = -4},
    {.bitmap_index = 5542, .adv_w = 205, .box_w = 11, .box_h = 17, .ofs_x = 1, .ofs_y = 0},
    {.bitmap_index = 5636, .adv_w = 97, .box_w = 4, .box_h = 17, .ofs_x = 1, .ofs_y = 0},
    {.bitmap_index = 5670, .adv_w = 98, .box_w = 7, .box_h = 21, .ofs_x = -2, .ofs_y = -4},
    {.bitmap_index = 5744, .adv_w = 193, .box_w = 11, .box_h = 17, .ofs_x = 1, .ofs_y = 0},
    {.bitmap_index = 5838, .adv_w = 101, .box_w = 5, .box_h = 17, .ofs_x = 1, .ofs_y = 0},
    {.bitmap_index = 5881, .adv_w = 308, .box_w = 17, .box_h = 12, .ofs_x = 1, .ofs_y = 0},
    {.bitmap_index = 5983, .adv_w = 205, .box_w = 11, .box_h = 12, .ofs_x = 1, .ofs_y = 0},
    {.bitmap_index = 6049, .adv_w = 200, .box_w = 12, .box_h = 12, .ofs_x = 0, .ofs_y = 0},
    {.bitmap_index = 6121, .adv_w = 206, .box_w = 11, .box_h = 16, .ofs_x = 1, .ofs_y = -4},
    {.bitmap_index = 6209, .adv_w = 206, .box_w = 12, .box_h = 16, .ofs_x = 0, .ofs_y = -4},
    {.bitmap_index = 6305, .adv_w = 140, .box_w = 8, .box_h = 12, .ofs_x = 1, .ofs_y = 0},
    {.bitmap_index = 6353, .adv_w = 158, .box_w = 10, .box_h = 12, .ofs_x = 0, .ofs_y = 0},
    {.bitmap_index = 6413, .adv_w = 135, .box_w = 9, .box_h = 15, .ofs_x = 0, .ofs_y = 0},
    {.bitmap_index = 6481, .adv_w = 204, .box_w = 11, .box_h = 12, .ofs_x = 1, .ofs_y = 0},
    {.bitmap_index = 6547, .adv_w = 184, .box_w = 12, .box_h = 12, .ofs_x = 0, .ofs_y = 0},
    {.bitmap_index = 6619, .adv_w = 276, .box_w = 17, .box_h = 12, .ofs_x = 0, .ofs_y = 0},
    {.bitmap_index = 6721, .adv_w = 180, .box_w = 11, .box_h = 12, .ofs_x = 0, .ofs_y = 0},
    {.bitmap_index = 6787, .adv_w = 184, .box_w = 12, .box_h = 16, .ofs_x = 0, .ofs_y = -4},
    {.bitmap_index = 6883, .adv_w = 164, .box_w = 10, .box_h = 12, .ofs_x = 0, .ofs_y = 0},
    {.bitmap_index = 6943, .adv_w = 121, .box_w = 7, .box_h = 21, .ofs_x = 0, .ofs_y = -4},
    {.bitmap_index = 7017, .adv_w = 95, .box_w = 2, .box_h = 24, .ofs_x = 2, .ofs_y = -6},
    {.bitmap_index = 7041, .adv_w = 121, .box_w = 7, .box_h = 21, .ofs_x = 0, .ofs_y = -4},
    {.bitmap_index = 7115, .adv_w = 189, .box_w = 12, .box_h = 4, .ofs_x = 0, .ofs_y = 6},
    {.bitmap_index = 7139, .adv_w = 320, .box_w = 6, .box_h = 6, .ofs_x = 7, .ofs_y = 5},
    {.bitmap_index = 7157, .adv_w = 291, .box_w = 18, .box_h = 2, .ofs_x = 0, .ofs_y = 5},
    {.bitmap_index = 7175, .adv_w = 320, .box_w = 20, .box_h = 4, .ofs_x = 0, .ofs_y = 6},
    {.bitmap_index = 7215, .adv_w = 320, .box_w = 18, .box_h = 17, .ofs_x = 1, .ofs_y = -1},
    {.bitmap_index = 7368, .adv_w = 320, .box_w = 20, .box_h = 18, .ofs_x = 0, .ofs_y = -2},
    {.bitmap_index = 7548, .adv_w = 320, .box_w = 18, .box_h = 20, .ofs_x = 1, .ofs_y = -2},
    {.bitmap_index = 7728, .adv_w = 320, .box_w = 19, .box_h = 18, .ofs_x = 0, .ofs_y = -1},
    {.bitmap_index = 7899, .adv_w = 320, .box_w = 18, .box_h = 19, .ofs_x = 1, .ofs_y = -2},
    {.bitmap_index = 8070, .adv_w = 320, .box_w = 20, .box_h = 20, .ofs_x = 0, .ofs_y = -2},
    {.bitmap_index = 8270, .adv_w = 320, .box_w = 17, .box_h = 19, .ofs_x = 1, .ofs_y = -3},
    {.bitmap_index = 8432, .adv_w = 320, .box_w = 18, .box_h = 18, .ofs_x = 1, .ofs_y = -2},
    {.bitmap_index = 8594, .adv_w = 320, .box_w = 18, .box_h = 16, .ofs_x = 1, .ofs_y = -1},
    {.bitmap_index = 8738, .adv_w = 320, .box_w = 20, .box_h = 18, .ofs_x = 0, .ofs_y = -2},
    {.bitmap_index = 8918, .adv_w = 320, .box_w = 19, .box_h = 17, .ofs_x = 1, .ofs_y = -1},
    {.bitmap_index = 9080, .adv_w = 320, .box_w = 20, .box_h = 20, .ofs_x = 0, .ofs_y = -2},
    {.bitmap_index = 9280, .adv_w = 320, .box_w = 20, .box_h = 20, .ofs_x = 0, .ofs_y = -2},
    {.bitmap_index = 9480, .adv_w = 320, .box_w = 20, .box_h = 20, .ofs_x = 0, .ofs_y = -2},
    {.bitmap_index = 9680, .adv_w = 320, .box_w = 20, .box_h = 19, .ofs_x = 0, .ofs_y = -2},
    {.bitmap_index = 9870, .adv_w = 320, .box_w = 20, .box_h = 19, .ofs_x = 0, .ofs_y = -2},
    {.bitmap_index = 10060, .adv_w = 320, .box_w = 20, .box_h = 21, .ofs_x = 0, .ofs_y = -3},
    {.bitmap_index = 10270, .adv_w = 320, .box_w = 20, .box_h = 20, .ofs_x = 0, .ofs_y = -2},
    {.bitmap_index = 10470, .adv_w = 320, .box_w = 21, .box_h = 20, .ofs_x = 0, .ofs_y = -3},
    {.bitmap_index = 10680, .adv_w = 320, .box_w = 20, .box_h = 21, .ofs_x = 0, .ofs_y = -3},
    {.bitmap_index = 10890, .adv_w = 320, .box_w = 20, .box_h = 19, .ofs_x = 0, .ofs_y = -2},
    {.bitmap_index = 11080, .adv_w = 320, .box_w = 20, .box_h = 20, .ofs_x = 0, .ofs_y = -2},
    {.bitmap_index = 11280, .adv_w = 320, .box_w = 20, .box_h = 19, .ofs_x = 0, .ofs_y = -2},
    {.bitmap_index = 11470, .adv_w = 320, .box_w = 19, .box_h = 19, .ofs_x = 0, .ofs_y = -2},
    {.bitmap_index = 11651, .adv_w = 320, .box_w = 20, .box_h = 19, .ofs_x = 0, .ofs_y = -2},
    {.bitmap_index = 11841, .adv_w = 320, .box_w = 19, .box_h = 19, .ofs_x = 0, .ofs_y = -3},
    {.bitmap_index = 12022, .adv_w = 320, .box_w = 18, .box_h = 19, .ofs_x = 1, .ofs_y = -3},
    {.bitmap_index = 12193, .adv_w = 320, .box_w = 20, .box_h = 19, .ofs_x = 0, .ofs_y = -2},
    {.bitmap_index = 12383, .adv_w = 320, .box_w = 20, .box_h = 20, .ofs_x = 0, .ofs_y = -3},
    {.bitmap_index = 12583, .adv_w = 320, .box_w = 19, .box_h = 19, .ofs_x = 0, .ofs_y = -2},
    {.bitmap_index = 12764, .adv_w = 320, .box_w = 19, .box_h = 18, .ofs_x = 0, .ofs_y = -2},
    {.bitmap_index = 12935, .adv_w = 320, .box_w = 19, .box_h = 19, .ofs_x = 0, .ofs_y = -2},
    {.bitmap_index = 13116, .adv_w = 320, .box_w = 20, .box_h = 20, .ofs_x = 0, .ofs_y = -3},
    {.bitmap_index = 13316, .adv_w = 320, .box_w = 20, .box_h = 20, .ofs_x = 0, .ofs_y = -3},
    {.bitmap_index = 13516, .adv_w = 320, .box_w = 19, .box_h = 18, .ofs_x = 0, .ofs_y = -2},
    {.bitmap_index = 13687, .adv_w = 320, .box_w = 20, .box_h = 20, .ofs_x = 0, .ofs_y = -2},
    {.bitmap_index = 13887, .adv_w = 320, .box_w = 20, .box_h = 19, .ofs_x = 0, .ofs_y = -3},
    {.bitmap_index = 14077, .adv_w = 320, .box_w = 19, .box_h = 19, .ofs_x = 0, .ofs_y = -3},
    {.bitmap_index = 14258, .adv_w = 320, .box_w = 20, .box_h = 20, .ofs_x = 0, .ofs_y = -3},
    {.bitmap_index = 14458, .adv_w = 320, .box_w = 19, .box_h = 21, .ofs_x = 0, .ofs_y = -3},
    {.bitmap_index = 14658, .adv_w = 320, .box_w = 18, .box_h = 20, .ofs_x = 1, .ofs_y = -3},
    {.bitmap_index = 14838, .adv_w = 320, .box_w = 19, .box_h = 19, .ofs_x = 0, .ofs_y = -3},
    {.bitmap_index = 15019, .adv_w = 320, .box_w = 20, .box_h = 20, .ofs_x = 0, .ofs_y = -2},
    {.bitmap_index = 15219, .adv_w = 320, .box_w = 18, .box_h = 20, .ofs_x = 1, .ofs_y = -2},
    {.bitmap_index = 15399, .adv_w = 320, .box_w = 20, .box_h = 19, .ofs_x = 0, .ofs_y = -3},
    {.bitmap_index = 15589, .adv_w = 320, .box_w = 18, .box_h = 18, .ofs_x = 1, .ofs_y = -2},
    {.bitmap_index = 15751, .adv_w = 320, .box_w = 18, .box_h = 18, .ofs_x = 1, .ofs_y = -2},
    {.bitmap_index = 15913, .adv_w = 320, .box_w = 19, .box_h = 19, .ofs_x = 0, .ofs_y = -2},
    {.bitmap_index = 16094, .adv_w = 320, .box_w = 19, .box_h = 19, .ofs_x = 0, .ofs_y = -2},
    {.bitmap_index = 16275, .adv_w = 320, .box_w = 20, .box_h = 20, .ofs_x = 0, .ofs_y = -3},
    {.bitmap_index = 16475, .adv_w = 320, .box_w = 20, .box_h = 21, .ofs_x = 0, .ofs_y = -3},
    {.bitmap_index = 16685, .adv_w = 320, .box_w = 18, .box_h = 19, .ofs_x = 1, .ofs_y = -2},
    {.bitmap_index = 16856, .adv_w = 320, .box_w = 20, .box_h = 18, .ofs_x = 0, .ofs_y = -2},
    {.bitmap_index = 17036, .adv_w = 320, .box_w = 20, .box_h = 19, .ofs_x = 0, .ofs_y = -2},
    {.bitmap_index = 17226, .adv_w = 320, .box_w = 20, .box_h = 21, .ofs_x = 0, .ofs_y = -3},
    {.bitmap_index = 17436, .adv_w = 320, .box_w = 19, .box_h = 21, .ofs_x = 0, .ofs_y = -3},
    {.bitmap_index = 17636, .adv_w = 320, .box_w = 20, .box_h = 21, .ofs_x = 0, .ofs_y = -3},
    {.bitmap_index = 17846, .adv_w = 320, .box_w = 20, .box_h = 20, .ofs_x = 0, .ofs_y = -2},
    {.bitmap_index = 18046, .adv_w = 320, .box_w = 20, .box_h = 19, .ofs_x = 0, .ofs_y = -3},
    {.bitmap_index = 18236, .adv_w = 320, .box_w = 19, .box_h = 16, .ofs_x = 0, .ofs_y = -1},
    {.bitmap_index = 18388, .adv_w = 320, .box_w = 19, .box_h = 18, .ofs_x = 1, .ofs_y = -2},
    {.bitmap_index = 18559, .adv_w = 320, .box_w = 18, .box_h = 19, .ofs_x = 1, .ofs_y = -2},
    {.bitmap_index = 18730, .adv_w = 320, .box_w = 20, .box_h = 19, .ofs_x = 0, .ofs_y = -2},
    {.bitmap_index = 18920, .adv_w = 320, .box_w = 20, .box_h = 19, .ofs_x = 0, .ofs_y = -3},
    {.bitmap_index = 19110, .adv_w = 320, .box_w = 19, .box_h = 20, .ofs_x = 1, .ofs_y = -2},
    {.bitmap_index = 19300, .adv_w = 320, .box_w = 20, .box_h = 21, .ofs_x = 0, .ofs_y = -3},
    {.bitmap_index = 19510, .adv_w = 320, .box_w = 20, .box_h = 20, .ofs_x = 0, .ofs_y = -2},
    {.bitmap_index = 19710, .adv_w = 320, .box_w = 20, .box_h = 21, .ofs_x = 0, .ofs_y = -3},
    {.bitmap_index = 19920, .adv_w = 320, .box_w = 19, .box_h = 19, .ofs_x = 0, .ofs_y = -2},
    {.bitmap_index = 20101, .adv_w = 320, .box_w = 20, .box_h = 19, .ofs_x = 0, .ofs_y = -2},
    {.bitmap_index = 20291, .adv_w = 320, .box_w = 20, .box_h = 20, .ofs_x = 0, .ofs_y = -3},
    {.bitmap_index = 20491, .adv_w = 320, .box_w = 20, .box_h = 19, .ofs_x = 0, .ofs_y = -2},
    {.bitmap_index = 20681, .adv_w = 320, .box_w = 20, .box_h = 21, .ofs_x = 0, .ofs_y = -3},
    {.bitmap_index = 20891, .adv_w = 320, .box_w = 20, .box_h = 20, .ofs_x = 0, .ofs_y = -3},
    {.bitmap_index = 21091, .adv_w = 320, .box_w = 20, .box_h = 20, .ofs_x = 0, .ofs_y = -3},
    {.bitmap_index = 21291, .adv_w = 320, .box_w = 20, .box_h = 20, .ofs_x = 0, .ofs_y = -3},
    {.bitmap_index = 21491, .adv_w = 320, .box_w = 20, .box_h = 19, .ofs_x = 0, .ofs_y = -2},
    {.bitmap_index = 21681, .adv_w = 320, .box_w = 20, .box_h = 19, .ofs_x = 0, .ofs_y = -2},
    {.bitmap_index = 21871, .adv_w = 320, .box_w = 20, .box_h = 19, .ofs_x = 0, .ofs_y = -2},
    {.bitmap_index = 22061, .adv_w = 320, .box_w = 19, .box_h = 20, .ofs_x = 1, .ofs_y = -3},
    {.bitmap_index = 22251, .adv_w = 320, .box_w = 20, .box_h = 20, .ofs_x = 0, .ofs_y = -2},
    {.bitmap_index = 22451, .adv_w = 320, .box_w = 15, .box_h = 19, .ofs_x = 3, .ofs_y = -3},
    {.bitmap_index = 22594, .adv_w = 320, .box_w = 19, .box_h = 19, .ofs_x = 1, .ofs_y = -2},
    {.bitmap_index = 22775, .adv_w = 320, .box_w = 19, .box_h = 19, .ofs_x = 1, .ofs_y = -2},
    {.bitmap_index = 22956, .adv_w = 320, .box_w = 20, .box_h = 20, .ofs_x = 0, .ofs_y = -3},
    {.bitmap_index = 23156, .adv_w = 320, .box_w = 20, .box_h = 19, .ofs_x = 0, .ofs_y = -3},
    {.bitmap_index = 23346, .adv_w = 320, .box_w = 17, .box_h = 19, .ofs_x = 0, .ofs_y = -3},
    {.bitmap_index = 23508, .adv_w = 320, .box_w = 19, .box_h = 20, .ofs_x = 0, .ofs_y = -3},
    {.bitmap_index = 23698, .adv_w = 320, .box_w = 20, .box_h = 19, .ofs_x = 0, .ofs_y = -2},
    {.bitmap_index = 23888, .adv_w = 320, .box_w = 20, .box_h = 19, .ofs_x = 0, .ofs_y = -2},
    {.bitmap_index = 24078, .adv_w = 320, .box_w = 20, .box_h = 19, .ofs_x = 0, .ofs_y = -2},
    {.bitmap_index = 24268, .adv_w = 320, .box_w = 20, .box_h = 19, .ofs_x = 0, .ofs_y = -2},
    {.bitmap_index = 24458, .adv_w = 320, .box_w = 20, .box_h = 20, .ofs_x = 0, .ofs_y = -3},
    {.bitmap_index = 24658, .adv_w = 320, .box_w = 20, .box_h = 19, .ofs_x = 0, .ofs_y = -2},
    {.bitmap_index = 24848, .adv_w = 320, .box_w = 20, .box_h = 20, .ofs_x = 0, .ofs_y = -2},
    {.bitmap_index = 25048, .adv_w = 320, .box_w = 20, .box_h = 20, .ofs_x = 0, .ofs_y = -3},
    {.bitmap_index = 25248, .adv_w = 320, .box_w = 20, .box_h = 20, .ofs_x = 0, .ofs_y = -2},
    {.bitmap_index = 25448, .adv_w = 320, .box_w = 20, .box_h = 18, .ofs_x = 0, .ofs_y = -2},
    {.bitmap_index = 25628, .adv_w = 320, .box_w = 20, .box_h = 19, .ofs_x = 0, .ofs_y = -2},
    {.bitmap_index = 25818, .adv_w = 320, .box_w = 20, .box_h = 21, .ofs_x = 0, .ofs_y = -3},
    {.bitmap_index = 26028, .adv_w = 320, .box_w = 20, .box_h = 21, .ofs_x = 0, .ofs_y = -3},
    {.bitmap_index = 26238, .adv_w = 320, .box_w = 20, .box_h = 19, .ofs_x = 0, .ofs_y = -2},
    {.bitmap_index = 26428, .adv_w = 320, .box_w = 20, .box_h = 20, .ofs_x = 0, .ofs_y = -3},
    {.bitmap_index = 26628, .adv_w = 320, .box_w = 20, .box_h = 19, .ofs_x = 0, .ofs_y = -2},
    {.bitmap_index = 26818, .adv_w = 320, .box_w = 20, .box_h = 20, .ofs_x = 0, .ofs_y = -2},
    {.bitmap_index = 27018, .adv_w = 320, .box_w = 20, .box_h = 19, .ofs_x = 0, .ofs_y = -2},
    {.bitmap_index = 27208, .adv_w = 320, .box_w = 20, .box_h = 19, .ofs_x = 0, .ofs_y = -2},
    {.bitmap_index = 27398, .adv_w = 320, .box_w = 20, .box_h = 21, .ofs_x = 0, .ofs_y = -3},
    {.bitmap_index = 27608, .adv_w = 320, .box_w = 20, .box_h = 19, .ofs_x = 0, .ofs_y = -3},
    {.bitmap_index = 27798, .adv_w = 320, .box_w = 20, .box_h = 19, .ofs_x = 0, .ofs_y = -2},
    {.bitmap_index = 27988, .adv_w = 320, .box_w = 18, .box_h = 19, .ofs_x = 0, .ofs_y = -3},
    {.bitmap_index = 28159, .adv_w = 320, .box_w = 15, .box_h = 18, .ofs_x = 2, .ofs_y = -2},
    {.bitmap_index = 28294, .adv_w = 320, .box_w = 19, .box_h = 19, .ofs_x = 0, .ofs_y = -2},
    {.bitmap_index = 28475, .adv_w = 320, .box_w = 20, .box_h = 20, .ofs_x = 0, .ofs_y = -2},
    {.bitmap_index = 28675, .adv_w = 320, .box_w = 20, .box_h = 20, .ofs_x = 0, .ofs_y = -3},
    {.bitmap_index = 28875, .adv_w = 320, .box_w = 18, .box_h = 19, .ofs_x = 1, .ofs_y = -2},
    {.bitmap_index = 29046, .adv_w = 320, .box_w = 20, .box_h = 20, .ofs_x = 0, .ofs_y = -3},
    {.bitmap_index = 29246, .adv_w = 320, .box_w = 19, .box_h = 20, .ofs_x = 0, .ofs_y = -3},
    {.bitmap_index = 29436, .adv_w = 320, .box_w = 20, .box_h = 19, .ofs_x = 0, .ofs_y = -2},
    {.bitmap_index = 29626, .adv_w = 320, .box_w = 20, .box_h = 19, .ofs_x = 0, .ofs_y = -2},
    {.bitmap_index = 29816, .adv_w = 320, .box_w = 20, .box_h = 19, .ofs_x = 0, .ofs_y = -2},
    {.bitmap_index = 30006, .adv_w = 320, .box_w = 20, .box_h = 20, .ofs_x = 0, .ofs_y = -2},
    {.bitmap_index = 30206, .adv_w = 320, .box_w = 19, .box_h = 19, .ofs_x = 1, .ofs_y = -2},
    {.bitmap_index = 30387, .adv_w = 320, .box_w = 20, .box_h = 21, .ofs_x = 0, .ofs_y = -3},
    {.bitmap_index = 30597, .adv_w = 320, .box_w = 20, .box_h = 20, .ofs_x = 0, .ofs_y = -2},
    {.bitmap_index = 30797, .adv_w = 320, .box_w = 20, .box_h = 21, .ofs_x = 0, .ofs_y = -3},
    {.bitmap_index = 31007, .adv_w = 320, .box_w = 20, .box_h = 20, .ofs_x = 0, .ofs_y = -3},
    {.bitmap_index = 31207, .adv_w = 320, .box_w = 20, .box_h = 21, .ofs_x = 0, .ofs_y = -3},
    {.bitmap_index = 31417, .adv_w = 320, .box_w = 20, .box_h = 20, .ofs_x = 0, .ofs_y = -2},
    {.bitmap_index = 31617, .adv_w = 320, .box_w = 20, .box_h = 20, .ofs_x = 0, .ofs_y = -3},
    {.bitmap_index = 31817, .adv_w = 320, .box_w = 18, .box_h = 18, .ofs_x = 1, .ofs_y = -2},
    {.bitmap_index = 31979, .adv_w = 320, .box_w = 19, .box_h = 18, .ofs_x = 1, .ofs_y = -2},
    {.bitmap_index = 32150, .adv_w = 320, .box_w = 20, .box_h = 19, .ofs_x = 0, .ofs_y = -2},
    {.bitmap_index = 32340, .adv_w = 320, .box_w = 18, .box_h = 20, .ofs_x = 1, .ofs_y = -2},
    {.bitmap_index = 32520, .adv_w = 320, .box_w = 16, .box_h = 20, .ofs_x = 2, .ofs_y = -3},
    {.bitmap_index = 32680, .adv_w = 320, .box_w = 19, .box_h = 19, .ofs_x = 1, .ofs_y = -2},
    {.bitmap_index = 32861, .adv_w = 320, .box_w = 20, .box_h = 19, .ofs_x = 0, .ofs_y = -2},
    {.bitmap_index = 33051, .adv_w = 320, .box_w = 20, .box_h = 19, .ofs_x = 0, .ofs_y = -2},
    {.bitmap_index = 33241, .adv_w = 320, .box_w = 20, .box_h = 21, .ofs_x = 0, .ofs_y = -3},
    {.bitmap_index = 33451, .adv_w = 320, .box_w = 20, .box_h = 19, .ofs_x = 0, .ofs_y = -2},
    {.bitmap_index = 33641, .adv_w = 320, .box_w = 20, .box_h = 19, .ofs_x = 0, .ofs_y = -2},
    {.bitmap_index = 33831, .adv_w = 320, .box_w = 20, .box_h = 19, .ofs_x = 0, .ofs_y = -2},
    {.bitmap_index = 34021, .adv_w = 320, .box_w = 20, .box_h = 20, .ofs_x = 0, .ofs_y = -3},
    {.bitmap_index = 34221, .adv_w = 320, .box_w = 20, .box_h = 19, .ofs_x = 0, .ofs_y = -2},
    {.bitmap_index = 34411, .adv_w = 320, .box_w = 20, .box_h = 19, .ofs_x = 0, .ofs_y = -2},
    {.bitmap_index = 34601, .adv_w = 320, .box_w = 19, .box_h = 19, .ofs_x = 0, .ofs_y = -2},
    {.bitmap_index = 34782, .adv_w = 320, .box_w = 20, .box_h = 19, .ofs_x = 0, .ofs_y = -2},
    {.bitmap_index = 34972, .adv_w = 320, .box_w = 20, .box_h = 20, .ofs_x = 0, .ofs_y = -3},
    {.bitmap_index = 35172, .adv_w = 320, .box_w = 20, .box_h = 19, .ofs_x = 0, .ofs_y = -2},
    {.bitmap_index = 35362, .adv_w = 320, .box_w = 20, .box_h = 21, .ofs_x = 0, .ofs_y = -3},
    {.bitmap_index = 35572, .adv_w = 320, .box_w = 20, .box_h = 21, .ofs_x = 0, .ofs_y = -3},
    {.bitmap_index = 35782, .adv_w = 320, .box_w = 20, .box_h = 20, .ofs_x = 0, .ofs_y = -3},
    {.bitmap_index = 35982, .adv_w = 320, .box_w = 20, .box_h = 21, .ofs_x = 0, .ofs_y = -3},
    {.bitmap_index = 36192, .adv_w = 320, .box_w = 20, .box_h = 20, .ofs_x = 0, .ofs_y = -3},
    {.bitmap_index = 36392, .adv_w = 320, .box_w = 20, .box_h = 18, .ofs_x = 0, .ofs_y = -2},
    {.bitmap_index = 36572, .adv_w = 320, .box_w = 20, .box_h = 18, .ofs_x = 0, .ofs_y = -1},
    {.bitmap_index = 36752, .adv_w = 320, .box_w = 20, .box_h = 18, .ofs_x = 0, .ofs_y = -2},
    {.bitmap_index = 36932, .adv_w = 320, .box_w = 20, .box_h = 19, .ofs_x = 0, .ofs_y = -2},
    {.bitmap_index = 37122, .adv_w = 320, .box_w = 20, .box_h = 20, .ofs_x = 0, .ofs_y = -2},
    {.bitmap_index = 37322, .adv_w = 320, .box_w = 21, .box_h = 19, .ofs_x = 0, .ofs_y = -2},
    {.bitmap_index = 37522, .adv_w = 320, .box_w = 20, .box_h = 21, .ofs_x = 0, .ofs_y = -3},
    {.bitmap_index = 37732, .adv_w = 320, .box_w = 19, .box_h = 19, .ofs_x = 1, .ofs_y = -2},
    {.bitmap_index = 37913, .adv_w = 320, .box_w = 18, .box_h = 19, .ofs_x = 1, .ofs_y = -2},
    {.bitmap_index = 38084, .adv_w = 320, .box_w = 18, .box_h = 19, .ofs_x = 1, .ofs_y = -2},
    {.bitmap_index = 38255, .adv_w = 320, .box_w = 18, .box_h = 20, .ofs_x = 1, .ofs_y = -3},
    {.bitmap_index = 38435, .adv_w = 320, .box_w = 18, .box_h = 20, .ofs_x = 1, .ofs_y = -3},
    {.bitmap_index = 38615, .adv_w = 320, .box_w = 20, .box_h = 18, .ofs_x = 0, .ofs_y = -2},
    {.bitmap_index = 38795, .adv_w = 320, .box_w = 18, .box_h = 18, .ofs_x = 1, .ofs_y = -2},
    {.bitmap_index = 38957, .adv_w = 320, .box_w = 18, .box_h = 19, .ofs_x = 1, .ofs_y = -3},
    {.bitmap_index = 39128, .adv_w = 320, .box_w = 20, .box_h = 19, .ofs_x = 0, .ofs_y = -3},
    {.bitmap_index = 39318, .adv_w = 320, .box_w = 18, .box_h = 19, .ofs_x = 1, .ofs_y = -3},
    {.bitmap_index = 39489, .adv_w = 320, .box_w = 19, .box_h = 20, .ofs_x = 1, .ofs_y = -3},
    {.bitmap_index = 39679, .adv_w = 320, .box_w = 5, .box_h = 8, .ofs_x = 3, .ofs_y = -3}
};

/*---------------------
 *  CHARACTER MAPPING
 *--------------------*/

static const uint16_t unicode_list_1[] = {
    0x0, 0x1f5d, 0x4d49, 0x4d52, 0x4d56, 0x4d5c, 0x4d63, 0x4d76,
    0x4d99, 0x4da9, 0x4dcf, 0x4dd5, 0x4dda, 0x4ddd, 0x4e13, 0x4e5a,
    0x4e63, 0x4e9c, 0x4ea5, 0x4f2a, 0x4f37, 0x4f62, 0x4fa5, 0x50ae,
    0x50b1, 0x50b6, 0x50ba, 0x50bc, 0x50d6, 0x50e2, 0x510f, 0x514f,
    0x5179, 0x5180, 0x51e9, 0x51f1, 0x51fc, 0x52bc, 0x531a, 0x531f,
    0x5338, 0x5357, 0x5378, 0x5393, 0x53b1, 0x53c6, 0x5416, 0x55b1,
    0x5624, 0x5627, 0x5671, 0x5839, 0x5850, 0x5856, 0x5863, 0x5872,
    0x587a, 0x5914, 0x5aaf, 0x5ad5, 0x5b0f, 0x5b98, 0x5d2e, 0x5d3b,
    0x5d81, 0x5d9e, 0x5e49, 0x5e58, 0x5ece, 0x5fb8, 0x6159, 0x61b4,
    0x61b5, 0x61ee, 0x6232, 0x6252, 0x62ee, 0x6318, 0x6319, 0x64b9,
    0x64bd, 0x64d0, 0x64f6, 0x64f9, 0x652e, 0x653f, 0x65bd, 0x65cb,
    0x663d, 0x6651, 0x6652, 0x6673, 0x6675, 0x6678, 0x66a8, 0x66c8,
    0x672e, 0x681b, 0x696a, 0x6a6a, 0x6aac, 0x6aaf, 0x6afe, 0x6b18,
    0x6b5d, 0x6b81, 0x6bea, 0x6c31, 0x6cd1, 0x7002, 0x70cd, 0x72f9,
    0x7336, 0x7471, 0x7637, 0x7654, 0x7668, 0x7669, 0x76aa, 0x7736,
    0x774a, 0x791a, 0x7954, 0x7956, 0x7a14, 0x7a1f, 0x7a64, 0x7a75,
    0x7a92, 0x7e1c, 0x7e25, 0x7e30, 0x7e36, 0x7e9a, 0x7eb7, 0x7ed7,
    0x7ffb, 0x8133, 0x81cb, 0x823a, 0x87b1, 0x892c, 0x8aea, 0x8b07,
    0x8b1e, 0x8b36, 0x8b40, 0x8b47, 0x8b4c, 0x8c6e, 0x8ec6, 0x8edc,
    0x8f1d, 0x8f27, 0x8f52, 0x9031, 0x9096, 0x90db, 0x9116, 0x9118,
    0x93e8, 0x940c, 0x944a, 0x9477, 0x94c8, 0x9536, 0x953d, 0x9542,
    0x957d, 0x9631, 0x9633, 0x9640, 0x9647, 0x9649, 0x973c, 0xfe55
};

/*Collect the unicode lists and glyph_id offsets*/
static const lv_font_fmt_txt_cmap_t cmaps[] =
{
    {
        .range_start = 32, .range_length = 95, .glyph_id_start = 1,
        .unicode_list = NULL, .glyph_id_ofs_list = NULL, .list_length = 0, .type = LV_FONT_FMT_TXT_CMAP_FORMAT0_TINY
    },
    {
        .range_start = 183, .range_length = 65110, .glyph_id_start = 96,
        .unicode_list = unicode_list_1, .glyph_id_ofs_list = NULL, .list_length = 176, .type = LV_FONT_FMT_TXT_CMAP_SPARSE_TINY
    }
};

/*-----------------
 *    KERNING
 *----------------*/


/*Map glyph_ids to kern left classes*/
static const uint8_t kern_left_class_mapping[] =
{
    0, 0, 0, 1, 0, 0, 0, 0,
    1, 2, 0, 0, 0, 3, 4, 3,
    5, 0, 0, 0, 0, 0, 0, 0,
    0, 0, 0, 6, 6, 0, 0, 0,
    0, 0, 7, 8, 9, 10, 11, 12,
    13, 0, 0, 14, 15, 16, 0, 0,
    10, 17, 10, 18, 19, 20, 21, 22,
    23, 24, 25, 26, 2, 27, 0, 0,
    0, 0, 28, 29, 30, 0, 31, 32,
    33, 34, 0, 0, 35, 36, 34, 34,
    29, 29, 37, 38, 39, 40, 37, 41,
    42, 43, 44, 45, 2, 0, 0, 0,
    0, 4, 0, 0, 0, 0, 0, 0,
    0, 0, 0, 0, 0, 0, 0, 0,
    0, 0, 0, 0, 0, 0, 0, 0,
    0, 0, 0, 0, 0, 0, 0, 0,
    0, 0, 0, 0, 0, 0, 0, 0,
    0, 0, 0, 0, 0, 0, 0, 0,
    0, 0, 0, 0, 0, 0, 0, 0,
    0, 0, 0, 0, 0, 0, 0, 0,
    0, 0, 0, 0, 0, 0, 0, 0,
    0, 0, 0, 0, 0, 0, 0, 0,
    0, 0, 0, 0, 0, 0, 0, 0,
    0, 0, 0, 0, 0, 0, 0, 0,
    0, 0, 0, 0, 0, 0, 0, 0,
    0, 0, 0, 0, 0, 0, 0, 0,
    0, 0, 0, 0, 0, 0, 0, 0,
    0, 0, 0, 0, 0, 0, 0, 0,
    0, 0, 0, 0, 0, 0, 0, 0,
    0, 0, 0, 0, 0, 0, 0, 0,
    0, 0, 0, 0, 0, 0, 0, 0,
    0, 0, 0, 0, 0, 0, 0, 0,
    0, 0, 0, 0, 0, 0, 0, 0,
    0, 0, 0, 0, 0, 0, 0, 0
};

/*Map glyph_ids to kern right classes*/
static const uint8_t kern_right_class_mapping[] =
{
    0, 0, 1, 2, 0, 0, 0, 0,
    2, 0, 3, 4, 0, 5, 6, 7,
    8, 0, 0, 0, 0, 0, 0, 0,
    0, 0, 0, 9, 10, 0, 0, 0,
    11, 0, 12, 0, 13, 0, 0, 0,
    13, 0, 0, 14, 0, 0, 0, 0,
    13, 0, 13, 0, 15, 16, 17, 18,
    19, 20, 21, 22, 0, 23, 3, 0,
    0, 0, 24, 0, 25, 25, 25, 26,
    27, 0, 28, 29, 0, 0, 30, 30,
    25, 30, 25, 30, 31, 32, 33, 34,
    35, 36, 37, 38, 0, 0, 3, 0,
    0, 6, 0, 0, 0, 0, 0, 0,
    0, 0, 0, 0, 0, 0, 0, 0,
    0, 0, 0, 0, 0, 0, 0, 0,
    0, 0, 0, 0, 0, 0, 0, 0,
    0, 0, 0, 0, 0, 0, 0, 0,
    0, 0, 0, 0, 0, 0, 0, 0,
    0, 0, 0, 0, 0, 0, 0, 0,
    0, 0, 0, 0, 0, 0, 0, 0,
    0, 0, 0, 0, 0, 0, 0, 0,
    0, 0, 0, 0, 0, 0, 0, 0,
    0, 0, 0, 0, 0, 0, 0, 0,
    0, 0, 0, 0, 0, 0, 0, 0,
    0, 0, 0, 0, 0, 0, 0, 0,
    0, 0, 0, 0, 0, 0, 0, 0,
    0, 0, 0, 0, 0, 0, 0, 0,
    0, 0, 0, 0, 0, 0, 0, 0,
    0, 0, 0, 0, 0, 0, 0, 0,
    0, 0, 0, 0, 0, 0, 0, 0,
    0, 0, 0, 0, 0, 0, 0, 0,
    0, 0, 0, 0, 0, 0, 0, 0,
    0, 0, 0, 0, 0, 0, 0, 0,
    0, 0, 0, 0, 0, 0, 0, 0
};

/*Kern values between classes*/
static const int8_t kern_class_values[] =
{
    0, 0, 0, 0, -48, 0, -48, 0,
    0, 0, 0, -26, 0, -41, -5, 0,
    0, 0, 0, -5, 0, 0, 0, 0,
    -9, 0, 0, 0, 0, 0, -9, 0,
    0, 0, 0, 0, 0, 0, 0, 0,
    0, 0, 0, 0, 0, 0, 0, 0,
    0, 0, 0, -9, 0, 0, 0, 0,
    0, 0, 0, 0, 0, 0, 0, 0,
    0, 0, 27, 0, 0, 0, 0, 0,
    0, 0, 0, 0, 0, -44, 0, -59,
    0, 0, 0, 0, 0, 0, 0, 0,
    0, 0, 0, -38, -11, -28, -15, 0,
    -40, 0, 0, 0, -6, 0, 0, 0,
    10, 0, 0, -23, 0, -20, -13, 0,
    -9, 0, 0, 0, 0, 0, 0, 0,
    0, 0, 0, 0, 0, 0, 0, -9,
    -11, -21, 0, -9, -5, -14, -28, -9,
    0, 0, 0, 0, 0, 0, 0, 0,
    0, -10, 0, -7, 0, -8, 0, 0,
    0, 0, 0, 0, 0, 0, 0, 0,
    0, 0, 0, -16, -5, -31, 0, 0,
    0, 0, 0, 0, 0, 0, 0, -12,
    -10, 0, -5, 3, 3, 0, 0, -2,
    -9, 0, 0, 0, 0, 0, 0, 0,
    0, -15, 0, 0, 0, 0, 0, 0,
    0, 0, 0, 0, 0, 0, 0, 0,
    0, 0, -14, 0, 0, 0, 0, 0,
    0, 0, 0, 0, 0, 0, 0, 0,
    0, 0, 0, 0, 0, -26, 0, -33,
    0, 0, 0, 0, 0, 0, -14, -3,
    -5, 0, 0, -26, -7, -8, 0, -3,
    -8, -3, -16, 4, 0, -5, 0, 0,
    0, 0, 4, -8, -3, -7, -4, -4,
    -7, 0, 0, 0, 0, -13, 0, 0,
    0, 0, 0, 0, 0, 0, 0, -8,
    -8, -12, 0, -6, -4, -4, -8, -4,
    0, 0, 0, 0, 0, 0, 0, 0,
    0, -5, 0, -8, -5, -5, -8, 0,
    0, 0, 0, 0, 0, -14, 0, 0,
    0, 0, 0, 0, -14, -5, -12, -7,
    -8, -4, -4, -4, -7, -5, 0, 0,
    0, 0, -9, 0, 0, 0, 0, -14,
    -5, -8, -5, 0, -8, 0, 0, 0,
    0, -12, 0, 0, 0, -7, 0, 0,
    0, -5, 0, -20, 0, -12, 0, -5,
    -3, -11, -9, -9, 0, 0, 0, 0,
    0, 0, 0, 0, 0, 0, 0, 0,
    0, -8, 0, -7, 0, 0, 0, 0,
    0, 0, 0, 0, 0, 0, 0, 0,
    0, 0, 0, 0, 0, 0, 0, 0,
    0, 0, 0, 0, -5, 0, 0, 0,
    0, 0, 0, -12, 0, -5, 0, -17,
    -5, 0, 0, 0, 0, 0, -33, 0,
    -33, -22, 0, 0, 0, -16, -5, -51,
    -11, 0, 0, -3, -3, -12, -5, -13,
    0, -15, -8, 0, -12, 0, 0, -9,
    -11, -5, -8, -13, -10, -14, -10, -18,
    0, 0, 0, -10, 0, 0, 0, 0,
    0, 0, 0, -4, 0, 0, 0, -9,
    0, -8, -4, 0, 0, 0, 0, 0,
    0, 0, 0, 0, 0, 0, 0, 0,
    0, 0, 0, 0, 0, 0, 0, 0,
    0, 0, -12, 0, -12, 0, 0, 0,
    0, 0, 0, -16, 0, 0, 0, 0,
    0, 0, 0, 0, 0, 0, 0, 0,
    0, 0, 0, 0, 0, 0, 0, 0,
    0, 0, 0, 0, 0, -13, 0, -16,
    0, -18, 0, 0, 0, 0, -7, -5,
    -11, 0, -8, -11, -8, -8, -5, 0,
    -10, 0, 0, 0, -7, 0, 0, 0,
    -5, 0, 0, -19, -6, -13, -10, -10,
    -13, -8, 0, -46, 0, -62, 0, -19,
    0, 0, 0, 0, -19, -3, -14, 0,
    -12, -45, -14, -30, -23, 0, -32, 0,
    -31, 0, -6, -8, -4, 0, 0, 0,
    0, -11, -5, -19, -15, 0, -19, 0,
    0, 0, 0, 0, -47, -11, -47, -24,
    0, 0, 0, -20, 0, -54, -5, -8,
    0, 0, 0, -12, -5, -25, 0, -15,
    -10, 0, -9, 0, 0, 0, -5, 0,
    0, 0, 0, -8, 0, -9, 0, 0,
    0, -5, 0, -11, 0, 0, 0, 0,
    0, -4, 0, -7, -7, -8, 0, -4,
    -1, -4, -6, -5, 0, -4, -5, 0,
    -4, 0, 0, 0, 0, 0, 0, 0,
    0, -7, 0, -7, 0, 0, 0, -6,
    0, 4, 0, 0, 0, 0, 0, 0,
    0, -8, -8, -9, 0, 0, 0, 0,
    -8, 0, 0, 0, 0, 0, 0, 0,
    0, 0, 0, -12, 0, 0, 0, 0,
    0, -6, 0, 0, 0, 0, -43, -26,
    -43, -29, -9, -9, 0, -16, -12, -47,
    -13, 0, 0, 0, 0, -9, -8, -19,
    0, -26, -28, -7, -26, 0, 0, -17,
    -23, -7, -17, -11, -12, -13, -11, -26,
    0, 0, 0, 0, -10, 0, -10, -10,
    0, 0, 0, -6, 0, -21, -5, 0,
    0, -4, 0, -5, -8, 0, 0, -4,
    0, 0, -5, 0, 0, 0, -4, 0,
    0, 0, 0, -7, 0, 0, 0, 0,
    0, 0, -28, -9, -28, -14, 0, 0,
    0, -8, -5, -26, -5, 0, -5, 2,
    0, 0, 0, -9, 0, -13, -8, 0,
    -9, 0, 0, -9, -8, 0, -13, -5,
    -5, -8, -5, -10, 0, 0, 0, 0,
    -15, -5, -15, -7, 0, 0, 0, 0,
    -3, -21, -3, 0, 0, 0, 0, 0,
    0, -3, 0, -6, 0, 0, -4, 0,
    0, 0, 0, 0, 0, 0, 0, 0,
    0, -5, 0, -5, 0, -5, 0, -14,
    0, 0, 0, 0, 0, -3, -11, -6,
    -8, -9, -5, 0, 0, 0, 0, 0,
    0, -5, -7, -10, 0, 0, 0, 0,
    0, -10, -5, -10, -8, -5, -10, -8,
    0, 0, 0, 0, -40, -28, -40, -21,
    -14, -14, -7, -8, -8, -38, -8, -8,
    -5, 0, 0, 0, 0, -10, 0, -28,
    -20, 0, -24, 0, 0, -16, -20, -18,
    -15, -8, -12, -15, -8, -21, 0, 0,
    0, 0, 0, -12, 0, 0, 0, 0,
    0, -3, -9, -11, -13, 0, -5, -3,
    -3, 0, -8, -6, 0, -6, -7, -9,
    -6, 0, 0, 0, 0, -8, -8, -6,
    -6, -12, -6, 0, 0, 0, 0, 0,
    0, 0, 0, 0, 0, 0, 0, 0,
    0, 0, 0, -28, -9, -18, -9, 0,
    -26, 0, 0, 0, 0, 0, 8, 0,
    22, 0, 0, 0, 0, -9, -5, 0,
    1, 0, 0, 0, 0, -19, 0, 0,
    0, 0, 0, 0, -11, 0, 0, 0,
    0, -12, 0, -10, -4, 0, -12, 0,
    0, 0, 0, 0, 0, 0, 0, 0,
    0, -8, 0, 0, 0, 0, 0, 0,
    0, -9, 0, -7, -5, -1, -5, 0,
    0, 0, -11, 0, 0, 0, 0, -23,
    0, -9, 0, -4, -21, 0, -14, -6,
    0, -3, 0, 0, 0, 0, -3, -11,
    0, -4, -4, -11, -4, -6, 0, 0,
    0, 0, 0, -13, 0, 0, 0, 0,
    0, 0, 0, 0, 0, -9, 0, -8,
    0, 0, -12, 0, 0, -5, -11, 0,
    -5, 0, 0, 0, 0, -5, 0, -1,
    -1, -2, -1, 0, 0, 0, 0, -12,
    0, 2, 0, 0, 0, 0, -7, 0,
    0, -9, -9, -12, 0, -10, -5, 0,
    -14, 0, -13, -6, 0, -3, -5, 0,
    0, 0, 0, -5, 0, -3, -3, -7,
    -3, -4, 1, 12, 12, 0, -24, -8,
    -24, -4, 0, 0, 7, 0, 0, 0,
    0, 14, 0, 21, 14, 8, 16, 0,
    13, -9, -5, 0, -6, 0, -5, 0,
    -4, 0, 0, 1, 0, -4, 0, -8,
    0, 0, 1, -11, 0, 0, 0, 11,
    0, 0, -17, 0, 0, 0, 0, -14,
    0, 0, 0, 0, -8, 0, 0, -8,
    -8, 0, 0, 0, 14, 0, 0, 0,
    0, -4, -4, 0, 1, -8, 0, 0,
    0, -12, 0, 0, 0, 0, 0, 0,
    -7, 0, 0, 0, 0, -12, 0, -5,
    0, 0, -10, 0, 0, 0, 0, 0,
    0, 0, 0, 0, 0, 0, 0, 0,
    0, 0, 0, 0, 0, 0, 0, -9,
    1, -27, 1, 0, 1, 1, -11, 0,
    0, 0, 0, -19, 0, 0, 0, 0,
    -7, 0, 0, -5, -11, 0, -5, 0,
    -5, 0, 0, -13, -8, 0, 0, -7,
    0, -7, 0, 0, 0, 0, 0, 0,
    0, 0, 0, 0, 0, 0, 0, 0,
    0, 0, 0, 0, 0, 0, 0, 0,
    0, 0, 0, 0, 0, 0, 2, 0,
    0, 0, 0, 0, 0, 0, 0, 0,
    0, 0, 0, -8, 0, 0, 0, 0,
    0, 0, 0, 0, 0, 0, 0, -9,
    0, -8, 0, 0, -13, 0, 0, 0,
    0, 0, 0, 0, 0, 0, 0, 0,
    0, 0, 0, 0, 0, 0, 0, 0,
    0, 0, -30, -12, -30, -12, 3, 3,
    0, -8, 0, -26, 0, 0, 0, 0,
    0, 0, 0, -5, 1, -12, -5, 0,
    -5, 0, 0, 0, -4, 0, 0, 3,
    2, 0, 3, -4, 0, 0, 0, -15,
    0, 2, 0, 0, 0, 0, -10, 0,
    0, 0, 0, -12, 0, -5, 0, 0,
    -9, 0, 0, 0, 0, 0, 0, 0,
    0, 0, 0, -9, 0, 0, 0, 0,
    0, 0, 0, 0, 0, 0, -4, -14,
    -4, -2, 1, 1, -14, 0, 0, 0,
    0, -8, 0, 0, 0, 0, -4, 0,
    0, -9, -8, 0, -5, 0, 0, 0,
    -5, -9, 0, 0, 0, -6, 0, 0,
    0, 0, 0, -6, -20, -7, -20, -9,
    0, 0, 0, -6, 0, -16, 0, -9,
    0, -5, 0, 0, -8, -5, 0, -9,
    -4, 0, 0, 0, -5, 0, 0, 0,
    0, 0, 0, 0, 0, -12, 0, 0,
    0, -6, -26, 0, -26, -3, 0, 0,
    0, -4, 0, -13, 0, -12, 0, -5,
    0, -8, -12, 0, 0, -5, -4, 0,
    0, 0, -5, 0, 0, 0, 0, 0,
    0, 0, 0, -11, -8, 0, 0, -10,
    3, -8, -7, 0, 0, 3, 0, 0,
    -5, 0, -4, -11, 0, -8, 0, -5,
    -15, 0, 0, -5, -11, 0, 0, 0,
    0, 0, 0, -12, 0, 0, 0, 0,
    -6, 0, 0, 0, 0, 0, -20, 0,
    -20, -4, 0, 0, 0, 0, 0, -16,
    0, -9, 0, -4, 0, -4, -7, 0,
    0, -9, -4, 0, 0, 0, -5, 0,
    0, 0, 0, 0, 0, -8, 0, -12,
    0, 0, 0, 0, 0, -10, 0, 0,
    0, 0, 0, 0, 0, 0, 0, -10,
    0, 0, 0, 0, -9, 0, 0, -8,
    -5, 0, -3, 0, 0, 0, 0, 0,
    -5, -4, 0, 0, -4, 0
};


/*Collect the kern class' data in one place*/
static const lv_font_fmt_txt_kern_classes_t kern_classes =
{
    .class_pair_values   = kern_class_values,
    .left_class_mapping  = kern_left_class_mapping,
    .right_class_mapping = kern_right_class_mapping,
    .left_class_cnt      = 45,
    .right_class_cnt     = 38,
};

/*--------------------
 *  ALL CUSTOM DATA
 *--------------------*/

#if LVGL_VERSION_MAJOR == 8
/*Store all the custom data of the font*/
static  lv_font_fmt_txt_glyph_cache_t cache;
#endif

#if LVGL_VERSION_MAJOR >= 8
static const lv_font_fmt_txt_dsc_t font_dsc = {
#else
static lv_font_fmt_txt_dsc_t font_dsc = {
#endif
    .glyph_bitmap = glyph_bitmap,
    .glyph_dsc = glyph_dsc,
    .cmaps = cmaps,
    .kern_dsc = &kern_classes,
    .kern_scale = 16,
    .cmap_num = 2,
    .bpp = 4,
    .kern_classes = 1,
    .bitmap_format = 0,
#if LVGL_VERSION_MAJOR == 8
    .cache = &cache
#endif
};



/*-----------------
 *  PUBLIC FONT
 *----------------*/

/*Initialize a public general font descriptor*/
#if LVGL_VERSION_MAJOR >= 8
const lv_font_t ui_font_bold_20 = {
#else
lv_font_t ui_font_bold_20 = {
#endif
    .get_glyph_dsc = lv_font_get_glyph_dsc_fmt_txt,    /*Function pointer to get glyph's data*/
    .get_glyph_bitmap = lv_font_get_bitmap_fmt_txt,    /*Function pointer to get glyph's bitmap*/
    .line_height = 26,          /*The maximum line height required by the font*/
    .base_line = 6,             /*Baseline measured from the bottom of the line*/
#if !(LVGL_VERSION_MAJOR == 6 && LVGL_VERSION_MINOR == 0)
    .subpx = LV_FONT_SUBPX_NONE,
#endif
#if LV_VERSION_CHECK(7, 4, 0) || LVGL_VERSION_MAJOR >= 8
    .underline_position = -2,
    .underline_thickness = 1,
#endif
    .dsc = &font_dsc,          /*The custom font data. Will be accessed by `get_glyph_bitmap/dsc` */
#if LV_VERSION_CHECK(8, 2, 0) || LVGL_VERSION_MAJOR >= 9
    .fallback = NULL,
#endif
    .user_data = NULL,
};

#endif /*#if UI_FONT_BOLD_20*/
