/*******************************************************************************
 * Size: 16 px
 * Bpp: 4
 * Opts: --font C:\Windows\Fonts\simhei.ttf --size 16 --bpp 4 --format lvgl --range 0x20-0x7E --symbols 按败班板棒报备本闭表部菜查成程持单到的笛第调动段断多二发返放分复告个更工功共关后候回会活计继间接节结今仅开看科可课劳乐了连铃六络码没每美密描模目幕闹能屏启器请取全日入三扫尚稍设生声失时使始式手输术束竖数四提体天停完网未文五武息习下现响消小新信醒休修续选学扬要一已音英用有与语育月在载暂择真整正支置钟重周助注专准作写业性播钮键量—·， --no-compress --lv-include lvgl.h --lv-font-name ui_font_16 --output build\ui_font_16_new.c
 ******************************************************************************/

#ifdef LV_LVGL_H_INCLUDE_SIMPLE
#include "lvgl.h"
#else
#include "lvgl.h"
#endif

#ifndef UI_FONT_16
#define UI_FONT_16 1
#endif

#if UI_FONT_16

/*-----------------
 *    BITMAPS
 *----------------*/

/*Store the image of the glyphs*/
static LV_ATTRIBUTE_LARGE_CONST const uint8_t glyph_bitmap[] = {
    /* U+0020 " " */

    /* U+0021 "!" */
    0xfb, 0xea, 0xea, 0xd9, 0xc8, 0xb7, 0xa6, 0xa6,
    0x85, 0x0, 0xfb, 0xfc,

    /* U+0022 "\"" */
    0xf6, 0x7e, 0xe4, 0x6c, 0xd3, 0x5b, 0x61, 0x25,

    /* U+0023 "#" */
    0x0, 0x78, 0x6, 0x90, 0x0, 0x96, 0x8, 0x70,
    0x0, 0xa5, 0x9, 0x60, 0x0, 0xc4, 0xb, 0x50,
    0xbf, 0xff, 0xff, 0xf8, 0x23, 0xf3, 0x3f, 0x41,
    0x1, 0xe0, 0xf, 0x0, 0x4, 0xc0, 0x3d, 0x0,
    0xbf, 0xff, 0xff, 0xf8, 0x29, 0x93, 0x8a, 0x31,
    0x9, 0x60, 0x87, 0x0, 0xb, 0x40, 0xa5, 0x0,

    /* U+0024 "$" */
    0x0, 0x9, 0x50, 0x0, 0xa, 0xff, 0x80, 0x9,
    0xdb, 0xaf, 0x40, 0xd6, 0x95, 0xc9, 0xd, 0x89,
    0x52, 0x20, 0x8f, 0xd5, 0x0, 0x0, 0x9f, 0xb1,
    0x0, 0x0, 0x9f, 0xe1, 0x0, 0x9, 0x7e, 0x92,
    0xe3, 0x95, 0x9c, 0xf, 0x69, 0x5a, 0xb0, 0xbd,
    0xb9, 0xf6, 0x1, 0xbf, 0xf8, 0x0, 0x0, 0x95,
    0x0, 0x0, 0x4, 0x20, 0x0,

    /* U+0025 "%" */
    0x1d, 0xc0, 0x1, 0x40, 0x78, 0xa5, 0x7, 0x20,
    0x96, 0x87, 0x9, 0x0, 0x96, 0x87, 0x44, 0x0,
    0x78, 0xa5, 0x90, 0x0, 0x1d, 0xc3, 0x70, 0x0,
    0x0, 0x8, 0x3d, 0xb0, 0x0, 0x8, 0x87, 0xb4,
    0x0, 0x63, 0xa5, 0x96, 0x0, 0x90, 0xa5, 0x96,
    0x3, 0x50, 0x87, 0xb4, 0x7, 0x0, 0x2d, 0xb0,

    /* U+0026 "&" */
    0x0, 0x8e, 0xc1, 0x0, 0x4, 0xf5, 0xc8, 0x0,
    0x7, 0xb0, 0x8a, 0x0, 0x6, 0xc0, 0xc7, 0x0,
    0x2, 0xfa, 0xc0, 0x0, 0x0, 0xec, 0x0, 0x0,
    0xb, 0xdf, 0x10, 0x50, 0x6e, 0xc, 0xa2, 0xf0,
    0x9b, 0x3, 0xfb, 0xe0, 0x7d, 0x0, 0x6f, 0xa0,
    0x2f, 0x94, 0xaf, 0xf6, 0x4, 0xdf, 0xc2, 0x73,

    /* U+0027 "'" */
    0x3f, 0x22, 0xf0, 0x1f, 0x0, 0x70,

    /* U+0028 "(" */
    0x0, 0x2, 0x0, 0x1, 0xe3, 0x0, 0xb6, 0x0,
    0x5c, 0x0, 0xc, 0x40, 0x1, 0xe0, 0x0, 0x3b,
    0x0, 0x5, 0x90, 0x0, 0x59, 0x0, 0x3, 0xb0,
    0x0, 0xe, 0x0, 0x0, 0xb4, 0x0, 0x4, 0xd0,
    0x0, 0xa, 0x80, 0x0, 0xd, 0x30, 0x0, 0x10,

    /* U+0029 ")" */
    0x11, 0x0, 0x6, 0xc0, 0x0, 0x9, 0x90, 0x0,
    0xe, 0x20, 0x0, 0x79, 0x0, 0x1, 0xd0, 0x0,
    0xe, 0x0, 0x0, 0xc2, 0x0, 0xc, 0x20, 0x0,
    0xe0, 0x0, 0x2d, 0x0, 0x7, 0x80, 0x1, 0xe1,
    0x0, 0xb7, 0x0, 0x6b, 0x0, 0x0, 0x0, 0x0,

    /* U+002A "*" */
    0x0, 0x9, 0x90, 0x0, 0x12, 0x9, 0x90, 0x21,
    0x7f, 0x78, 0x87, 0xf7, 0x5, 0xdf, 0xfd, 0x50,
    0x1, 0x9f, 0xf9, 0x10, 0x5e, 0xca, 0xac, 0xe5,
    0x37, 0x8, 0x80, 0x73, 0x0, 0x9, 0x90, 0x0,
    0x0, 0x5, 0x50, 0x0,

    /* U+002B "+" */
    0x0, 0x6, 0x40, 0x0, 0x0, 0xa, 0x70, 0x0,
    0x0, 0xa, 0x70, 0x0, 0x0, 0xa, 0x70, 0x0,
    0xaf, 0xff, 0xff, 0xf7, 0x12, 0x2a, 0x82, 0x21,
    0x0, 0xa, 0x70, 0x0, 0x0, 0xa, 0x70, 0x0,

    /* U+002C "," */
    0x55, 0xbc, 0x38, 0x82,

    /* U+002D "-" */
    0xaf, 0xff, 0xff, 0xf6, 0x12, 0x22, 0x22, 0x20,

    /* U+002E "." */
    0x55, 0xcb,

    /* U+002F "/" */
    0x0, 0x0, 0x0, 0x22, 0x0, 0x0, 0x0, 0xb2,
    0x0, 0x0, 0x3, 0x90, 0x0, 0x0, 0xb, 0x10,
    0x0, 0x0, 0x48, 0x0, 0x0, 0x0, 0xc1, 0x0,
    0x0, 0x5, 0x80, 0x0, 0x0, 0xc, 0x0, 0x0,
    0x0, 0x57, 0x0, 0x0, 0x0, 0xc0, 0x0, 0x0,
    0x6, 0x60, 0x0, 0x0, 0xc, 0x0, 0x0, 0x0,
    0x76, 0x0, 0x0, 0x0, 0x30, 0x0, 0x0, 0x0,

    /* U+0030 "0" */
    0x0, 0x8e, 0xe6, 0x0, 0x7, 0xf7, 0x7f, 0x40,
    0xf, 0x70, 0x9, 0xb0, 0x3f, 0x10, 0x4, 0xf0,
    0x6e, 0x0, 0x2, 0xf1, 0x6d, 0x0, 0x1, 0xf2,
    0x6d, 0x0, 0x1, 0xf2, 0x5e, 0x0, 0x2, 0xf1,
    0x2f, 0x20, 0x5, 0xf0, 0xd, 0x80, 0xb, 0xa0,
    0x5, 0xfa, 0xbf, 0x30, 0x0, 0x4c, 0xb3, 0x0,
    0x0, 0x0, 0x0, 0x0,

    /* U+0031 "1" */
    0x0, 0x6c, 0x3, 0xfc, 0x4f, 0xcc, 0x74, 0x8c,
    0x0, 0x8c, 0x0, 0x8c, 0x0, 0x8c, 0x0, 0x8c,
    0x0, 0x8c, 0x0, 0x8c, 0x0, 0x8c, 0x0, 0x8c,

    /* U+0032 "2" */
    0x0, 0x0, 0x0, 0x0, 0x1, 0xbf, 0xfa, 0x0,
    0xc, 0xe7, 0x7f, 0x80, 0x4f, 0x20, 0x8, 0xd0,
    0x2, 0x0, 0x7, 0xd0, 0x0, 0x0, 0xb, 0xa0,
    0x0, 0x0, 0x3f, 0x30, 0x0, 0x0, 0xda, 0x0,
    0x0, 0x8, 0xe1, 0x0, 0x0, 0x4f, 0x40, 0x0,
    0x2, 0xe8, 0x0, 0x0, 0xd, 0xe3, 0x33, 0x30,
    0x2f, 0xff, 0xff, 0xf1,

    /* U+0033 "3" */
    0x0, 0x5b, 0xb6, 0x0, 0x6, 0xe7, 0x8f, 0x70,
    0xe, 0x40, 0x8, 0xd0, 0x4, 0x0, 0x6, 0xd0,
    0x0, 0x0, 0x1d, 0x80, 0x0, 0x9, 0xfb, 0x0,
    0x0, 0x4, 0x9f, 0x50, 0x0, 0x0, 0x8, 0xe0,
    0x3, 0x0, 0x4, 0xf0, 0x3f, 0x20, 0x7, 0xe0,
    0xc, 0xd6, 0x6f, 0x70, 0x1, 0xaf, 0xe7, 0x0,

    /* U+0034 "4" */
    0x0, 0x0, 0x1f, 0x30, 0x0, 0x0, 0xbf, 0x30,
    0x0, 0x5, 0xff, 0x30, 0x0, 0xe, 0x6f, 0x30,
    0x0, 0x9c, 0xf, 0x30, 0x3, 0xf2, 0xf, 0x30,
    0xd, 0x70, 0xf, 0x30, 0x7d, 0x0, 0xf, 0x30,
    0xcf, 0xff, 0xff, 0xfa, 0x22, 0x22, 0x2f, 0x51,
    0x0, 0x0, 0xf, 0x30, 0x0, 0x0, 0xf, 0x30,

    /* U+0035 "5" */
    0x5, 0xff, 0xff, 0xb0, 0x8, 0xb3, 0x33, 0x20,
    0xb, 0x70, 0x0, 0x0, 0xe, 0x40, 0x0, 0x0,
    0x1f, 0xcf, 0xe8, 0x0, 0x4f, 0x84, 0x7f, 0x70,
    0x12, 0x0, 0x8, 0xe0, 0x0, 0x0, 0x4, 0xf0,
    0x22, 0x0, 0x4, 0xf0, 0x9b, 0x0, 0xa, 0xc0,
    0x3f, 0x95, 0xaf, 0x50, 0x5, 0xdf, 0xc4, 0x0,

    /* U+0036 "6" */
    0x0, 0x0, 0xe8, 0x0, 0x0, 0x8, 0xe0, 0x0,
    0x0, 0x1f, 0x50, 0x0, 0x0, 0xac, 0x0, 0x0,
    0x4, 0xfb, 0xa7, 0x0, 0xc, 0xfc, 0xcf, 0xc0,
    0x2f, 0x80, 0x4, 0xf5, 0x5f, 0x10, 0x0, 0xd8,
    0x5f, 0x0, 0x0, 0xc8, 0x2f, 0x30, 0x1, 0xf5,
    0xb, 0xd5, 0x4c, 0xd0, 0x0, 0x9e, 0xfc, 0x20,

    /* U+0037 "7" */
    0x5f, 0xff, 0xff, 0xf6, 0x13, 0x33, 0x35, 0xf3,
    0x0, 0x0, 0x9, 0xb0, 0x0, 0x0, 0x1f, 0x30,
    0x0, 0x0, 0x7c, 0x0, 0x0, 0x0, 0xe5, 0x0,
    0x0, 0x4, 0xf0, 0x0, 0x0, 0xa, 0xa0, 0x0,
    0x0, 0xe, 0x50, 0x0, 0x0, 0x4f, 0x0, 0x0,
    0x0, 0x8d, 0x0, 0x0, 0x0, 0xc9, 0x0, 0x0,

    /* U+0038 "8" */
    0x1, 0xbf, 0xe8, 0x0, 0xc, 0xa4, 0x6f, 0x70,
    0x1f, 0x0, 0x8, 0xc0, 0x2f, 0x0, 0x7, 0xc0,
    0xe, 0x80, 0x1d, 0x70, 0x4, 0xff, 0xfa, 0x0,
    0xd, 0xb5, 0x7e, 0x70, 0x6e, 0x0, 0x4, 0xf0,
    0x8b, 0x0, 0x1, 0xf2, 0x7e, 0x0, 0x6, 0xf1,
    0x2f, 0xc8, 0xaf, 0xa0, 0x4, 0xcf, 0xfa, 0x10,

    /* U+0039 "9" */
    0x2, 0xbf, 0xe7, 0x0, 0x1e, 0xc6, 0x8f, 0x70,
    0x7e, 0x10, 0x9, 0xe0, 0xab, 0x0, 0x5, 0xf0,
    0xab, 0x0, 0x7, 0xe0, 0x6f, 0x30, 0x1e, 0xa0,
    0xc, 0xfc, 0xff, 0x30, 0x0, 0x47, 0xeb, 0x0,
    0x0, 0x4, 0xf3, 0x0, 0x0, 0xb, 0xb0, 0x0,
    0x0, 0x3f, 0x20, 0x0, 0x0, 0xba, 0x0, 0x0,

    /* U+003A ":" */
    0xe9, 0x64, 0x0, 0x0, 0x0, 0x0, 0x64, 0xe9,

    /* U+003B ";" */
    0xe9, 0x64, 0x0, 0x0, 0x0, 0x0, 0x64, 0xe9,
    0x65, 0xa0,

    /* U+003C "<" */
    0x0, 0x0, 0x0, 0x0, 0x0, 0x0, 0x1, 0xd2,
    0x0, 0x0, 0x2d, 0x50, 0x0, 0x2, 0xd4, 0x0,
    0x0, 0x2d, 0x40, 0x0, 0x2, 0xd4, 0x0, 0x0,
    0x2d, 0x40, 0x0, 0x0, 0x1d, 0x50, 0x0, 0x0,
    0x1, 0xc6, 0x0, 0x0, 0x0, 0x1c, 0x60, 0x0,
    0x0, 0x0, 0xc7, 0x0, 0x0, 0x0, 0xc, 0x80,
    0x0, 0x0, 0x0, 0xb2, 0x0, 0x0, 0x0, 0x0,

    /* U+003D "=" */
    0xaf, 0xff, 0xff, 0xf6, 0x12, 0x22, 0x22, 0x20,
    0x0, 0x0, 0x0, 0x0, 0x0, 0x0, 0x0, 0x0,
    0xaf, 0xff, 0xff, 0xf6, 0x12, 0x22, 0x22, 0x20,

    /* U+003E ">" */
    0x0, 0x0, 0x0, 0x0, 0x4c, 0x10, 0x0, 0x0,
    0x6, 0xc1, 0x0, 0x0, 0x0, 0x6c, 0x10, 0x0,
    0x0, 0x6, 0xc1, 0x0, 0x0, 0x0, 0x5c, 0x10,
    0x0, 0x0, 0x5, 0xd1, 0x0, 0x0, 0x7, 0xc0,
    0x0, 0x0, 0x7b, 0x0, 0x0, 0x8, 0xb0, 0x0,
    0x0, 0x9a, 0x0, 0x0, 0x9, 0xa0, 0x0, 0x0,
    0x4a, 0x0, 0x0, 0x0, 0x0, 0x0, 0x0, 0x0,

    /* U+003F "?" */
    0x0, 0x9e, 0xe8, 0x0, 0x9e, 0x67, 0xf6, 0xf,
    0x70, 0xc, 0xb1, 0xd3, 0x0, 0xcc, 0x0, 0x0,
    0x2f, 0x70, 0x0, 0xd, 0xc0, 0x0, 0x8, 0xe1,
    0x0, 0x0, 0xc6, 0x0, 0x0, 0x4, 0x10, 0x0,
    0x0, 0x0, 0x0, 0x0, 0x9, 0x40, 0x0, 0x0,
    0xf7, 0x0,

    /* U+0040 "@" */
    0x0, 0x69, 0x89, 0x10, 0x6, 0x50, 0x1, 0x90,
    0x9, 0x7, 0xbb, 0x82, 0x54, 0x5a, 0x2d, 0x45,
    0x81, 0xc2, 0x4a, 0x27, 0x91, 0xe0, 0x67, 0x27,
    0x93, 0xc0, 0x95, 0x45, 0x92, 0xe1, 0xd4, 0x91,
    0x72, 0x9d, 0x7e, 0x60, 0x37, 0x0, 0x0, 0x0,
    0x9, 0x20, 0x4, 0x30, 0x0, 0x88, 0x86, 0x0,

    /* U+0041 "A" */
    0x0, 0xd, 0xb0, 0x0, 0x0, 0x1f, 0xf0, 0x0,
    0x0, 0x5f, 0xf3, 0x0, 0x0, 0x9a, 0xd7, 0x0,
    0x0, 0xd7, 0x9b, 0x0, 0x1, 0xf3, 0x5f, 0x0,
    0x6, 0xf0, 0x2f, 0x40, 0xa, 0xff, 0xff, 0x80,
    0xe, 0x93, 0x3a, 0xc0, 0x2f, 0x40, 0x6, 0xf0,
    0x6f, 0x0, 0x2, 0xf4, 0xac, 0x0, 0x0, 0xe8,

    /* U+0042 "B" */
    0x5f, 0xff, 0xe9, 0x0, 0x5f, 0x54, 0x6e, 0xa0,
    0x5f, 0x20, 0x7, 0xf0, 0x5f, 0x20, 0x7, 0xf0,
    0x5f, 0x20, 0x2d, 0xb0, 0x5f, 0xff, 0xfd, 0x10,
    0x5f, 0x53, 0x6e, 0xb0, 0x5f, 0x20, 0x4, 0xf3,
    0x5f, 0x20, 0x2, 0xf5, 0x5f, 0x20, 0x5, 0xf4,
    0x5f, 0x54, 0x6e, 0xe0, 0x5f, 0xff, 0xea, 0x20,

    /* U+0043 "C" */
    0x0, 0x6d, 0xfa, 0x10, 0x5, 0xf8, 0x5d, 0xb0,
    0xd, 0xa0, 0x4, 0xf2, 0x2f, 0x40, 0x1, 0xf4,
    0x5f, 0x20, 0x0, 0x51, 0x6f, 0x10, 0x0, 0x0,
    0x6f, 0x10, 0x0, 0x0, 0x6f, 0x10, 0x0, 0xc5,
    0x3f, 0x40, 0x1, 0xf5, 0xf, 0x90, 0x5, 0xf1,
    0x7, 0xf8, 0x6e, 0xa0, 0x0, 0x7e, 0xfa, 0x0,

    /* U+0044 "D" */
    0x5f, 0xff, 0xb3, 0x0, 0x5f, 0x55, 0xcf, 0x40,
    0x5f, 0x20, 0xd, 0xc0, 0x5f, 0x20, 0x7, 0xf1,
    0x5f, 0x20, 0x4, 0xf3, 0x5f, 0x20, 0x3, 0xf4,
    0x5f, 0x20, 0x3, 0xf4, 0x5f, 0x20, 0x4, 0xf3,
    0x5f, 0x20, 0x7, 0xf1, 0x5f, 0x20, 0xd, 0xb0,
    0x5f, 0x55, 0xcf, 0x30, 0x5f, 0xff, 0xb2, 0x0,

    /* U+0045 "E" */
    0x2f, 0xff, 0xff, 0xf0, 0x2f, 0x84, 0x44, 0x40,
    0x2f, 0x50, 0x0, 0x0, 0x2f, 0x50, 0x0, 0x0,
    0x2f, 0x50, 0x0, 0x0, 0x2f, 0xff, 0xff, 0x90,
    0x2f, 0x73, 0x33, 0x10, 0x2f, 0x50, 0x0, 0x0,
    0x2f, 0x50, 0x0, 0x0, 0x2f, 0x50, 0x0, 0x0,
    0x2f, 0x74, 0x44, 0x41, 0x2f, 0xff, 0xff, 0xf4,

    /* U+0046 "F" */
    0x4f, 0xff, 0xff, 0xf5, 0x4f, 0x64, 0x44, 0x41,
    0x4f, 0x30, 0x0, 0x0, 0x4f, 0x30, 0x0, 0x0,
    0x4f, 0x30, 0x0, 0x0, 0x4f, 0x30, 0x0, 0x0,
    0x4f, 0xff, 0xff, 0x10, 0x4f, 0x63, 0x33, 0x0,
    0x4f, 0x30, 0x0, 0x0, 0x4f, 0x30, 0x0, 0x0,
    0x4f, 0x30, 0x0, 0x0, 0x4f, 0x30, 0x0, 0x0,

    /* U+0047 "G" */
    0x0, 0x7e, 0xf9, 0x0, 0x6, 0xf7, 0x6f, 0x70,
    0xe, 0x80, 0x8, 0xe0, 0x2f, 0x40, 0x4, 0xf0,
    0x5f, 0x20, 0x0, 0x20, 0x6f, 0x10, 0x0, 0x0,
    0x6f, 0x11, 0xff, 0xf2, 0x6f, 0x10, 0x35, 0xf2,
    0x4f, 0x40, 0x2, 0xf2, 0xf, 0x90, 0x5, 0xf2,
    0x7, 0xf8, 0x6e, 0xf2, 0x0, 0x8e, 0xe7, 0xf2,

    /* U+0048 "H" */
    0x5f, 0x20, 0x5, 0xf2, 0x5f, 0x20, 0x5, 0xf2,
    0x5f, 0x20, 0x5, 0xf2, 0x5f, 0x20, 0x5, 0xf2,
    0x5f, 0x20, 0x5, 0xf2, 0x5f, 0xff, 0xff, 0xf2,
    0x5f, 0x53, 0x37, 0xf2, 0x5f, 0x20, 0x5, 0xf2,
    0x5f, 0x20, 0x5, 0xf2, 0x5f, 0x20, 0x5, 0xf2,
    0x5f, 0x20, 0x5, 0xf2, 0x5f, 0x20, 0x5, 0xf2,

    /* U+0049 "I" */
    0xda, 0xda, 0xda, 0xda, 0xda, 0xda, 0xda, 0xda,
    0xda, 0xda, 0xda, 0xda,

    /* U+004A "J" */
    0x0, 0x0, 0x7, 0xf0, 0x0, 0x0, 0x7f, 0x0,
    0x0, 0x7, 0xf0, 0x0, 0x0, 0x7f, 0x0, 0x0,
    0x7, 0xf0, 0x0, 0x0, 0x7f, 0x0, 0x0, 0x7,
    0xf2, 0xa2, 0x0, 0x7f, 0x2f, 0x40, 0x7, 0xf0,
    0xf7, 0x0, 0xad, 0xa, 0xf7, 0x9f, 0x70, 0x9,
    0xee, 0x80,

    /* U+004B "K" */
    0x5f, 0x20, 0xa, 0xe1, 0x5f, 0x20, 0x5f, 0x50,
    0x5f, 0x21, 0xe9, 0x0, 0x5f, 0x2b, 0xd0, 0x0,
    0x5f, 0x8f, 0x40, 0x0, 0x5f, 0xff, 0x70, 0x0,
    0x5f, 0xca, 0xe0, 0x0, 0x5f, 0x32, 0xf6, 0x0,
    0x5f, 0x20, 0xbe, 0x0, 0x5f, 0x20, 0x3f, 0x60,
    0x5f, 0x20, 0xb, 0xd0, 0x5f, 0x20, 0x3, 0xf6,

    /* U+004C "L" */
    0x4f, 0x30, 0x0, 0x0, 0x4f, 0x30, 0x0, 0x0,
    0x4f, 0x30, 0x0, 0x0, 0x4f, 0x30, 0x0, 0x0,
    0x4f, 0x30, 0x0, 0x0, 0x4f, 0x30, 0x0, 0x0,
    0x4f, 0x30, 0x0, 0x0, 0x4f, 0x30, 0x0, 0x0,
    0x4f, 0x30, 0x0, 0x0, 0x4f, 0x30, 0x0, 0x0,
    0x4f, 0x64, 0x44, 0x41, 0x4f, 0xff, 0xff, 0xf4,

    /* U+004D "M" */
    0x7f, 0x90, 0xb, 0xf5, 0x7f, 0xc0, 0xe, 0xf5,
    0x7f, 0xe0, 0xf, 0xf5, 0x7e, 0xf1, 0x3e, 0xf5,
    0x7d, 0xd4, 0x6b, 0xf5, 0x7d, 0xa6, 0x88, 0xf5,
    0x7d, 0x89, 0xb6, 0xf5, 0x7d, 0x5c, 0xe3, 0xf5,
    0x7d, 0x2f, 0xf0, 0xf5, 0x7d, 0xf, 0xd0, 0xf5,
    0x7d, 0xd, 0xb0, 0xf5, 0x7d, 0xa, 0x80, 0xf5,

    /* U+004E "N" */
    0x6f, 0x60, 0x5, 0xf2, 0x6f, 0xc0, 0x5, 0xf2,
    0x6f, 0xf2, 0x5, 0xf2, 0x6f, 0xd9, 0x5, 0xf2,
    0x6f, 0x7e, 0x5, 0xf2, 0x6f, 0x1f, 0x55, 0xf2,
    0x6f, 0x19, 0xc5, 0xf2, 0x6f, 0x13, 0xf7, 0xf2,
    0x6f, 0x10, 0xdd, 0xf2, 0x6f, 0x10, 0x6f, 0xf2,
    0x6f, 0x10, 0x1f, 0xf2, 0x6f, 0x10, 0xa, 0xf2,

    /* U+004F "O" */
    0x0, 0x9f, 0xe8, 0x0, 0xa, 0xf6, 0x7f, 0x80,
    0x2f, 0x60, 0x9, 0xe0, 0x5f, 0x10, 0x4, 0xf2,
    0x7f, 0x0, 0x2, 0xf4, 0x8f, 0x0, 0x2, 0xf5,
    0x8f, 0x0, 0x2, 0xf5, 0x7f, 0x0, 0x2, 0xf4,
    0x5f, 0x10, 0x4, 0xf2, 0x1f, 0x60, 0x9, 0xe0,
    0xa, 0xf6, 0x7f, 0x70, 0x0, 0x9f, 0xe8, 0x0,

    /* U+0050 "P" */
    0x3f, 0xff, 0xea, 0x10, 0x3f, 0x74, 0x6d, 0xc0,
    0x3f, 0x40, 0x4, 0xf3, 0x3f, 0x40, 0x1, 0xf5,
    0x3f, 0x40, 0x3, 0xf3, 0x3f, 0x40, 0x2b, 0xe0,
    0x3f, 0xff, 0xfe, 0x30, 0x3f, 0x63, 0x20, 0x0,
    0x3f, 0x40, 0x0, 0x0, 0x3f, 0x40, 0x0, 0x0,
    0x3f, 0x40, 0x0, 0x0, 0x3f, 0x40, 0x0, 0x0,

    /* U+0051 "Q" */
    0x0, 0x9f, 0xe8, 0x0, 0xa, 0xf6, 0x7f, 0x80,
    0x2f, 0x60, 0x9, 0xe0, 0x5f, 0x10, 0x4, 0xf2,
    0x7f, 0x0, 0x2, 0xf4, 0x8f, 0x0, 0x2, 0xf5,
    0x8f, 0x0, 0x2, 0xf5, 0x7f, 0x0, 0x73, 0xf4,
    0x5f, 0x10, 0xfb, 0xf2, 0x1f, 0x60, 0x8f, 0xe0,
    0xa, 0xf6, 0x8f, 0x90, 0x0, 0x9f, 0xed, 0xc0,
    0x0, 0x0, 0x2, 0x30,

    /* U+0052 "R" */
    0x5f, 0xff, 0xe9, 0x0, 0x5f, 0x54, 0x7f, 0xb0,
    0x5f, 0x20, 0x7, 0xf1, 0x5f, 0x20, 0x4, 0xf2,
    0x5f, 0x20, 0x6, 0xf1, 0x5f, 0x20, 0x3d, 0xc0,
    0x5f, 0xff, 0xfd, 0x20, 0x5f, 0x54, 0xf5, 0x0,
    0x5f, 0x20, 0xad, 0x0, 0x5f, 0x20, 0x2f, 0x40,
    0x5f, 0x20, 0xb, 0xc0, 0x5f, 0x20, 0x3, 0xf4,

    /* U+0053 "S" */
    0x0, 0x9e, 0xe9, 0x0, 0xa, 0xe6, 0x8f, 0x60,
    0xf, 0x50, 0xa, 0xc0, 0x2f, 0x50, 0x2, 0x50,
    0xd, 0xe4, 0x0, 0x0, 0x2, 0xcf, 0xc3, 0x0,
    0x0, 0x5, 0xdf, 0x50, 0x0, 0x0, 0xb, 0xf0,
    0x5d, 0x0, 0x4, 0xf3, 0x4f, 0x30, 0x5, 0xf1,
    0xd, 0xd5, 0x6e, 0xb0, 0x2, 0xbe, 0xe9, 0x10,

    /* U+0054 "T" */
    0x5f, 0xff, 0xff, 0xf2, 0x14, 0x4d, 0xb4, 0x40,
    0x0, 0xd, 0xa0, 0x0, 0x0, 0xd, 0xa0, 0x0,
    0x0, 0xd, 0xa0, 0x0, 0x0, 0xd, 0xa0, 0x0,
    0x0, 0xd, 0xa0, 0x0, 0x0, 0xd, 0xa0, 0x0,
    0x0, 0xd, 0xa0, 0x0, 0x0, 0xd, 0xa0, 0x0,
    0x0, 0xd, 0xa0, 0x0, 0x0, 0xd, 0xa0, 0x0,

    /* U+0055 "U" */
    0x5f, 0x20, 0x4, 0xf3, 0x5f, 0x20, 0x4, 0xf3,
    0x5f, 0x20, 0x4, 0xf3, 0x5f, 0x20, 0x4, 0xf3,
    0x5f, 0x20, 0x4, 0xf3, 0x5f, 0x20, 0x4, 0xf3,
    0x5f, 0x20, 0x4, 0xf3, 0x5f, 0x20, 0x4, 0xf3,
    0x4f, 0x20, 0x4, 0xf2, 0x2f, 0x40, 0x7, 0xf0,
    0xc, 0xe5, 0x6e, 0xa0, 0x1, 0xbe, 0xea, 0x10,

    /* U+0056 "V" */
    0xbb, 0x0, 0x0, 0xf7, 0x7f, 0x0, 0x3, 0xf3,
    0x3f, 0x30, 0x7, 0xf0, 0xf, 0x70, 0xb, 0xb0,
    0xb, 0xb0, 0xf, 0x70, 0x7, 0xe0, 0x3f, 0x30,
    0x2, 0xf2, 0x6e, 0x0, 0x0, 0xe6, 0xaa, 0x0,
    0x0, 0xaa, 0xe6, 0x0, 0x0, 0x6f, 0xf2, 0x0,
    0x0, 0x2f, 0xe0, 0x0, 0x0, 0xe, 0xa0, 0x0,

    /* U+0057 "W" */
    0xe7, 0xe, 0x90, 0xba, 0xc9, 0xf, 0xb0, 0xd8,
    0xaa, 0x1f, 0xd0, 0xe6, 0x8b, 0x3c, 0xf0, 0xf4,
    0x6d, 0x5a, 0xe3, 0xf2, 0x4e, 0x78, 0xc6, 0xf0,
    0x3f, 0xa6, 0xa9, 0xf0, 0x1f, 0xd4, 0x8d, 0xd0,
    0xf, 0xf2, 0x6f, 0xb0, 0xd, 0xf0, 0x4f, 0x90,
    0xb, 0xe0, 0x2f, 0x70, 0x9, 0xc0, 0xf, 0x50,

    /* U+0058 "X" */
    0x3f, 0x40, 0x8, 0xe0, 0xb, 0xa0, 0xe, 0x70,
    0x4, 0xf1, 0x5f, 0x10, 0x0, 0xd8, 0xc9, 0x0,
    0x0, 0x5f, 0xf2, 0x0, 0x0, 0xe, 0xb0, 0x0,
    0x0, 0x3f, 0xe0, 0x0, 0x0, 0xab, 0xe6, 0x0,
    0x2, 0xf4, 0x8d, 0x0, 0x9, 0xd0, 0x1f, 0x50,
    0x1f, 0x60, 0xa, 0xc0, 0x8e, 0x0, 0x3, 0xf4,

    /* U+0059 "Y" */
    0x8e, 0x0, 0x1, 0xf5, 0x1f, 0x50, 0x8, 0xe0,
    0xa, 0xc0, 0xe, 0x70, 0x3, 0xf2, 0x5f, 0x0,
    0x0, 0xb9, 0xc8, 0x0, 0x0, 0x4f, 0xf2, 0x0,
    0x0, 0xe, 0xb0, 0x0, 0x0, 0xd, 0xa0, 0x0,
    0x0, 0xd, 0xa0, 0x0, 0x0, 0xd, 0xa0, 0x0,
    0x0, 0xd, 0xa0, 0x0, 0x0, 0xd, 0xa0, 0x0,

    /* U+005A "Z" */
    0x1f, 0xff, 0xff, 0xf1, 0x4, 0x44, 0x4b, 0xe0,
    0x0, 0x0, 0x1f, 0x60, 0x0, 0x0, 0x9d, 0x0,
    0x0, 0x2, 0xf5, 0x0, 0x0, 0xa, 0xc0, 0x0,
    0x0, 0x2f, 0x40, 0x0, 0x0, 0xbb, 0x0, 0x0,
    0x3, 0xf3, 0x0, 0x0, 0xc, 0xa0, 0x0, 0x0,
    0x4f, 0x64, 0x44, 0x41, 0x7f, 0xff, 0xff, 0xf4,

    /* U+005B "[" */
    0xdf, 0xff, 0xe, 0x42, 0x20, 0xe3, 0x0, 0xe,
    0x30, 0x0, 0xe3, 0x0, 0xe, 0x30, 0x0, 0xe3,
    0x0, 0xe, 0x30, 0x0, 0xe3, 0x0, 0xe, 0x30,
    0x0, 0xe3, 0x0, 0xe, 0x30, 0x0, 0xe3, 0x0,
    0xe, 0x30, 0x0, 0xef, 0xff, 0x1, 0x22, 0x20,

    /* U+005C "\\" */
    0xe, 0x0, 0x0, 0x0, 0xa, 0x50, 0x0, 0x0,
    0x4, 0xb0, 0x0, 0x0, 0x0, 0xd2, 0x0, 0x0,
    0x0, 0x87, 0x0, 0x0, 0x0, 0x2d, 0x0, 0x0,
    0x0, 0xc, 0x30, 0x0, 0x0, 0x6, 0x90, 0x0,
    0x0, 0x0, 0xe0, 0x0, 0x0, 0x0, 0xa5, 0x0,
    0x0, 0x0, 0x4b, 0x0, 0x0, 0x0, 0xd, 0x20,
    0x0, 0x0, 0x8, 0x70, 0x0, 0x0, 0x2, 0xd0,

    /* U+005D "]" */
    0x3f, 0xff, 0xa0, 0x22, 0x7b, 0x0, 0x6, 0xb0,
    0x0, 0x6b, 0x0, 0x6, 0xb0, 0x0, 0x6b, 0x0,
    0x6, 0xb0, 0x0, 0x6b, 0x0, 0x6, 0xb0, 0x0,
    0x6b, 0x0, 0x6, 0xb0, 0x0, 0x6b, 0x0, 0x6,
    0xb0, 0x0, 0x6b, 0x3f, 0xff, 0xb0, 0x22, 0x21,

    /* U+005E "^" */
    0x0, 0x4f, 0xe1, 0x0, 0x1e, 0x8b, 0xb0, 0xb,
    0x80, 0xb, 0x70,

    /* U+005F "_" */
    0xcc, 0xcc, 0xcc, 0xcb,

    /* U+0060 "`" */
    0x9f, 0x30, 0xa, 0xc0, 0x0, 0xc6,

    /* U+0061 "a" */
    0x1, 0xae, 0xe9, 0x0, 0xa, 0xd4, 0x4e, 0x70,
    0x6, 0x30, 0xb, 0xa0, 0x0, 0x6b, 0xef, 0xb0,
    0xd, 0xd8, 0x59, 0xb0, 0x4f, 0x20, 0xa, 0xb0,
    0x2f, 0x51, 0x8f, 0xb0, 0x7, 0xee, 0xa9, 0xe0,

    /* U+0062 "b" */
    0x4f, 0x0, 0x0, 0x0, 0x4f, 0x0, 0x0, 0x0,
    0x4f, 0x0, 0x0, 0x0, 0x4f, 0x0, 0x0, 0x0,
    0x4f, 0x5e, 0xf8, 0x0, 0x4f, 0xd4, 0x6f, 0x60,
    0x4f, 0x40, 0x9, 0xd0, 0x4f, 0x0, 0x5, 0xf0,
    0x4f, 0x0, 0x5, 0xf0, 0x4f, 0x40, 0x8, 0xd0,
    0x4f, 0xd4, 0x6f, 0x70, 0x4f, 0x6e, 0xe8, 0x0,

    /* U+0063 "c" */
    0x0, 0xaf, 0xe9, 0x0, 0xb, 0xd5, 0x5e, 0x90,
    0x3f, 0x30, 0x5, 0x90, 0x5f, 0x0, 0x0, 0x0,
    0x5f, 0x0, 0x1, 0x30, 0x3f, 0x30, 0x6, 0xf0,
    0xb, 0xd5, 0x5d, 0x90, 0x0, 0xaf, 0xe9, 0x0,

    /* U+0064 "d" */
    0x0, 0x0, 0x6, 0xe0, 0x0, 0x0, 0x6e, 0x0,
    0x0, 0x6, 0xe0, 0x0, 0x0, 0x6e, 0x2, 0xbf,
    0xc8, 0xe0, 0xcd, 0x47, 0xfe, 0x3f, 0x30, 0xa,
    0xe5, 0xf0, 0x0, 0x7e, 0x6f, 0x0, 0x6, 0xe3,
    0xf2, 0x0, 0x9e, 0xd, 0xb2, 0x5f, 0xe0, 0x2b,
    0xfc, 0x9e,

    /* U+0065 "e" */
    0x0, 0x9e, 0xe8, 0x0, 0xa, 0xd3, 0x4e, 0x80,
    0x2f, 0x40, 0x8, 0xe0, 0x4f, 0xff, 0xff, 0xf0,
    0x4f, 0x22, 0x22, 0x20, 0x2f, 0x30, 0x3, 0xa0,
    0xa, 0xd5, 0x4d, 0xb0, 0x0, 0x9e, 0xe9, 0x10,

    /* U+0066 "f" */
    0x0, 0x4, 0xdf, 0xd1, 0x0, 0xf, 0x84, 0x61,
    0x0, 0x2f, 0x10, 0x0, 0x0, 0x3f, 0x10, 0x0,
    0x5f, 0xff, 0xff, 0xa0, 0x1, 0x3f, 0x11, 0x0,
    0x0, 0x3f, 0x10, 0x0, 0x0, 0x3f, 0x10, 0x0,
    0x0, 0x3f, 0x10, 0x0, 0x0, 0x3f, 0x10, 0x0,
    0x0, 0x3f, 0x10, 0x0, 0x0, 0x3f, 0x10, 0x0,

    /* U+0067 "g" */
    0x0, 0x0, 0x0, 0x0, 0x0, 0xaf, 0xd7, 0xd6,
    0x8, 0xc3, 0x8f, 0x21, 0xc, 0x70, 0x1f, 0x20,
    0x9, 0xb0, 0x6f, 0x0, 0x5, 0xff, 0xf5, 0x0,
    0xf, 0x12, 0x0, 0x0, 0xe, 0x93, 0x31, 0x0,
    0x8, 0xff, 0xff, 0xb0, 0x4e, 0x10, 0x4, 0xf1,
    0x9, 0xef, 0xec, 0x60,

    /* U+0068 "h" */
    0x2f, 0x20, 0x0, 0x2, 0xf2, 0x0, 0x0, 0x2f,
    0x20, 0x0, 0x2, 0xf2, 0x0, 0x0, 0x2f, 0x3b,
    0xfd, 0x32, 0xfd, 0x72, 0xbc, 0x2f, 0x90, 0x4,
    0xf2, 0xf4, 0x0, 0x4f, 0x2f, 0x20, 0x4, 0xf2,
    0xf2, 0x0, 0x4f, 0x2f, 0x20, 0x4, 0xf2, 0xf2,
    0x0, 0x4f,

    /* U+0069 "i" */
    0xc8, 0x96, 0x0, 0x0, 0xc8, 0xc8, 0xc8, 0xc8,
    0xc8, 0xc8, 0xc8, 0xc8,

    /* U+006A "j" */
    0x0, 0x8, 0xc0, 0x0, 0x69, 0x0, 0x0, 0x0,
    0x0, 0x0, 0x0, 0x8, 0xc0, 0x0, 0x8c, 0x0,
    0x8, 0xc0, 0x0, 0x8c, 0x0, 0x8, 0xc0, 0x0,
    0x8c, 0x0, 0x8, 0xc0, 0x0, 0x8b, 0x55, 0x4d,
    0x86, 0xff, 0xa0,

    /* U+006B "k" */
    0x1f, 0x30, 0x0, 0x0, 0x1f, 0x30, 0x0, 0x0,
    0x1f, 0x30, 0x0, 0x0, 0x1f, 0x30, 0x0, 0x0,
    0x1f, 0x30, 0x2f, 0x60, 0x1f, 0x31, 0xe8, 0x0,
    0x1f, 0x3d, 0xa0, 0x0, 0x1f, 0xde, 0xd0, 0x0,
    0x1f, 0xc1, 0xe6, 0x0, 0x1f, 0x30, 0x6e, 0x0,
    0x1f, 0x30, 0xe, 0x70, 0x1f, 0x30, 0x6, 0xf1,

    /* U+006C "l" */
    0xb9, 0xb9, 0xb9, 0xb9, 0xb9, 0xb9, 0xb9, 0xb9,
    0xb9, 0xb9, 0xb9, 0xb9,

    /* U+006D "m" */
    0xc9, 0xde, 0x5d, 0xe3, 0xce, 0x4d, 0xf4, 0xc9,
    0xc9, 0xb, 0xa0, 0xaa, 0xc8, 0xb, 0x90, 0xaa,
    0xc8, 0xb, 0x90, 0xaa, 0xc8, 0xb, 0x90, 0xaa,
    0xc8, 0xb, 0x90, 0xaa, 0xc8, 0xb, 0x90, 0xaa,

    /* U+006E "n" */
    0x2f, 0x3b, 0xfd, 0x32, 0xfe, 0x50, 0xac, 0x2f,
    0x80, 0x4, 0xf2, 0xf3, 0x0, 0x4f, 0x2f, 0x20,
    0x4, 0xf2, 0xf2, 0x0, 0x4f, 0x2f, 0x20, 0x4,
    0xf2, 0xf2, 0x0, 0x4f,

    /* U+006F "o" */
    0x0, 0x9f, 0xe8, 0x0, 0xa, 0xe5, 0x5e, 0x80,
    0x2f, 0x40, 0x6, 0xf1, 0x5f, 0x0, 0x2, 0xf3,
    0x5f, 0x0, 0x2, 0xf3, 0x2f, 0x30, 0x5, 0xf1,
    0xa, 0xd5, 0x5e, 0x80, 0x0, 0x9f, 0xe8, 0x0,

    /* U+0070 "p" */
    0x4f, 0x7e, 0xe8, 0x0, 0x4f, 0xc2, 0x4e, 0x70,
    0x4f, 0x30, 0x8, 0xd0, 0x4f, 0x0, 0x5, 0xf0,
    0x4f, 0x10, 0x5, 0xf0, 0x4f, 0x40, 0x9, 0xd0,
    0x4f, 0xd4, 0x6f, 0x60, 0x4f, 0x5e, 0xf8, 0x0,
    0x4f, 0x0, 0x0, 0x0, 0x4f, 0x0, 0x0, 0x0,

    /* U+0071 "q" */
    0x1, 0xbf, 0xc8, 0xe0, 0xdc, 0x47, 0xfe, 0x3f,
    0x20, 0xa, 0xe6, 0xf0, 0x0, 0x6e, 0x5f, 0x0,
    0x6, 0xe3, 0xf3, 0x0, 0xae, 0xc, 0xc4, 0x7f,
    0xe0, 0x2c, 0xfc, 0x8e, 0x0, 0x0, 0x6, 0xe0,
    0x0, 0x0, 0x6e,

    /* U+0072 "r" */
    0x6e, 0x8, 0xe3, 0x6e, 0xbb, 0x61, 0x6f, 0xa0,
    0x0, 0x6f, 0x10, 0x0, 0x6e, 0x0, 0x0, 0x6e,
    0x0, 0x0, 0x6e, 0x0, 0x0, 0x6e, 0x0, 0x0,

    /* U+0073 "s" */
    0x1a, 0xee, 0xa0, 0xac, 0x34, 0xd8, 0xc9, 0x0,
    0x22, 0x6f, 0xc8, 0x40, 0x2, 0x7b, 0xf7, 0x82,
    0x0, 0x8d, 0xbb, 0x33, 0xcb, 0x1a, 0xef, 0xb1,

    /* U+0074 "t" */
    0x0, 0x36, 0x0, 0x0, 0x7, 0xd0, 0x0, 0x0,
    0x7d, 0x0, 0x9, 0xff, 0xff, 0xf6, 0x1, 0x7d,
    0x11, 0x0, 0x7, 0xd0, 0x0, 0x0, 0x7d, 0x0,
    0x0, 0x7, 0xd0, 0x0, 0x0, 0x6d, 0x0, 0x0,
    0x3, 0xf5, 0x46, 0x0, 0x6, 0xef, 0xb0,

    /* U+0075 "u" */
    0x2f, 0x20, 0x4, 0xf2, 0xf2, 0x0, 0x4f, 0x2f,
    0x20, 0x4, 0xf2, 0xf2, 0x0, 0x4f, 0x2f, 0x20,
    0x5, 0xf1, 0xf2, 0x0, 0xaf, 0xe, 0x80, 0x6e,
    0xf0, 0x4e, 0xfa, 0x5f,

    /* U+0076 "v" */
    0x4f, 0x0, 0x4, 0xf0, 0xe, 0x50, 0x9, 0xb0,
    0x9, 0xa0, 0xe, 0x50, 0x4, 0xf0, 0x3f, 0x0,
    0x0, 0xf4, 0x8b, 0x0, 0x0, 0xa9, 0xd6, 0x0,
    0x0, 0x4f, 0xf1, 0x0, 0x0, 0xf, 0xb0, 0x0,

    /* U+0077 "w" */
    0xd7, 0xe, 0xa0, 0xb9, 0xa9, 0xf, 0xc0, 0xd6,
    0x7c, 0x3b, 0xe0, 0xf3, 0x4e, 0x68, 0xc4, 0xf0,
    0x1f, 0x96, 0xa9, 0xc0, 0xd, 0xe3, 0x7e, 0x90,
    0xa, 0xf0, 0x4f, 0x60, 0x7, 0xe0, 0x2f, 0x30,

    /* U+0078 "x" */
    0xe, 0x80, 0xc, 0xb0, 0x5, 0xf1, 0x5f, 0x20,
    0x0, 0xb9, 0xd7, 0x0, 0x0, 0x2f, 0xd0, 0x0,
    0x0, 0x3f, 0xe1, 0x0, 0x0, 0xd8, 0xc9, 0x0,
    0x7, 0xe0, 0x3f, 0x30, 0x2f, 0x50, 0x9, 0xd0,

    /* U+0079 "y" */
    0x5f, 0x10, 0x4, 0xf1, 0xf, 0x60, 0x9, 0xb0,
    0x9, 0xb0, 0xe, 0x50, 0x4, 0xf1, 0x4f, 0x0,
    0x0, 0xe6, 0x9a, 0x0, 0x0, 0x8c, 0xe4, 0x0,
    0x0, 0x3f, 0xe0, 0x0, 0x0, 0xd, 0x90, 0x0,
    0x4, 0x5f, 0x30, 0x0, 0xa, 0xf8, 0x0, 0x0,

    /* U+007A "z" */
    0xe, 0xff, 0xff, 0xa0, 0x1, 0x14, 0xf4, 0x0,
    0x0, 0xd9, 0x0, 0x0, 0xad, 0x0, 0x0, 0x5f,
    0x20, 0x0, 0x2f, 0x60, 0x0, 0xc, 0xb1, 0x11,
    0x2, 0xff, 0xff, 0xff,

    /* U+007B "{" */
    0x2, 0xdb, 0x9, 0xb0, 0xa, 0xa0, 0xa, 0xa0,
    0xa, 0xa0, 0xa, 0x90, 0xb, 0x80, 0x6f, 0x30,
    0xc, 0x80, 0xa, 0x90, 0xa, 0xa0, 0xa, 0xa0,
    0xa, 0xa0, 0x9, 0xb0, 0x3, 0xdb,

    /* U+007C "|" */
    0xb9, 0xb9, 0xb9, 0xb9, 0xb9, 0xb9, 0xb9, 0xb9,
    0xb9, 0xb9, 0xb9, 0xb9, 0xb9, 0xb9, 0xb9, 0xb9,
    0xb9,

    /* U+007D "}" */
    0xd, 0xc1, 0x0, 0xe, 0x60, 0x0, 0xd7, 0x0,
    0xd, 0x70, 0x0, 0xd7, 0x0, 0xc, 0x70, 0x0,
    0xb9, 0x0, 0x6, 0xf3, 0x0, 0xb9, 0x0, 0xc,
    0x70, 0x0, 0xd7, 0x0, 0xd, 0x70, 0x0, 0xd7,
    0x0, 0xe, 0x60, 0xd, 0xc1, 0x0,

    /* U+007E "~" */
    0x0, 0x0, 0x0, 0x0, 0x3, 0xfb, 0x0, 0x71,
    0xc, 0x6b, 0xc4, 0xe0, 0x9, 0x0, 0xbf, 0x70,
    0x0, 0x0, 0x3, 0x0,

    /* U+00B7 "·" */
    0x4f, 0xf3, 0x4f, 0xf3, 0x2a, 0xa1,

    /* U+2014 "—" */
    0xff, 0xff, 0xff, 0xff, 0xff, 0xff, 0xff, 0xff,

    /* U+4E00 "一" */
    0x1a, 0xa9, 0x99, 0x99, 0x99, 0x99, 0x99, 0xa1,
    0x1f, 0xee, 0xee, 0xee, 0xee, 0xee, 0xee, 0xf1,

    /* U+4E09 "三" */
    0x0, 0x45, 0x44, 0x44, 0x44, 0x44, 0x53, 0x0,
    0xb, 0xee, 0xee, 0xee, 0xee, 0xee, 0xa0, 0x0,
    0x0, 0x0, 0x0, 0x0, 0x0, 0x0, 0x0, 0x0,
    0x0, 0x0, 0x0, 0x0, 0x0, 0x0, 0x0, 0x0,
    0x0, 0x0, 0x0, 0x0, 0x0, 0x0, 0x0, 0x56,
    0x55, 0x55, 0x55, 0x64, 0x0, 0x0, 0xc, 0xee,
    0xee, 0xee, 0xee, 0x90, 0x0, 0x0, 0x0, 0x0,
    0x0, 0x0, 0x0, 0x0, 0x0, 0x0, 0x0, 0x0,
    0x0, 0x0, 0x0, 0x0, 0x0, 0x0, 0x0, 0x0,
    0x0, 0x0, 0x0, 0x0, 0x0, 0x0, 0x0, 0x0,
    0x0, 0x0, 0x1, 0xff, 0xff, 0xff, 0xff, 0xff,
    0xff, 0xff, 0x5, 0x44, 0x44, 0x44, 0x44, 0x44,
    0x45, 0x50,

    /* U+4E0B "下" */
    0x0, 0x0, 0x0, 0x0, 0x0, 0x0, 0x0, 0xff,
    0xff, 0xff, 0xff, 0xff, 0xff, 0xfe, 0x44, 0x33,
    0x35, 0xf6, 0x33, 0x33, 0x44, 0x0, 0x0, 0x2,
    0xf3, 0x0, 0x0, 0x0, 0x0, 0x0, 0x2, 0xf3,
    0x0, 0x0, 0x0, 0x0, 0x0, 0x2, 0xf3, 0x13,
    0x0, 0x0, 0x0, 0x0, 0x2, 0xf3, 0x9f, 0x40,
    0x0, 0x0, 0x0, 0x2, 0xf3, 0xa, 0xf5, 0x0,
    0x0, 0x0, 0x2, 0xf3, 0x0, 0xaf, 0x50, 0x0,
    0x0, 0x2, 0xf3, 0x0, 0xb, 0xc0, 0x0, 0x0,
    0x2, 0xf3, 0x0, 0x0, 0x10, 0x0, 0x0, 0x2,
    0xf3, 0x0, 0x0, 0x0, 0x0, 0x0, 0x2, 0xf3,
    0x0, 0x0, 0x0, 0x0, 0x0, 0x2, 0xf3, 0x0,
    0x0, 0x0,

    /* U+4E0E "与" */
    0x0, 0x11, 0x0, 0x0, 0x0, 0x0, 0x0, 0x0,
    0x8e, 0x0, 0x0, 0x0, 0x0, 0x0, 0x0, 0x9a,
    0x0, 0x0, 0x0, 0x0, 0x0, 0x0, 0xbf, 0xee,
    0xee, 0xee, 0xee, 0xf5, 0x0, 0xd7, 0x22, 0x22,
    0x22, 0x22, 0x31, 0x0, 0xf4, 0x0, 0x0, 0x0,
    0x0, 0x0, 0x2, 0xf2, 0x0, 0x0, 0x0, 0x0,
    0x0, 0x4, 0xff, 0xff, 0xff, 0xff, 0xff, 0xe0,
    0x0, 0x0, 0x0, 0x0, 0x0, 0x7, 0xc0, 0x0,
    0x0, 0x0, 0x0, 0x0, 0x9, 0xb0, 0x44, 0x33,
    0x33, 0x33, 0x34, 0xa, 0x90, 0xde, 0xee, 0xee,
    0xee, 0xee, 0x1c, 0x70, 0x0, 0x0, 0x0, 0x0,
    0x0, 0xe, 0x50, 0x0, 0x0, 0x0, 0x0, 0x0,
    0x1f, 0x30, 0x0, 0x0, 0x0, 0x0, 0xac, 0xfd,
    0x0, 0x0, 0x0, 0x0, 0x0, 0x58, 0x50, 0x0,

    /* U+4E13 "专" */
    0x0, 0x0, 0x0, 0x1, 0x0, 0x0, 0x0, 0x0,
    0x0, 0x0, 0x0, 0xe7, 0x0, 0x0, 0x0, 0x0,
    0x0, 0x0, 0x2f, 0x20, 0x0, 0x0, 0x0, 0x8,
    0xdd, 0xde, 0xfd, 0xdd, 0xdd, 0x60, 0x0, 0x23,
    0x33, 0xca, 0x33, 0x33, 0x31, 0x0, 0x0, 0x0,
    0xe, 0x40, 0x0, 0x0, 0x0, 0xf, 0xee, 0xee,
    0xfe, 0xee, 0xee, 0xee, 0xd0, 0x43, 0x33, 0xbb,
    0x33, 0x33, 0x33, 0x33, 0x0, 0x0, 0x1f, 0x50,
    0x0, 0x0, 0x0, 0x0, 0x0, 0x6, 0xff, 0xff,
    0xff, 0xff, 0x0, 0x0, 0x0, 0x4, 0x22, 0x22,
    0x9f, 0x70, 0x0, 0x0, 0x0, 0x20, 0x0, 0x4f,
    0x50, 0x0, 0x0, 0x0, 0xe, 0xe8, 0x4f, 0x60,
    0x0, 0x0, 0x0, 0x0, 0x17, 0xdf, 0xe5, 0x0,
    0x0, 0x0, 0x0, 0x0, 0x0, 0x3a, 0xf8, 0x0,
    0x0, 0x0, 0x0, 0x0, 0x0, 0x1, 0x10, 0x0,

    /* U+4E1A "业" */
    0x0, 0x0, 0x9, 0xf0, 0x1f, 0x60, 0x0, 0x0,
    0x0, 0x0, 0x7, 0xf0, 0xf, 0x50, 0x0, 0x0,
    0x0, 0x0, 0x7, 0xf0, 0xf, 0x50, 0x0, 0x0,
    0x6, 0xa0, 0x7, 0xf0, 0xf, 0x50, 0x1e, 0x50,
    0x6, 0xf2, 0x7, 0xf0, 0xf, 0x50, 0x5f, 0x30,
    0x1, 0xf8, 0x7, 0xf0, 0xf, 0x50, 0xac, 0x0,
    0x0, 0xad, 0x7, 0xf0, 0xf, 0x50, 0xf6, 0x0,
    0x0, 0x5f, 0x37, 0xf0, 0xf, 0x57, 0xf0, 0x0,
    0x0, 0xd, 0x57, 0xf0, 0xf, 0x5a, 0xa0, 0x0,
    0x0, 0x0, 0x7, 0xf0, 0xf, 0x50, 0x0, 0x0,
    0x0, 0x0, 0x7, 0xf0, 0xf, 0x50, 0x0, 0x0,
    0x3, 0x32, 0x28, 0xf2, 0x2f, 0x62, 0x23, 0x30,
    0x3f, 0xff, 0xff, 0xff, 0xff, 0xff, 0xff, 0xf3,
    0x0, 0x0, 0x0, 0x0, 0x0, 0x0, 0x0, 0x0,

    /* U+4E2A "个" */
    0x0, 0x0, 0x0, 0x8, 0x40, 0x0, 0x0, 0x0,
    0x0, 0x0, 0x0, 0x4f, 0x90, 0x0, 0x0, 0x0,
    0x0, 0x0, 0x0, 0xdb, 0xf4, 0x0, 0x0, 0x0,
    0x0, 0x0, 0xb, 0xd0, 0x7f, 0x40, 0x0, 0x0,
    0x0, 0x0, 0xae, 0x20, 0x9, 0xf5, 0x0, 0x0,
    0x0, 0x2c, 0xe3, 0xf, 0x60, 0x8f, 0xb2, 0x0,
    0x18, 0xfd, 0x20, 0xe, 0x60, 0x5, 0xef, 0xc0,
    0x1d, 0x80, 0x0, 0xd, 0x60, 0x0, 0x18, 0x70,
    0x0, 0x0, 0x0, 0xd, 0x60, 0x0, 0x0, 0x0,
    0x0, 0x0, 0x0, 0xd, 0x60, 0x0, 0x0, 0x0,
    0x0, 0x0, 0x0, 0xd, 0x60, 0x0, 0x0, 0x0,
    0x0, 0x0, 0x0, 0xd, 0x60, 0x0, 0x0, 0x0,
    0x0, 0x0, 0x0, 0xd, 0x60, 0x0, 0x0, 0x0,
    0x0, 0x0, 0x0, 0xe, 0x60, 0x0, 0x0, 0x0,
    0x0, 0x0, 0x0, 0xe, 0x70, 0x0, 0x0, 0x0,

    /* U+4E50 "乐" */
    0x0, 0x0, 0x0, 0x2, 0x47, 0xad, 0x0, 0x1,
    0xcd, 0xdf, 0xff, 0xdb, 0xa8, 0x20, 0x2, 0xf5,
    0x31, 0x25, 0x0, 0x0, 0x0, 0x4, 0xf0, 0x0,
    0x4f, 0x10, 0x0, 0x0, 0x6, 0xe0, 0x0, 0x4f,
    0x10, 0x0, 0x0, 0xa, 0xc0, 0x0, 0x4f, 0x10,
    0x0, 0x0, 0x1f, 0xff, 0xff, 0xff, 0xff, 0xff,
    0xfa, 0x5, 0x42, 0x22, 0x6f, 0x32, 0x22, 0x32,
    0x0, 0x7, 0x60, 0x4f, 0x10, 0x40, 0x0, 0x0,
    0x3f, 0x90, 0x4f, 0x14, 0xf7, 0x0, 0x2, 0xe9,
    0x0, 0x4f, 0x10, 0x6f, 0x80, 0x3e, 0xa0, 0x0,
    0x4f, 0x10, 0x7, 0xf8, 0x4a, 0x0, 0x0, 0x6f,
    0x0, 0x0, 0x73, 0x0, 0x0, 0x5f, 0xfc, 0x0,
    0x0, 0x0, 0x0, 0x0, 0x5, 0x30, 0x0, 0x0,
    0x0,

    /* U+4E60 "习" */
    0x0, 0x0, 0x0, 0x0, 0x0, 0x0, 0x4f, 0xff,
    0xff, 0xff, 0xff, 0xf9, 0x13, 0x32, 0x22, 0x22,
    0x22, 0xd8, 0x0, 0x61, 0x0, 0x0, 0x0, 0xd7,
    0x1, 0xde, 0x60, 0x0, 0x0, 0xd6, 0x0, 0x8,
    0xfc, 0x10, 0x0, 0xe6, 0x0, 0x0, 0x3b, 0x0,
    0x0, 0xe5, 0x0, 0x0, 0x0, 0x1, 0x20, 0xf5,
    0x0, 0x0, 0x3, 0x9f, 0x70, 0xf4, 0x0, 0x27,
    0xdf, 0xa3, 0x0, 0xf4, 0x5c, 0xfd, 0x60, 0x0,
    0x0, 0xf3, 0x3c, 0x50, 0x0, 0x0, 0x1, 0xf3,
    0x0, 0x0, 0x0, 0x16, 0x6b, 0xf1, 0x0, 0x0,
    0x0, 0xd, 0xfc, 0x60, 0x0, 0x0, 0x0, 0x0,
    0x0, 0x0,

    /* U+4E86 "了" */
    0x0, 0x0, 0x0, 0x0, 0x0, 0x0, 0xbf, 0xff,
    0xff, 0xff, 0xff, 0xff, 0x12, 0x22, 0x22, 0x22,
    0x3c, 0xf9, 0x0, 0x0, 0x0, 0x5, 0xed, 0x30,
    0x0, 0x0, 0x2, 0xbf, 0x80, 0x0, 0x0, 0x0,
    0xb, 0xe3, 0x0, 0x0, 0x0, 0x0, 0xa, 0xc0,
    0x0, 0x0, 0x0, 0x0, 0xa, 0xc0, 0x0, 0x0,
    0x0, 0x0, 0xa, 0xc0, 0x0, 0x0, 0x0, 0x0,
    0xa, 0xc0, 0x0, 0x0, 0x0, 0x0, 0xa, 0xc0,
    0x0, 0x0, 0x0, 0x0, 0xa, 0xc0, 0x0, 0x0,
    0x0, 0x1, 0x1c, 0xb0, 0x0, 0x0, 0x0, 0xc,
    0xff, 0x70, 0x0, 0x0, 0x0, 0x4, 0x73, 0x0,
    0x0, 0x0,

    /* U+4E8C "二" */
    0x0, 0x36, 0x66, 0x66, 0x66, 0x66, 0x73, 0x0,
    0x0, 0x8f, 0xff, 0xff, 0xff, 0xff, 0xf6, 0x0,
    0x0, 0x0, 0x0, 0x0, 0x0, 0x0, 0x0, 0x0,
    0x0, 0x0, 0x0, 0x0, 0x0, 0x0, 0x0, 0x0,
    0x0, 0x0, 0x0, 0x0, 0x0, 0x0, 0x0, 0x0,
    0x0, 0x0, 0x0, 0x0, 0x0, 0x0, 0x0, 0x0,
    0x0, 0x0, 0x0, 0x0, 0x0, 0x0, 0x0, 0x0,
    0x0, 0x0, 0x0, 0x0, 0x0, 0x0, 0x0, 0x0,
    0x0, 0x0, 0x0, 0x0, 0x0, 0x0, 0x0, 0x0,
    0x18, 0x77, 0x77, 0x77, 0x77, 0x77, 0x78, 0x80,
    0x1e, 0xee, 0xee, 0xee, 0xee, 0xee, 0xee, 0xe0,

    /* U+4E94 "五" */
    0x5, 0x44, 0x44, 0x44, 0x44, 0x44, 0x50, 0xc,
    0xbb, 0xbc, 0xfb, 0xbb, 0xbb, 0xc1, 0x0, 0x0,
    0x6, 0xc0, 0x0, 0x0, 0x0, 0x0, 0x0, 0x8,
    0xa0, 0x0, 0x0, 0x0, 0x0, 0x10, 0xa, 0x90,
    0x0, 0x0, 0x0, 0x3, 0xff, 0xff, 0xff, 0xff,
    0xf4, 0x0, 0x0, 0x0, 0xf, 0x40, 0x0, 0xf4,
    0x0, 0x0, 0x0, 0x1f, 0x20, 0x0, 0xf3, 0x0,
    0x0, 0x0, 0x4f, 0x0, 0x0, 0xf3, 0x0, 0x0,
    0x0, 0x6d, 0x0, 0x1, 0xf2, 0x0, 0x0, 0x0,
    0x8b, 0x0, 0x1, 0xf2, 0x0, 0xef, 0xff, 0xff,
    0xff, 0xff, 0xff, 0xff, 0x44, 0x33, 0x33, 0x33,
    0x33, 0x33, 0x34,

    /* U+4EC5 "仅" */
    0x0, 0x1, 0xb3, 0x0, 0x0, 0x0, 0x0, 0x0,
    0x0, 0x5, 0xf3, 0x54, 0x44, 0x44, 0x43, 0x0,
    0x0, 0xb, 0xa3, 0xef, 0xdd, 0xdd, 0xfb, 0x0,
    0x0, 0x2f, 0x30, 0x5f, 0x0, 0x0, 0xd8, 0x0,
    0x0, 0xaf, 0x20, 0x2f, 0x20, 0x0, 0xf4, 0x0,
    0x4, 0xff, 0x20, 0xe, 0x60, 0x4, 0xf0, 0x0,
    0x1e, 0xaf, 0x20, 0xa, 0xa0, 0xa, 0xa0, 0x0,
    0x9, 0x1f, 0x20, 0x5, 0xf1, 0x1f, 0x40, 0x0,
    0x0, 0x1f, 0x20, 0x0, 0xe8, 0x9d, 0x0, 0x0,
    0x0, 0x1f, 0x20, 0x0, 0x6f, 0xf5, 0x0, 0x0,
    0x0, 0x1f, 0x20, 0x0, 0x2f, 0xf1, 0x0, 0x0,
    0x0, 0x1f, 0x20, 0x3, 0xec, 0xce, 0x30, 0x0,
    0x0, 0x1f, 0x20, 0x7f, 0xa0, 0xb, 0xf8, 0x0,
    0x0, 0x1f, 0x5d, 0xf7, 0x0, 0x0, 0x8f, 0xe1,
    0x0, 0x2f, 0x3a, 0x30, 0x0, 0x0, 0x3, 0x70,

    /* U+4ECA "今" */
    0x0, 0x0, 0x0, 0x2, 0x0, 0x0, 0x0, 0x0,
    0x0, 0x0, 0x0, 0xe, 0xb0, 0x0, 0x0, 0x0,
    0x0, 0x0, 0x0, 0x7e, 0xe3, 0x0, 0x0, 0x0,
    0x0, 0x0, 0x2, 0xf3, 0x5e, 0x10, 0x0, 0x0,
    0x0, 0x0, 0x1e, 0x70, 0x9, 0xd1, 0x0, 0x0,
    0x0, 0x2, 0xe8, 0x15, 0x0, 0xbd, 0x20, 0x0,
    0x0, 0x5f, 0x80, 0x5f, 0x50, 0xa, 0xf7, 0x0,
    0x1b, 0xf6, 0x0, 0x8, 0xf1, 0x0, 0x8f, 0xd0,
    0x8, 0x30, 0x0, 0x0, 0x40, 0x0, 0x3, 0x60,
    0x0, 0x9, 0xff, 0xff, 0xff, 0xff, 0xf1, 0x0,
    0x0, 0x2, 0x22, 0x22, 0x22, 0x5f, 0xa0, 0x0,
    0x0, 0x0, 0x0, 0x0, 0x0, 0xdb, 0x0, 0x0,
    0x0, 0x0, 0x0, 0x0, 0x8, 0xe1, 0x0, 0x0,
    0x0, 0x0, 0x0, 0x0, 0x4f, 0x40, 0x0, 0x0,
    0x0, 0x0, 0x0, 0x1, 0xe9, 0x0, 0x0, 0x0,
    0x0, 0x0, 0x0, 0x0, 0x60, 0x0, 0x0, 0x0,

    /* U+4F11 "休" */
    0x0, 0x9, 0x90, 0x0, 0xf, 0x40, 0x0, 0x0,
    0x0, 0xe, 0xa0, 0x0, 0xf, 0x40, 0x0, 0x0,
    0x0, 0x4f, 0x30, 0x0, 0xf, 0x40, 0x0, 0x0,
    0x0, 0xaf, 0x12, 0x11, 0x1f, 0x51, 0x11, 0x10,
    0x2, 0xff, 0x1e, 0xff, 0xff, 0xff, 0xff, 0x90,
    0xa, 0xdf, 0x10, 0x0, 0xbf, 0xe0, 0x0, 0x0,
    0x3f, 0x5f, 0x10, 0x1, 0xff, 0xf7, 0x0, 0x0,
    0x6, 0x2f, 0x10, 0x9, 0xcf, 0xaf, 0x20, 0x0,
    0x0, 0x2f, 0x10, 0x2f, 0x4f, 0x4d, 0xc0, 0x0,
    0x0, 0x2f, 0x10, 0xcc, 0xf, 0x43, 0xf9, 0x0,
    0x0, 0x2f, 0x19, 0xf2, 0xf, 0x40, 0x7f, 0xa0,
    0x0, 0x2f, 0x3e, 0x60, 0xf, 0x40, 0x8, 0xb1,
    0x0, 0x2f, 0x10, 0x0, 0xf, 0x40, 0x0, 0x0,
    0x0, 0x3e, 0x10, 0x0, 0xf, 0x40, 0x0, 0x0,

    /* U+4F1A "会" */
    0x0, 0x0, 0x0, 0x1, 0x0, 0x0, 0x0, 0x0,
    0x0, 0x0, 0x0, 0xb, 0xc0, 0x0, 0x0, 0x0,
    0x0, 0x0, 0x0, 0x7e, 0xe4, 0x0, 0x0, 0x0,
    0x0, 0x0, 0x6, 0xe3, 0x4e, 0x40, 0x0, 0x0,
    0x0, 0x0, 0x8e, 0x30, 0x5, 0xf7, 0x0, 0x0,
    0x0, 0x2b, 0xd2, 0x0, 0x0, 0x3d, 0xd4, 0x0,
    0x19, 0xfa, 0x8c, 0xcc, 0xcc, 0xc5, 0x9f, 0xd1,
    0xa, 0x50, 0x23, 0x33, 0x33, 0x31, 0x2, 0x50,
    0x0, 0x0, 0x0, 0x0, 0x0, 0x0, 0x0, 0x0,
    0x3, 0xfe, 0xee, 0xee, 0xee, 0xee, 0xef, 0x10,
    0x0, 0x10, 0x0, 0xa9, 0x0, 0x0, 0x1, 0x0,
    0x0, 0x0, 0x7, 0xf5, 0x4, 0x80, 0x0, 0x0,
    0x0, 0x0, 0x6f, 0x40, 0x4, 0xf7, 0x0, 0x0,
    0x0, 0x8, 0xe3, 0x0, 0x1, 0x7f, 0x70, 0x0,
    0x0, 0x7f, 0xff, 0xfe, 0xdd, 0xcc, 0xf5, 0x0,
    0x0, 0x14, 0x20, 0x0, 0x0, 0x0, 0x82, 0x0,

    /* U+4F53 "体" */
    0x0, 0x6, 0x90, 0x0, 0xe, 0x40, 0x0, 0x0,
    0x0, 0xb, 0x80, 0x0, 0xd, 0x40, 0x0, 0x0,
    0x0, 0x1f, 0x30, 0x0, 0xd, 0x40, 0x0, 0x0,
    0x0, 0x7f, 0xe, 0xdd, 0xdf, 0xed, 0xdd, 0xb0,
    0x0, 0xee, 0x3, 0x24, 0xfe, 0xe8, 0x22, 0x20,
    0x7, 0xfe, 0x0, 0x6, 0xcd, 0xac, 0x0, 0x0,
    0x1f, 0x7e, 0x0, 0xc, 0x7d, 0x5e, 0x40, 0x0,
    0x5, 0x3e, 0x0, 0x5e, 0xd, 0x47, 0xd0, 0x0,
    0x0, 0x3e, 0x2, 0xf6, 0xd, 0x40, 0xcb, 0x0,
    0x0, 0x3e, 0x3e, 0xa0, 0xd, 0x40, 0x1e, 0xd2,
    0x0, 0x3e, 0x9a, 0x3d, 0xcf, 0xdc, 0x81, 0x80,
    0x0, 0x3e, 0x0, 0x14, 0x3e, 0x63, 0x20, 0x0,
    0x0, 0x3e, 0x0, 0x0, 0xe, 0x40, 0x0, 0x0,
    0x0, 0x3e, 0x0, 0x0, 0xe, 0x50, 0x0, 0x0,

    /* U+4F5C "作" */
    0x0, 0x0, 0x0, 0x0, 0x0, 0x0, 0x0, 0x0,
    0x0, 0x0, 0xc4, 0x0, 0xaa, 0x0, 0x0, 0x0,
    0x0, 0x5, 0xf5, 0x1, 0xf8, 0x0, 0x0, 0x0,
    0x0, 0xc, 0xc0, 0x8, 0xf1, 0x0, 0x0, 0x10,
    0x0, 0x4f, 0x60, 0x2f, 0xff, 0xff, 0xff, 0xf1,
    0x0, 0xdf, 0x60, 0xbd, 0x2f, 0x10, 0x0, 0x0,
    0x8, 0xef, 0x67, 0xf3, 0x2f, 0x10, 0x0, 0x0,
    0x3f, 0x5f, 0x60, 0x20, 0x2f, 0xff, 0xff, 0x50,
    0x7, 0xf, 0x60, 0x0, 0x2f, 0x21, 0x12, 0x0,
    0x0, 0xf, 0x60, 0x0, 0x2f, 0x10, 0x0, 0x0,
    0x0, 0xf, 0x60, 0x0, 0x2f, 0x10, 0x0, 0x0,
    0x0, 0xf, 0x60, 0x0, 0x2f, 0xff, 0xff, 0xc0,
    0x0, 0xf, 0x60, 0x0, 0x2f, 0x21, 0x11, 0x20,
    0x0, 0xf, 0x60, 0x0, 0x2f, 0x10, 0x0, 0x0,
    0x0, 0xf, 0x60, 0x0, 0x2f, 0x10, 0x0, 0x0,
    0x0, 0xf, 0x60, 0x0, 0x2f, 0x10, 0x0, 0x0,

    /* U+4F7F "使" */
    0x0, 0x0, 0x0, 0x0, 0x1, 0x0, 0x0, 0x0,
    0x0, 0x9, 0x70, 0x0, 0xc, 0x80, 0x0, 0x0,
    0x0, 0xe, 0x60, 0x0, 0xc, 0x70, 0x0, 0x0,
    0x0, 0x5f, 0x2f, 0xff, 0xff, 0xff, 0xff, 0xe0,
    0x0, 0xce, 0x1, 0x0, 0xc, 0x70, 0x1, 0x10,
    0x4, 0xfe, 0x3, 0xcc, 0xcf, 0xdc, 0xcc, 0x30,
    0xd, 0xae, 0x4, 0xe2, 0x2c, 0x82, 0x2e, 0x40,
    0x1c, 0x3e, 0x4, 0xe0, 0xc, 0x60, 0xe, 0x40,
    0x0, 0x3e, 0x5, 0xff, 0xff, 0xff, 0xff, 0x40,
    0x0, 0x3e, 0x0, 0x52, 0xe, 0x50, 0x0, 0x0,
    0x0, 0x3e, 0x0, 0xab, 0xf, 0x20, 0x0, 0x0,
    0x0, 0x3e, 0x0, 0xc, 0xde, 0x0, 0x0, 0x0,
    0x0, 0x3e, 0x0, 0x2, 0xfe, 0x30, 0x0, 0x0,
    0x0, 0x3f, 0x0, 0x4d, 0x88, 0xfb, 0x74, 0x20,
    0x0, 0x4f, 0x1b, 0xd4, 0x0, 0x18, 0xcf, 0xd0,
    0x0, 0x0, 0x1, 0x0, 0x0, 0x0, 0x0, 0x0,

    /* U+4FE1 "信" */
    0x0, 0x0, 0x0, 0x0, 0x0, 0x0, 0x0, 0x0,
    0x0, 0x5, 0xc0, 0x0, 0xe, 0x30, 0x0, 0x0,
    0x0, 0xa, 0xa0, 0x0, 0x8, 0x60, 0x0, 0x0,
    0x0, 0xf, 0x4d, 0xff, 0xff, 0xff, 0xff, 0xf1,
    0x0, 0x6f, 0x21, 0x10, 0x0, 0x0, 0x1, 0x10,
    0x0, 0xdf, 0x20, 0x44, 0x44, 0x44, 0x45, 0x0,
    0x6, 0xef, 0x20, 0xaa, 0xaa, 0xaa, 0xab, 0x10,
    0x1e, 0x7f, 0x20, 0x21, 0x11, 0x11, 0x12, 0x0,
    0x1a, 0xf, 0x20, 0xdd, 0xdd, 0xdd, 0xde, 0x20,
    0x0, 0xf, 0x20, 0x0, 0x0, 0x0, 0x0, 0x0,
    0x0, 0xf, 0x20, 0xbe, 0xee, 0xee, 0xee, 0x0,
    0x0, 0xf, 0x20, 0xb7, 0x0, 0x0, 0x2f, 0x0,
    0x0, 0xf, 0x20, 0xb7, 0x0, 0x0, 0x2f, 0x0,
    0x0, 0xf, 0x20, 0xbf, 0xff, 0xff, 0xff, 0x0,
    0x0, 0xf, 0x20, 0xc7, 0x0, 0x0, 0x3f, 0x0,
    0x0, 0x2f, 0x20, 0x0, 0x0, 0x0, 0x0, 0x0,

    /* U+4FEE "修" */
    0x0, 0x0, 0x0, 0x0, 0x2, 0x0, 0x0, 0x0,
    0x0, 0x6, 0xc0, 0x0, 0x2f, 0x40, 0x0, 0x0,
    0x0, 0xb, 0x90, 0x0, 0x9f, 0x88, 0x88, 0x0,
    0x0, 0x2f, 0x30, 0x1, 0xfd, 0x66, 0xda, 0x0,
    0x0, 0x8e, 0x2f, 0xb, 0xad, 0x74, 0xe1, 0x0,
    0x1, 0xfe, 0x1f, 0x3d, 0x2, 0xef, 0x50, 0x0,
    0xa, 0xce, 0x1f, 0x0, 0x4c, 0xeb, 0xe7, 0x31,
    0xd, 0x4e, 0x1f, 0x6f, 0xf8, 0x13, 0x4b, 0xf5,
    0x0, 0x2e, 0x1f, 0x6, 0x4, 0xdc, 0x0, 0x0,
    0x0, 0x2e, 0x1f, 0x3, 0xce, 0x60, 0x92, 0x0,
    0x0, 0x2e, 0x1f, 0x0, 0x60, 0x3d, 0xd4, 0x0,
    0x0, 0x2e, 0x1f, 0x0, 0x3a, 0xe7, 0x5, 0xa0,
    0x0, 0x2e, 0x5, 0x4, 0xf8, 0x15, 0xcf, 0x91,
    0x0, 0x2e, 0x0, 0x1, 0x59, 0xee, 0x81, 0x0,
    0x0, 0x3f, 0x0, 0x4f, 0xfa, 0x50, 0x0, 0x0,
    0x0, 0x0, 0x0, 0x3, 0x0, 0x0, 0x0, 0x0,

    /* U+5019 "候" */
    0x0, 0x5, 0x40, 0x0, 0x10, 0x0, 0x0, 0x0,
    0x0, 0xd, 0x90, 0x4, 0xff, 0xff, 0xf0, 0x0,
    0x0, 0x2f, 0x16, 0x20, 0x0, 0x7, 0xb0, 0x0,
    0x0, 0x8d, 0xe, 0x6d, 0xdd, 0xde, 0xed, 0xd8,
    0x1, 0xfd, 0xe, 0x53, 0x77, 0x22, 0x22, 0x32,
    0x9, 0xed, 0xe, 0x50, 0xba, 0x33, 0x33, 0x0,
    0x1f, 0x6d, 0xe, 0x53, 0xfc, 0xee, 0xcd, 0x0,
    0x1, 0x4d, 0xe, 0x57, 0x70, 0x97, 0x0, 0x0,
    0x0, 0x4d, 0xe, 0x54, 0x44, 0xc8, 0x44, 0x41,
    0x0, 0x4d, 0xe, 0x5c, 0xbb, 0xfe, 0xbb, 0xc3,
    0x0, 0x4d, 0xe, 0x50, 0x4, 0xef, 0x20, 0x0,
    0x0, 0x4d, 0x0, 0x0, 0x3e, 0x58, 0xe3, 0x0,
    0x0, 0x4d, 0x0, 0x18, 0xf7, 0x0, 0xaf, 0x93,
    0x0, 0x5e, 0x0, 0xad, 0x40, 0x0, 0x5, 0xd2,
    0x0, 0x0, 0x0, 0x0, 0x0, 0x0, 0x0, 0x0,

    /* U+505C "停" */
    0x0, 0x2, 0x0, 0x0, 0x2, 0x20, 0x0, 0x0,
    0x0, 0xb, 0xa0, 0x0, 0xb, 0xb0, 0x0, 0x0,
    0x0, 0xf, 0x39, 0xee, 0xee, 0xfe, 0xee, 0xe1,
    0x0, 0x6f, 0x1, 0x11, 0x11, 0x11, 0x11, 0x10,
    0x0, 0xde, 0x0, 0x9f, 0xff, 0xff, 0xf7, 0x0,
    0x5, 0xfe, 0x0, 0x98, 0x0, 0x0, 0x97, 0x0,
    0xe, 0x9e, 0x0, 0x9e, 0xcc, 0xcc, 0xe7, 0x0,
    0x2d, 0x3e, 0x0, 0x23, 0x33, 0x33, 0x31, 0x0,
    0x0, 0x2e, 0x2f, 0xff, 0xff, 0xff, 0xff, 0xf4,
    0x0, 0x2e, 0x2e, 0x0, 0x0, 0x0, 0x0, 0xc4,
    0x0, 0x2e, 0x1, 0x7e, 0xee, 0xee, 0xe9, 0x10,
    0x0, 0x2e, 0x0, 0x0, 0x5, 0xc0, 0x0, 0x0,
    0x0, 0x2e, 0x0, 0x0, 0x5, 0xc0, 0x0, 0x0,
    0x0, 0x2f, 0x0, 0x0, 0x27, 0xc0, 0x0, 0x0,
    0x0, 0x3f, 0x0, 0x0, 0xcf, 0x80, 0x0, 0x0,
    0x0, 0x0, 0x0, 0x0, 0x21, 0x0, 0x0, 0x0,

    /* U+5165 "入" */
    0x0, 0x0, 0x8, 0x10, 0x0, 0x0, 0x0, 0x0,
    0x0, 0x0, 0x3e, 0xd1, 0x0, 0x0, 0x0, 0x0,
    0x0, 0x0, 0x1, 0xdd, 0x10, 0x0, 0x0, 0x0,
    0x0, 0x0, 0x0, 0x1e, 0xa0, 0x0, 0x0, 0x0,
    0x0, 0x0, 0x0, 0xb, 0xf2, 0x0, 0x0, 0x0,
    0x0, 0x0, 0x0, 0x2f, 0xda, 0x0, 0x0, 0x0,
    0x0, 0x0, 0x0, 0xab, 0x5f, 0x10, 0x0, 0x0,
    0x0, 0x0, 0x3, 0xf4, 0xe, 0x80, 0x0, 0x0,
    0x0, 0x0, 0xc, 0xb0, 0x7, 0xf1, 0x0, 0x0,
    0x0, 0x0, 0x8f, 0x20, 0x0, 0xeb, 0x0, 0x0,
    0x0, 0x5, 0xf6, 0x0, 0x0, 0x6f, 0xa0, 0x0,
    0x0, 0x6f, 0x80, 0x0, 0x0, 0x9, 0xfc, 0x20,
    0x1a, 0xf9, 0x0, 0x0, 0x0, 0x0, 0x9f, 0xe1,
    0xc, 0x70, 0x0, 0x0, 0x0, 0x0, 0x7, 0x50,
    0x0, 0x0, 0x0, 0x0, 0x0, 0x0, 0x0, 0x0,

    /* U+5168 "全" */
    0x0, 0x0, 0x0, 0x7, 0x70, 0x0, 0x0, 0x0,
    0x0, 0x0, 0x0, 0x3f, 0xf2, 0x0, 0x0, 0x0,
    0x0, 0x0, 0x1, 0xda, 0x6d, 0x10, 0x0, 0x0,
    0x0, 0x0, 0x1d, 0xd1, 0xb, 0xd2, 0x0, 0x0,
    0x0, 0x3, 0xdd, 0x10, 0x0, 0xbf, 0x80, 0x0,
    0x2, 0xaf, 0xc2, 0x11, 0x11, 0x18, 0xff, 0xa2,
    0xb, 0xd5, 0xff, 0xff, 0xff, 0xff, 0xa7, 0xd0,
    0x1, 0x0, 0x0, 0x5, 0xe0, 0x0, 0x0, 0x0,
    0x0, 0x0, 0x0, 0x5, 0xe0, 0x0, 0x0, 0x0,
    0x0, 0xd, 0xff, 0xff, 0xff, 0xff, 0xf6, 0x0,
    0x0, 0x1, 0x0, 0x5, 0xe0, 0x0, 0x10, 0x0,
    0x0, 0x0, 0x0, 0x5, 0xe0, 0x0, 0x0, 0x0,
    0x0, 0x11, 0x11, 0x15, 0xe1, 0x11, 0x11, 0x10,
    0x3, 0xff, 0xff, 0xff, 0xff, 0xff, 0xff, 0x60,
    0x0, 0x0, 0x0, 0x0, 0x0, 0x0, 0x0, 0x0,

    /* U+516D "六" */
    0x0, 0x0, 0x1, 0x20, 0x0, 0x0, 0x0, 0x0,
    0x0, 0xa, 0xe1, 0x0, 0x0, 0x0, 0x0, 0x0,
    0x1, 0xeb, 0x0, 0x0, 0x0, 0x0, 0x0, 0x0,
    0x6e, 0x20, 0x0, 0x0, 0x66, 0x55, 0x55, 0x56,
    0x55, 0x55, 0x66, 0xce, 0xee, 0xee, 0xee, 0xee,
    0xee, 0xed, 0x0, 0x0, 0x0, 0x0, 0x0, 0x0,
    0x0, 0x0, 0x0, 0x50, 0x0, 0x6, 0x0, 0x0,
    0x0, 0x1, 0xfc, 0x0, 0x6f, 0x60, 0x0, 0x0,
    0xa, 0xf3, 0x0, 0xb, 0xf2, 0x0, 0x0, 0x5f,
    0x70, 0x0, 0x1, 0xed, 0x0, 0x2, 0xfc, 0x0,
    0x0, 0x0, 0x4f, 0x80, 0x2e, 0xe1, 0x0, 0x0,
    0x0, 0xa, 0xf3, 0x8f, 0x40, 0x0, 0x0, 0x0,
    0x1, 0xc3, 0x2, 0x0, 0x0, 0x0, 0x0, 0x0,
    0x0,

    /* U+5171 "共" */
    0x0, 0x0, 0x0, 0x0, 0x0, 0x10, 0x0, 0x0,
    0x0, 0x0, 0xf, 0x70, 0x3, 0xf3, 0x0, 0x0,
    0x0, 0x0, 0xf, 0x60, 0x3, 0xf2, 0x0, 0x0,
    0x0, 0x10, 0xf, 0x60, 0x3, 0xf2, 0x1, 0x0,
    0x4, 0xff, 0xff, 0xff, 0xff, 0xff, 0xff, 0x50,
    0x0, 0x0, 0xf, 0x60, 0x3, 0xf2, 0x0, 0x0,
    0x0, 0x0, 0xf, 0x60, 0x3, 0xf2, 0x0, 0x0,
    0x0, 0x0, 0xf, 0x60, 0x3, 0xf2, 0x0, 0x0,
    0x2d, 0xdd, 0xdf, 0xed, 0xdd, 0xfd, 0xdd, 0xd1,
    0x2, 0x22, 0x22, 0x22, 0x22, 0x22, 0x22, 0x20,
    0x0, 0x0, 0xb, 0x80, 0x5, 0xc3, 0x0, 0x0,
    0x0, 0x3, 0xde, 0x50, 0x3, 0xcf, 0x90, 0x0,
    0x2, 0xaf, 0xb1, 0x0, 0x0, 0x6, 0xfe, 0x30,
    0x6, 0xd5, 0x0, 0x0, 0x0, 0x0, 0x2c, 0x50,
    0x0, 0x0, 0x0, 0x0, 0x0, 0x0, 0x0, 0x0,

    /* U+5173 "关" */
    0x0, 0x0, 0x0, 0x0, 0x0, 0x0, 0x0, 0x0,
    0x8, 0x70, 0x0, 0x3d, 0x20, 0x0, 0x0, 0x5,
    0xf3, 0x0, 0x9d, 0x0, 0x0, 0x0, 0x0, 0xb6,
    0x0, 0xf5, 0x0, 0x0, 0xc, 0xcc, 0xcc, 0xcd,
    0xfc, 0xcc, 0x80, 0x5, 0x44, 0x44, 0xe7, 0x44,
    0x44, 0x30, 0x0, 0x0, 0x0, 0xe4, 0x0, 0x0,
    0x0, 0x0, 0x0, 0x0, 0xe4, 0x0, 0x0, 0x0,
    0x11, 0x11, 0x11, 0xe6, 0x22, 0x22, 0x31, 0xae,
    0xee, 0xee, 0xff, 0xee, 0xee, 0xe7, 0x0, 0x0,
    0x5, 0xfe, 0x10, 0x0, 0x0, 0x0, 0x0, 0x1d,
    0x8b, 0xc1, 0x0, 0x0, 0x0, 0x1, 0xcc, 0x1,
    0xdd, 0x30, 0x0, 0x0, 0x6e, 0xb1, 0x0, 0x1c,
    0xfb, 0x51, 0x7e, 0xe6, 0x0, 0x0, 0x0, 0x7e,
    0xf7, 0x27, 0x0, 0x0, 0x0, 0x0, 0x0, 0x50,

    /* U+5199 "写" */
    0x6f, 0xff, 0xff, 0xff, 0xff, 0xff, 0xfe, 0x5d,
    0x12, 0x21, 0x11, 0x11, 0x11, 0x6d, 0x6d, 0xa,
    0xb0, 0x0, 0x0, 0x0, 0x4b, 0x1, 0xb, 0x91,
    0x11, 0x11, 0x12, 0x0, 0x0, 0xc, 0xfe, 0xee,
    0xee, 0xed, 0x0, 0x0, 0xd, 0x60, 0x0, 0x0,
    0x0, 0x0, 0x0, 0xf, 0x51, 0x11, 0x11, 0x11,
    0x10, 0x0, 0xe, 0xee, 0xee, 0xee, 0xef, 0xf0,
    0x0, 0x0, 0x0, 0x0, 0x0, 0x6, 0xe0, 0x4,
    0x33, 0x33, 0x33, 0x33, 0x6, 0xd0, 0x3e, 0xdd,
    0xdd, 0xdd, 0xda, 0x8, 0xc0, 0x0, 0x0, 0x0,
    0x0, 0x0, 0xb, 0x90, 0x0, 0x0, 0x0, 0x0,
    0x3a, 0xdf, 0x40, 0x0, 0x0, 0x0, 0x0, 0x9,
    0x72, 0x0,

    /* U+51C6 "准" */
    0x0, 0x0, 0x0, 0x19, 0x23, 0xa0, 0x0, 0x0,
    0x7, 0x20, 0x0, 0x6f, 0x11, 0xda, 0x0, 0x0,
    0xa, 0xe2, 0x0, 0xcb, 0x11, 0x46, 0x12, 0x10,
    0x0, 0xae, 0x14, 0xfe, 0xee, 0xfe, 0xee, 0xa0,
    0x0, 0x8, 0xc, 0xf6, 0x0, 0xf5, 0x0, 0x0,
    0x0, 0x0, 0x7f, 0xf7, 0x11, 0xf6, 0x12, 0x0,
    0x0, 0x0, 0x67, 0xee, 0xee, 0xfe, 0xee, 0x30,
    0x0, 0x7, 0x0, 0xe6, 0x0, 0xf5, 0x0, 0x0,
    0x0, 0x5e, 0x0, 0xe6, 0x0, 0xf5, 0x0, 0x0,
    0x0, 0xc8, 0x0, 0xef, 0xff, 0xff, 0xff, 0x30,
    0x3, 0xf2, 0x0, 0xe6, 0x0, 0xf5, 0x0, 0x0,
    0xc, 0xb0, 0x0, 0xe6, 0x0, 0xf5, 0x0, 0x0,
    0x1e, 0x50, 0x0, 0xef, 0xff, 0xff, 0xff, 0xf2,
    0x1, 0x0, 0x0, 0xe7, 0x22, 0x22, 0x22, 0x30,
    0x0, 0x0, 0x0, 0xe6, 0x0, 0x0, 0x0, 0x0,

    /* U+5206 "分" */
    0x0, 0x0, 0x0, 0x0, 0x0, 0x0, 0x0, 0x0,
    0x0, 0x7, 0x30, 0x1d, 0x20, 0x0, 0x0, 0x0,
    0x2, 0xf6, 0x0, 0xca, 0x0, 0x0, 0x0, 0x0,
    0x9d, 0x0, 0x3, 0xf5, 0x0, 0x0, 0x0, 0x3f,
    0x50, 0x0, 0x9, 0xf2, 0x0, 0x0, 0xd, 0xa0,
    0x0, 0x0, 0xc, 0xf4, 0x0, 0xb, 0xe1, 0x0,
    0x0, 0x0, 0xb, 0xf9, 0x1a, 0xf7, 0xff, 0xff,
    0xff, 0xff, 0x78, 0xd1, 0x23, 0x14, 0x4f, 0x73,
    0x33, 0xe6, 0x0, 0x0, 0x0, 0x2, 0xf2, 0x0,
    0xf, 0x40, 0x0, 0x0, 0x0, 0x6e, 0x0, 0x1,
    0xf2, 0x0, 0x0, 0x0, 0xd, 0x90, 0x0, 0x3f,
    0x0, 0x0, 0x0, 0xb, 0xe1, 0x0, 0x5, 0xf0,
    0x0, 0x0, 0x4c, 0xe2, 0x0, 0x37, 0xdb, 0x0,
    0x0, 0x3f, 0xb1, 0x0, 0x3, 0xeb, 0x20, 0x0,
    0x0, 0x10, 0x0, 0x0, 0x0, 0x0, 0x0, 0x0,

    /* U+5230 "到" */
    0x0, 0x0, 0x0, 0x0, 0x0, 0x0, 0xf, 0x60,
    0xef, 0xff, 0xff, 0xff, 0x10, 0x0, 0xe6, 0x1,
    0x13, 0xe4, 0x11, 0x10, 0xe5, 0xe, 0x50, 0x0,
    0xad, 0x16, 0x90, 0xe, 0x40, 0xe5, 0x0, 0x6e,
    0x10, 0x4f, 0x40, 0xe4, 0xe, 0x50, 0xaf, 0xa7,
    0x89, 0xee, 0x1e, 0x40, 0xe5, 0x9, 0xca, 0xdd,
    0x75, 0xc3, 0xe4, 0xe, 0x50, 0x0, 0xa, 0xb0,
    0x0, 0xe, 0x40, 0xe5, 0x3, 0x55, 0xbc, 0x55,
    0x40, 0xe4, 0xe, 0x50, 0x7b, 0xae, 0xea, 0xb8,
    0xe, 0x40, 0xe5, 0x0, 0x0, 0xab, 0x0, 0x0,
    0xf4, 0xe, 0x50, 0x0, 0xa, 0xb2, 0x47, 0x22,
    0x0, 0xe5, 0x19, 0xbc, 0xff, 0xfd, 0xb2, 0x0,
    0xf, 0x50, 0xca, 0x74, 0x20, 0x0, 0x0, 0xae,
    0xf3, 0x0, 0x0, 0x0, 0x0, 0x0, 0x5, 0x73,
    0x0,

    /* U+529F "功" */
    0x0, 0x0, 0x0, 0x0, 0x5, 0xb0, 0x0, 0x0,
    0x0, 0x0, 0x0, 0x0, 0x5, 0xe0, 0x0, 0x0,
    0x8, 0xcc, 0xcc, 0xc0, 0x5, 0xd0, 0x0, 0x0,
    0x3, 0x48, 0xe4, 0x53, 0x37, 0xe3, 0x33, 0x30,
    0x0, 0x5, 0xe0, 0xb, 0xde, 0xfd, 0xde, 0xf1,
    0x0, 0x5, 0xe0, 0x0, 0x6, 0xc0, 0x3, 0xf0,
    0x0, 0x5, 0xe0, 0x0, 0x7, 0xb0, 0x4, 0xf0,
    0x0, 0x5, 0xe0, 0x0, 0x8, 0x90, 0x5, 0xe0,
    0x0, 0x5, 0xe0, 0x0, 0xb, 0x70, 0x6, 0xd0,
    0x0, 0x5, 0xe1, 0x53, 0x1f, 0x30, 0x7, 0xc0,
    0x4, 0x7c, 0xff, 0xc4, 0x8d, 0x0, 0x9, 0xb0,
    0xc, 0xd9, 0x40, 0x2, 0xf4, 0x0, 0xa, 0xa0,
    0x0, 0x0, 0x0, 0x2d, 0xa0, 0x3, 0x4e, 0x70,
    0x0, 0x0, 0x3, 0xfb, 0x0, 0xd, 0xfb, 0x10,
    0x0, 0x0, 0x0, 0x60, 0x0, 0x1, 0x0, 0x0,

    /* U+52A8 "动" */
    0x0, 0x0, 0x0, 0x0, 0x0, 0x75, 0x0, 0x0,
    0x0, 0x0, 0x0, 0x0, 0x0, 0xb9, 0x0, 0x0,
    0x5, 0xdd, 0xdd, 0xe4, 0x0, 0xb7, 0x0, 0x0,
    0x1, 0x43, 0x33, 0x42, 0x22, 0xb9, 0x22, 0x20,
    0x0, 0x0, 0x0, 0x6, 0xfe, 0xff, 0xee, 0xf2,
    0x14, 0x44, 0x44, 0x44, 0x0, 0xb7, 0x1, 0xf0,
    0x3b, 0xbe, 0xeb, 0xbb, 0x0, 0xc6, 0x2, 0xf0,
    0x0, 0xd, 0x50, 0x0, 0x0, 0xe4, 0x3, 0xf0,
    0x0, 0x3e, 0x4, 0x80, 0x0, 0xf2, 0x4, 0xe0,
    0x0, 0xa8, 0x2, 0xf3, 0x3, 0xf0, 0x4, 0xe0,
    0x3, 0xf1, 0x14, 0xdc, 0x8, 0xb0, 0x5, 0xd0,
    0xd, 0xff, 0xfc, 0xaf, 0x5e, 0x50, 0x6, 0xc0,
    0x4, 0x52, 0x0, 0x5, 0xbc, 0x0, 0x8, 0xb0,
    0x0, 0x0, 0x0, 0xa, 0xf2, 0x8, 0xbf, 0x70,
    0x0, 0x0, 0x0, 0x9, 0x40, 0x5, 0x84, 0x0,

    /* U+52A9 "助" */
    0x0, 0x0, 0x0, 0x0, 0x0, 0x0, 0x0, 0x0,
    0x0, 0x0, 0x0, 0x0, 0x1f, 0x60, 0x0, 0x2,
    0xee, 0xee, 0xe0, 0x1, 0xf5, 0x0, 0x0, 0x2f,
    0x21, 0x6f, 0x0, 0x1f, 0x40, 0x0, 0x2, 0xf1,
    0x5, 0xf0, 0x88, 0xfa, 0x88, 0x40, 0x2f, 0x21,
    0x6f, 0xb, 0xbf, 0xcb, 0xe8, 0x2, 0xfd, 0xde,
    0xf0, 0x1, 0xf3, 0xc, 0x70, 0x2f, 0x10, 0x5f,
    0x0, 0x2f, 0x10, 0xd6, 0x2, 0xf1, 0x5, 0xf0,
    0x4, 0xf0, 0xd, 0x50, 0x2f, 0xff, 0xff, 0x0,
    0x7d, 0x0, 0xe4, 0x2, 0xf1, 0x5, 0xf0, 0xa,
    0xa0, 0xf, 0x30, 0x2f, 0x10, 0x5f, 0x20, 0xf5,
    0x0, 0xf2, 0x2, 0xf7, 0x9d, 0xfa, 0x7e, 0x0,
    0x1f, 0x13, 0xff, 0xd8, 0x40, 0x4f, 0x50, 0x7a,
    0xf0, 0x7, 0x10, 0x0, 0x1d, 0xa0, 0xa, 0xd6,
    0x0, 0x0, 0x0, 0x0, 0x0, 0x0, 0x0, 0x0,

    /* U+52B3 "劳" */
    0x0, 0x0, 0xf5, 0x0, 0x9c, 0x0, 0x0, 0x21,
    0x0, 0xf5, 0x0, 0x8c, 0x0, 0x11, 0xbf, 0xff,
    0xff, 0xff, 0xff, 0xff, 0xf6, 0x0, 0x0, 0xf5,
    0x0, 0x7c, 0x0, 0x0, 0x0, 0x0, 0x73, 0x0,
    0x46, 0x0, 0x0, 0x6f, 0xff, 0xff, 0xff, 0xff,
    0xff, 0xf5, 0x6f, 0x0, 0x1, 0xc4, 0x0, 0x0,
    0xe5, 0x5c, 0x0, 0x3, 0xf2, 0x0, 0x0, 0xb4,
    0x0, 0xdd, 0xde, 0xfd, 0xdd, 0xdb, 0x0, 0x0,
    0x21, 0x1a, 0x91, 0x11, 0x7c, 0x0, 0x0, 0x0,
    0x3f, 0x20, 0x0, 0x7a, 0x0, 0x0, 0x3, 0xe7,
    0x0, 0x0, 0x99, 0x0, 0x1, 0x8f, 0x70, 0x0,
    0x35, 0xd7, 0x0, 0x6f, 0xd4, 0x0, 0x0, 0x7f,
    0xc1, 0x0, 0x4, 0x0, 0x0, 0x0, 0x0, 0x0,
    0x0,

    /* U+5355 "单" */
    0x0, 0x0, 0x0, 0x0, 0x0, 0x0, 0x0, 0x0,
    0x0, 0x6, 0x70, 0x0, 0x2d, 0x40, 0x0, 0x0,
    0x0, 0x2f, 0x20, 0x9, 0xe1, 0x0, 0x0, 0x0,
    0x11, 0x94, 0x12, 0xf7, 0x11, 0x0, 0x0, 0x2f,
    0xff, 0xff, 0xff, 0xff, 0xf3, 0x0, 0x2, 0xf1,
    0x0, 0xe4, 0x0, 0x1f, 0x30, 0x0, 0x2f, 0x54,
    0x4e, 0x74, 0x45, 0xf3, 0x0, 0x2, 0xfb, 0xbb,
    0xfc, 0xbb, 0xbf, 0x30, 0x0, 0x2f, 0x10, 0xe,
    0x40, 0x1, 0xf3, 0x0, 0x2, 0xff, 0xff, 0xff,
    0xff, 0xff, 0x30, 0x0, 0x0, 0x0, 0xe, 0x50,
    0x0, 0x0, 0x0, 0x43, 0x33, 0x33, 0xe7, 0x33,
    0x33, 0x33, 0x2e, 0xee, 0xee, 0xef, 0xee, 0xee,
    0xee, 0xb0, 0x0, 0x0, 0x0, 0xe4, 0x0, 0x0,
    0x0, 0x0, 0x0, 0x0, 0xe, 0x40, 0x0, 0x0,
    0x0, 0x0, 0x0, 0x0, 0xf5, 0x0, 0x0, 0x0,

    /* U+53D1 "发" */
    0x0, 0x0, 0x0, 0x8, 0x40, 0x43, 0x0, 0x0,
    0x0, 0xc8, 0x0, 0xf6, 0x8, 0xe2, 0x0, 0x0,
    0xf, 0x30, 0x3f, 0x10, 0xb, 0xd0, 0x0, 0x5,
    0xd0, 0x6, 0xd0, 0x0, 0x13, 0x0, 0x0, 0xef,
    0xff, 0xff, 0xff, 0xff, 0xff, 0x80, 0x3, 0x32,
    0x2f, 0x51, 0x11, 0x11, 0x21, 0x0, 0x0, 0x6,
    0xd0, 0x0, 0x0, 0x0, 0x0, 0x0, 0x0, 0xef,
    0xff, 0xff, 0xfe, 0x0, 0x0, 0x0, 0x9e, 0xe1,
    0x0, 0xc, 0x70, 0x0, 0x0, 0x6f, 0x39, 0xb0,
    0x6, 0xd0, 0x0, 0x0, 0x6f, 0x60, 0xd, 0x94,
    0xe2, 0x0, 0x0, 0x9f, 0x50, 0x0, 0x2f, 0xf4,
    0x0, 0x0, 0x7, 0x30, 0x0, 0x6d, 0xdd, 0xd6,
    0x10, 0x0, 0x0, 0x7b, 0xfc, 0x50, 0x6, 0xdf,
    0xd7, 0x0, 0x5, 0x72, 0x0, 0x0, 0x0, 0x27,
    0x30,

    /* U+53D6 "取" */
    0x0, 0x0, 0x0, 0x0, 0x0, 0x0, 0x0, 0x0,
    0x2f, 0xff, 0xff, 0xff, 0xae, 0xdd, 0xdd, 0x30,
    0x0, 0xe3, 0x0, 0xe3, 0x1f, 0x52, 0x3f, 0x20,
    0x0, 0xe3, 0x0, 0xe3, 0xe, 0x40, 0x2f, 0x0,
    0x0, 0xee, 0xdd, 0xf3, 0xc, 0x50, 0x4e, 0x0,
    0x0, 0xe4, 0x11, 0xe3, 0xb, 0x60, 0x7c, 0x0,
    0x0, 0xe3, 0x0, 0xe3, 0x9, 0x90, 0xb8, 0x0,
    0x0, 0xe7, 0x44, 0xe3, 0x5, 0xc0, 0xf4, 0x0,
    0x0, 0xec, 0xbb, 0xf3, 0x1, 0xf7, 0xe0, 0x0,
    0x0, 0xe3, 0x0, 0xe3, 0x0, 0xbf, 0x70, 0x0,
    0x0, 0xe3, 0x2, 0xec, 0xb0, 0x8f, 0x40, 0x0,
    0x4, 0xfc, 0xed, 0xf7, 0x12, 0xfc, 0xd1, 0x0,
    0x1f, 0xb6, 0x10, 0xe3, 0x2d, 0xa0, 0xbe, 0x40,
    0x1, 0x0, 0x0, 0xe4, 0xec, 0x0, 0xc, 0xe1,
    0x0, 0x0, 0x0, 0xf4, 0x20, 0x0, 0x0, 0x20,

    /* U+53EF "可" */
    0x5f, 0xee, 0xee, 0xee, 0xee, 0xee, 0xee, 0xd1,
    0x32, 0x22, 0x22, 0x22, 0x22, 0xe8, 0x22, 0x0,
    0x0, 0x0, 0x0, 0x0, 0xe, 0x70, 0x0, 0x1,
    0xff, 0xff, 0xfe, 0x0, 0xe7, 0x0, 0x0, 0x1f,
    0x31, 0x16, 0xf0, 0xe, 0x70, 0x0, 0x1, 0xf2,
    0x0, 0x5f, 0x0, 0xe7, 0x0, 0x0, 0x1f, 0x20,
    0x5, 0xf0, 0xe, 0x70, 0x0, 0x1, 0xf3, 0x11,
    0x6f, 0x0, 0xe7, 0x0, 0x0, 0x1f, 0xff, 0xff,
    0xf0, 0xe, 0x70, 0x0, 0x1, 0xf2, 0x0, 0x3b,
    0x0, 0xe7, 0x0, 0x0, 0x4, 0x0, 0x0, 0x0,
    0xe, 0x70, 0x0, 0x0, 0x0, 0x0, 0x0, 0x1,
    0xf7, 0x0, 0x0, 0x0, 0x0, 0x0, 0xf, 0xff,
    0x30, 0x0, 0x0, 0x0, 0x0, 0x0, 0x55, 0x10,
    0x0,

    /* U+540E "后" */
    0x0, 0x0, 0x0, 0x0, 0x0, 0x1, 0x42, 0x0,
    0x1, 0x44, 0x57, 0x8a, 0xce, 0xff, 0xb0, 0x0,
    0x5f, 0xcb, 0xa9, 0x75, 0x42, 0x0, 0x0, 0x5,
    0xf0, 0x0, 0x0, 0x0, 0x0, 0x0, 0x0, 0x5f,
    0x33, 0x33, 0x33, 0x33, 0x34, 0x40, 0x5, 0xfe,
    0xee, 0xee, 0xee, 0xee, 0xee, 0x0, 0x6e, 0x0,
    0x0, 0x0, 0x0, 0x0, 0x0, 0x7, 0xc0, 0x22,
    0x22, 0x22, 0x22, 0x20, 0x0, 0x9b, 0xe, 0xee,
    0xee, 0xee, 0xfe, 0x0, 0xc, 0x80, 0xe5, 0x0,
    0x0, 0x5, 0xd0, 0x0, 0xf4, 0xe, 0x50, 0x0,
    0x0, 0x5d, 0x0, 0x6f, 0x0, 0xe5, 0x0, 0x0,
    0x5, 0xd0, 0x1e, 0x90, 0xe, 0xff, 0xff, 0xff,
    0xfd, 0x1, 0x61, 0x0, 0xe5, 0x0, 0x0, 0x5,
    0xe0, 0x0, 0x0, 0x1, 0x0, 0x0, 0x0, 0x0,
    0x0,

    /* U+542F "启" */
    0x0, 0x0, 0x0, 0x0, 0x10, 0x0, 0x0, 0x0,
    0x0, 0x0, 0x8, 0xd0, 0x0, 0x0, 0x0, 0x0,
    0x0, 0x3, 0xf6, 0x0, 0x0, 0x0, 0xe, 0xff,
    0xff, 0xff, 0xff, 0xf6, 0x0, 0xe, 0x30, 0x0,
    0x0, 0x0, 0xe6, 0x0, 0xe, 0x30, 0x0, 0x0,
    0x0, 0xe6, 0x0, 0xe, 0x64, 0x44, 0x44, 0x44,
    0xf6, 0x0, 0xf, 0xdc, 0xcc, 0xcc, 0xcc, 0xc5,
    0x0, 0xf, 0x10, 0x0, 0x0, 0x0, 0x0, 0x0,
    0x4f, 0x6d, 0xdd, 0xdd, 0xdd, 0xd8, 0x0, 0x7e,
    0x6e, 0x22, 0x22, 0x22, 0xc9, 0x0, 0xba, 0x6e,
    0x0, 0x0, 0x0, 0xb9, 0x1, 0xf6, 0x6e, 0x0,
    0x0, 0x0, 0xb9, 0x9, 0xf0, 0x6f, 0xff, 0xff,
    0xff, 0xf9, 0x2f, 0x80, 0x6e, 0x11, 0x11, 0x11,
    0xc9, 0x5, 0x10, 0x6d, 0x0, 0x0, 0x0, 0xb9,

    /* U+544A "告" */
    0x0, 0x1, 0x20, 0x6, 0xf0, 0x0, 0x0, 0x0,
    0x0, 0x8, 0xe0, 0x6, 0xf0, 0x0, 0x0, 0x0,
    0x0, 0xe, 0x91, 0x16, 0xf1, 0x11, 0x11, 0x0,
    0x0, 0x8f, 0xee, 0xef, 0xfe, 0xee, 0xea, 0x0,
    0x1, 0xf7, 0x0, 0x6, 0xf0, 0x0, 0x0, 0x0,
    0x0, 0x20, 0x0, 0x6, 0xf0, 0x0, 0x0, 0x0,
    0x2f, 0xff, 0xff, 0xff, 0xff, 0xff, 0xff, 0xf2,
    0x0, 0x0, 0x0, 0x0, 0x0, 0x0, 0x0, 0x0,
    0x0, 0xd, 0xdd, 0xdd, 0xdd, 0xdd, 0xd1, 0x0,
    0x0, 0xf, 0x73, 0x33, 0x33, 0x36, 0xf1, 0x0,
    0x0, 0xf, 0x50, 0x0, 0x0, 0x4, 0xf1, 0x0,
    0x0, 0xf, 0x50, 0x0, 0x0, 0x4, 0xf1, 0x0,
    0x0, 0xf, 0xff, 0xff, 0xff, 0xff, 0xf1, 0x0,
    0x0, 0xf, 0x61, 0x11, 0x11, 0x15, 0xf1, 0x0,
    0x0, 0x0, 0x0, 0x0, 0x0, 0x0, 0x10, 0x0,

    /* U+5468 "周" */
    0x0, 0x7f, 0xff, 0xff, 0xff, 0xff, 0xff, 0x0,
    0x7, 0xc0, 0x0, 0x48, 0x0, 0x3, 0xf0, 0x0,
    0x6c, 0x4, 0x48, 0xd4, 0x41, 0x3f, 0x0, 0x6,
    0xc0, 0xcd, 0xdf, 0xcc, 0x43, 0xf0, 0x0, 0x6b,
    0x0, 0x5, 0xc0, 0x0, 0x3f, 0x0, 0x6, 0xb8,
    0xff, 0xff, 0xef, 0xf6, 0xf0, 0x0, 0x8a, 0x0,
    0x0, 0x0, 0x1, 0x4f, 0x0, 0x9, 0x90, 0xef,
    0xff, 0xff, 0x13, 0xf0, 0x0, 0xc7, 0xe, 0x40,
    0x2, 0xf1, 0x3f, 0x0, 0xf, 0x40, 0xe4, 0x0,
    0x1f, 0x13, 0xf0, 0x5, 0xf1, 0xe, 0xff, 0xff,
    0xf1, 0x3f, 0x0, 0xdb, 0x0, 0x0, 0x0, 0x2,
    0x37, 0xe0, 0x1b, 0x40, 0x0, 0x0, 0x0, 0x3f,
    0xe8, 0x0, 0x0, 0x0, 0x0, 0x0, 0x0, 0x0,
    0x0,

    /* U+54CD "响" */
    0x0, 0x0, 0x0, 0x1, 0x0, 0x0, 0x0, 0x0,
    0x0, 0x0, 0xb, 0xc0, 0x0, 0x0, 0x56, 0x66,
    0x0, 0xe, 0x60, 0x0, 0x0, 0xea, 0x9f, 0xf,
    0xff, 0xff, 0xff, 0xf5, 0xe3, 0xf, 0xf, 0x30,
    0x0, 0x0, 0xe5, 0xd3, 0xf, 0xf, 0x30, 0x0,
    0x0, 0xe5, 0xd3, 0xf, 0xf, 0x3c, 0xff, 0xf0,
    0xe5, 0xd3, 0xf, 0xf, 0x3d, 0x51, 0xf0, 0xe5,
    0xd3, 0xf, 0xf, 0x3d, 0x40, 0xf0, 0xe5, 0xd3,
    0xf, 0xf, 0x3d, 0x40, 0xf0, 0xe5, 0xd7, 0x5f,
    0xf, 0x3d, 0x40, 0xf0, 0xe5, 0xea, 0x9f, 0xf,
    0x3c, 0xff, 0xf0, 0xe5, 0xe3, 0x8, 0xf, 0x30,
    0x0, 0x0, 0xe5, 0x41, 0x0, 0xf, 0x30, 0x0,
    0x14, 0xf5, 0x0, 0x0, 0xf, 0x30, 0x0, 0x3d,
    0xa0,

    /* U+5668 "器" */
    0x0, 0x9f, 0xee, 0xf4, 0x5f, 0xee, 0xee, 0x0,
    0x0, 0x88, 0x0, 0xc3, 0x4c, 0x0, 0x3d, 0x0,
    0x0, 0x8e, 0xee, 0xe3, 0x4e, 0xee, 0xed, 0x0,
    0x0, 0x0, 0x0, 0x9, 0x70, 0x38, 0x0, 0x0,
    0x2, 0x54, 0x44, 0x4e, 0xa4, 0x6d, 0x54, 0x40,
    0x4, 0xba, 0xaa, 0xdf, 0xfd, 0xaa, 0xaa, 0xa0,
    0x0, 0x1, 0x49, 0xd4, 0x2c, 0xb6, 0x31, 0x10,
    0xb, 0xfe, 0xa5, 0x0, 0x0, 0x49, 0xcf, 0xf1,
    0x1, 0x8c, 0xcc, 0xc3, 0x3c, 0xcc, 0xcb, 0x0,
    0x0, 0x89, 0x22, 0xd3, 0x3d, 0x22, 0x5d, 0x0,
    0x0, 0x88, 0x0, 0xc3, 0x3c, 0x0, 0x3d, 0x0,
    0x0, 0x8e, 0xdd, 0xf3, 0x3f, 0xdd, 0xed, 0x0,
    0x0, 0x98, 0x0, 0xc4, 0x4c, 0x0, 0x3d, 0x0,
    0x0, 0x0, 0x0, 0x0, 0x0, 0x0, 0x0, 0x0,

    /* U+56DB "四" */
    0x5f, 0xff, 0xff, 0xff, 0xff, 0xff, 0xf5, 0x5e,
    0x0, 0x1f, 0x33, 0xf0, 0x0, 0xe5, 0x5e, 0x0,
    0xf, 0x13, 0xf0, 0x0, 0xe5, 0x5e, 0x0, 0x2f,
    0x3, 0xf0, 0x0, 0xe5, 0x5e, 0x0, 0x5d, 0x3,
    0xf0, 0x0, 0xe5, 0x5e, 0x0, 0xb9, 0x3, 0xf0,
    0x0, 0xe5, 0x5e, 0x3, 0xf2, 0x3, 0xf1, 0x0,
    0xe5, 0x5e, 0x2e, 0x80, 0x1, 0xff, 0xf6, 0xe5,
    0x5e, 0x49, 0x0, 0x0, 0x12, 0x20, 0xe5, 0x5e,
    0x0, 0x0, 0x0, 0x0, 0x0, 0xe5, 0x5e, 0x11,
    0x11, 0x11, 0x11, 0x11, 0xe5, 0x5f, 0xff, 0xff,
    0xff, 0xff, 0xff, 0xf5, 0x6e, 0x0, 0x0, 0x0,
    0x0, 0x0, 0xe6, 0x1, 0x0, 0x0, 0x0, 0x0,
    0x0, 0x0,

    /* U+56DE "回" */
    0x3f, 0xff, 0xff, 0xff, 0xff, 0xff, 0xf1, 0x3f,
    0x11, 0x11, 0x11, 0x11, 0x12, 0xf1, 0x3f, 0x0,
    0x0, 0x0, 0x0, 0x2, 0xf1, 0x3f, 0x0, 0xef,
    0xff, 0xfe, 0x2, 0xf1, 0x3f, 0x0, 0xe4, 0x0,
    0x4e, 0x2, 0xf1, 0x3f, 0x0, 0xe4, 0x0, 0x4e,
    0x2, 0xf1, 0x3f, 0x0, 0xe4, 0x0, 0x4e, 0x2,
    0xf1, 0x3f, 0x0, 0xed, 0xcc, 0xdf, 0x2, 0xf1,
    0x3f, 0x0, 0x44, 0x44, 0x44, 0x2, 0xf1, 0x3f,
    0x0, 0x0, 0x0, 0x0, 0x2, 0xf1, 0x3f, 0x0,
    0x0, 0x0, 0x0, 0x2, 0xf1, 0x3f, 0xff, 0xff,
    0xff, 0xff, 0xff, 0xf1, 0x3f, 0x0, 0x0, 0x0,
    0x0, 0x2, 0xf1, 0x0, 0x0, 0x0, 0x0, 0x0,
    0x0, 0x10,

    /* U+5728 "在" */
    0x0, 0x0, 0x0, 0x4b, 0x10, 0x0, 0x0, 0x0,
    0x0, 0x0, 0x0, 0x9d, 0x0, 0x0, 0x0, 0x0,
    0x2, 0x54, 0x44, 0xea, 0x44, 0x44, 0x44, 0x40,
    0x5, 0xcc, 0xcd, 0xfc, 0xcc, 0xcc, 0xcc, 0xc0,
    0x0, 0x0, 0xa, 0xa0, 0x9, 0x60, 0x0, 0x0,
    0x0, 0x0, 0x2f, 0x20, 0xc, 0x80, 0x0, 0x0,
    0x0, 0x6, 0xd6, 0x0, 0xc, 0x80, 0x0, 0x0,
    0x0, 0x2e, 0xb1, 0xed, 0xdf, 0xed, 0xde, 0x0,
    0x3, 0xef, 0x90, 0x43, 0x3c, 0x93, 0x34, 0x0,
    0x2f, 0xa9, 0x90, 0x0, 0xc, 0x80, 0x0, 0x0,
    0x4, 0x9, 0x90, 0x0, 0xc, 0x80, 0x0, 0x0,
    0x0, 0x9, 0x90, 0x0, 0xc, 0x80, 0x0, 0x0,
    0x0, 0x9, 0x92, 0x22, 0x2c, 0x92, 0x22, 0x30,
    0x0, 0xa, 0x9a, 0xdd, 0xdd, 0xdd, 0xdd, 0xe0,
    0x0, 0xa, 0xa0, 0x0, 0x0, 0x0, 0x0, 0x0,

    /* U+58F0 "声" */
    0x0, 0x0, 0x0, 0x5, 0xf0, 0x0, 0x0, 0x0,
    0x6f, 0xff, 0xff, 0xff, 0xff, 0xff, 0xfd, 0x0,
    0x10, 0x0, 0x5, 0xe0, 0x0, 0x1, 0x10, 0x1,
    0x21, 0x11, 0x6e, 0x11, 0x12, 0x20, 0x0, 0x5e,
    0xee, 0xee, 0xee, 0xee, 0xee, 0x0, 0x0, 0x0,
    0x0, 0x0, 0x0, 0x0, 0x0, 0x0, 0x3f, 0xff,
    0xff, 0xff, 0xff, 0xfe, 0x0, 0x3, 0xf3, 0x11,
    0x5e, 0x11, 0x16, 0xe0, 0x0, 0x3f, 0x30, 0x5,
    0xe0, 0x0, 0x5e, 0x0, 0x4, 0xfd, 0xdd, 0xef,
    0xdd, 0xde, 0xe0, 0x0, 0x6e, 0x22, 0x22, 0x22,
    0x22, 0x7f, 0x0, 0xb, 0xa0, 0x0, 0x0, 0x0,
    0x1, 0x30, 0x4, 0xf3, 0x0, 0x0, 0x0, 0x0,
    0x0, 0x1, 0xea, 0x0, 0x0, 0x0, 0x0, 0x0,
    0x0, 0x4, 0x10, 0x0, 0x0, 0x0, 0x0, 0x0,
    0x0,

    /* U+5907 "备" */
    0x0, 0x0, 0x0, 0x0, 0x0, 0x0, 0x0, 0x0,
    0x0, 0x0, 0xc4, 0x0, 0x0, 0x0, 0x0, 0x0,
    0x0, 0x7e, 0x32, 0x22, 0x22, 0x0, 0x0, 0x0,
    0x3f, 0xbb, 0xbb, 0xbe, 0xd0, 0x0, 0x0, 0x3e,
    0xea, 0x0, 0x4, 0xf3, 0x0, 0x0, 0x1e, 0x80,
    0xbc, 0x15, 0xe5, 0x0, 0x0, 0x0, 0x10, 0x0,
    0xbf, 0xf4, 0x0, 0x0, 0x0, 0x1, 0x37, 0xce,
    0x9d, 0xea, 0x64, 0x32, 0x4e, 0xfd, 0x95, 0x0,
    0x3, 0x7a, 0xdf, 0x90, 0x41, 0xef, 0xff, 0xff,
    0xff, 0xf3, 0x0, 0x0, 0xd, 0x40, 0xe, 0x30,
    0xf, 0x30, 0x0, 0x0, 0xde, 0xdd, 0xfe, 0xdd,
    0xf3, 0x0, 0x0, 0xd, 0x51, 0x1e, 0x41, 0x1f,
    0x30, 0x0, 0x0, 0xd5, 0x0, 0xe3, 0x0, 0xf3,
    0x0, 0x0, 0xd, 0xff, 0xff, 0xff, 0xff, 0x30,
    0x0, 0x0, 0xe4, 0x0, 0x0, 0x0, 0xf3, 0x0,

    /* U+590D "复" */
    0x0, 0x0, 0x29, 0x0, 0x0, 0x0, 0x0, 0x0,
    0x0, 0x0, 0xcc, 0x44, 0x44, 0x44, 0x44, 0x20,
    0x0, 0xb, 0xea, 0xaa, 0xaa, 0xaa, 0xab, 0x50,
    0x3, 0xdd, 0x98, 0x88, 0x88, 0x88, 0x81, 0x0,
    0x9, 0x73, 0xf4, 0x44, 0x44, 0x44, 0xf2, 0x0,
    0x0, 0x3, 0xfe, 0xee, 0xee, 0xee, 0xf1, 0x0,
    0x0, 0x3, 0xe0, 0x0, 0x0, 0x0, 0xf1, 0x0,
    0x0, 0x3, 0xff, 0xff, 0xff, 0xff, 0xf2, 0x0,
    0x0, 0x0, 0x1d, 0x70, 0x0, 0x0, 0x0, 0x0,
    0x0, 0x0, 0xaf, 0xff, 0xff, 0xff, 0x80, 0x0,
    0x0, 0x1b, 0xcc, 0x80, 0x0, 0x9d, 0x0, 0x0,
    0x0, 0xba, 0x3, 0xeb, 0x29, 0xc1, 0x0, 0x0,
    0x0, 0x0, 0x0, 0x2e, 0xff, 0x51, 0x0, 0x0,
    0x4, 0x89, 0xbe, 0xd8, 0x48, 0xdf, 0xec, 0xa2,
    0x2, 0x97, 0x51, 0x0, 0x0, 0x1, 0x46, 0x80,

    /* U+591A "多" */
    0x0, 0x0, 0x9, 0x20, 0x0, 0x0, 0x0, 0x0,
    0x0, 0x9e, 0x32, 0x22, 0x22, 0x0, 0x0, 0x1b,
    0xec, 0xcc, 0xcc, 0xf8, 0x0, 0x6, 0xe9, 0x34,
    0x0, 0xb, 0xa0, 0x0, 0x1a, 0x30, 0x5f, 0x52,
    0xc9, 0x0, 0x0, 0x0, 0x0, 0x7, 0xfd, 0x90,
    0x0, 0x0, 0x2, 0x58, 0xcd, 0x66, 0xf4, 0x0,
    0x0, 0x2f, 0xd8, 0x30, 0x7f, 0xfe, 0xee, 0xe8,
    0x0, 0x0, 0x3c, 0xd3, 0x0, 0x5, 0xf2, 0x0,
    0x5b, 0xf7, 0x4a, 0x0, 0x1e, 0x70, 0x0, 0x78,
    0x10, 0x1d, 0xa2, 0xda, 0x0, 0x0, 0x0, 0x0,
    0x2, 0xff, 0x90, 0x0, 0x0, 0x0, 0x36, 0xbf,
    0xb3, 0x0, 0x0, 0x2d, 0xef, 0xfc, 0x72, 0x0,
    0x0, 0x0, 0x5, 0x53, 0x0, 0x0, 0x0, 0x0,
    0x0,

    /* U+5929 "天" */
    0x0, 0x0, 0x0, 0x0, 0x0, 0x0, 0x0, 0x0,
    0x0, 0xbf, 0xff, 0xff, 0xff, 0xff, 0xf3, 0x0,
    0x0, 0x23, 0x33, 0x3d, 0x83, 0x33, 0x30, 0x0,
    0x0, 0x0, 0x0, 0xd, 0x60, 0x0, 0x0, 0x0,
    0x0, 0x0, 0x0, 0xd, 0x60, 0x0, 0x0, 0x0,
    0xb, 0xee, 0xee, 0xef, 0xfe, 0xee, 0xee, 0x80,
    0x4, 0x44, 0x44, 0x6f, 0xd4, 0x44, 0x44, 0x20,
    0x0, 0x0, 0x0, 0x7e, 0xf2, 0x0, 0x0, 0x0,
    0x0, 0x0, 0x0, 0xe7, 0xbb, 0x0, 0x0, 0x0,
    0x0, 0x0, 0x8, 0xf1, 0x2f, 0x70, 0x0, 0x0,
    0x0, 0x0, 0x6f, 0x60, 0x7, 0xf4, 0x0, 0x0,
    0x0, 0x9, 0xf8, 0x0, 0x0, 0x9f, 0x80, 0x0,
    0x6, 0xef, 0x50, 0x0, 0x0, 0x6, 0xfe, 0x90,
    0x3e, 0xa2, 0x0, 0x0, 0x0, 0x0, 0x19, 0x70,
    0x0, 0x0, 0x0, 0x0, 0x0, 0x0, 0x0, 0x0,

    /* U+5931 "失" */
    0x0, 0x0, 0x0, 0x5, 0x50, 0x0, 0x0, 0x0,
    0x0, 0x2, 0x20, 0xa, 0xa0, 0x0, 0x0, 0x0,
    0x0, 0x9, 0xc0, 0xa, 0x90, 0x0, 0x0, 0x0,
    0x0, 0xe, 0x72, 0x2b, 0xa2, 0x22, 0x32, 0x0,
    0x0, 0x7f, 0xee, 0xef, 0xfe, 0xee, 0xe8, 0x0,
    0x1, 0xe5, 0x0, 0xb, 0x80, 0x0, 0x0, 0x0,
    0x7, 0xb0, 0x0, 0xc, 0x70, 0x0, 0x0, 0x0,
    0x4, 0x54, 0x44, 0x4d, 0x94, 0x44, 0x44, 0x30,
    0xc, 0xcc, 0xcc, 0xcf, 0xfc, 0xcc, 0xcc, 0x80,
    0x0, 0x0, 0x0, 0x6e, 0xe5, 0x0, 0x0, 0x0,
    0x0, 0x0, 0x1, 0xe6, 0x5f, 0x30, 0x0, 0x0,
    0x0, 0x0, 0x2d, 0xa0, 0x8, 0xf7, 0x0, 0x0,
    0x0, 0x7, 0xfa, 0x0, 0x0, 0x6f, 0xe8, 0x30,
    0x8, 0xef, 0x70, 0x0, 0x0, 0x1, 0xaf, 0xb0,
    0x5, 0x81, 0x0, 0x0, 0x0, 0x0, 0x1, 0x10,

    /* U+59CB "始" */
    0x0, 0x0, 0x0, 0x0, 0x0, 0x0, 0x0, 0x0,
    0x0, 0x4d, 0x0, 0x0, 0xb, 0x50, 0x0, 0x0,
    0x0, 0x6c, 0x0, 0x0, 0x3f, 0x30, 0x0, 0x0,
    0x0, 0x89, 0x0, 0x0, 0xa9, 0x0, 0x40, 0x0,
    0x4b, 0xed, 0xbb, 0x13, 0xe1, 0x5, 0xf3, 0x0,
    0x37, 0xf8, 0x8f, 0x1d, 0x50, 0x0, 0x9e, 0x10,
    0x0, 0xf0, 0x3e, 0x8f, 0xee, 0xfe, 0xde, 0xc0,
    0x4, 0xd0, 0x6b, 0x26, 0x31, 0x0, 0x1, 0x40,
    0x8, 0x90, 0xa8, 0x1, 0x22, 0x22, 0x22, 0x0,
    0xc, 0x80, 0xe3, 0xd, 0xff, 0xff, 0xff, 0x10,
    0x6, 0xec, 0xe0, 0xc, 0x60, 0x0, 0x3f, 0x0,
    0x0, 0x1f, 0xe2, 0xc, 0x60, 0x0, 0x3f, 0x0,
    0x0, 0x5e, 0x8f, 0x3c, 0x60, 0x0, 0x3f, 0x0,
    0x2, 0xe6, 0x6, 0x1c, 0xff, 0xff, 0xff, 0x0,
    0x2e, 0xb0, 0x0, 0xc, 0x71, 0x11, 0x4f, 0x0,
    0x1b, 0x10, 0x0, 0xd, 0x60, 0x0, 0x3f, 0x10,
    0x0, 0x0, 0x0, 0x0, 0x0, 0x0, 0x0, 0x0,

    /* U+5B66 "学" */
    0x0, 0x0, 0x0, 0x0, 0x0, 0x0, 0x0, 0x2,
    0x0, 0x6, 0x60, 0x0, 0x98, 0x0, 0xc, 0xc1,
    0x8, 0xf2, 0x1, 0xf8, 0x0, 0x1, 0xe9, 0x0,
    0xd6, 0x9, 0xc0, 0x0, 0x44, 0x75, 0x44, 0x44,
    0x5f, 0x74, 0x42, 0xed, 0xcc, 0xcc, 0xcc, 0xcc,
    0xcc, 0xf6, 0xe5, 0x0, 0x0, 0x0, 0x0, 0x0,
    0xe6, 0x72, 0x8f, 0xee, 0xee, 0xee, 0xe0, 0x63,
    0x0, 0x12, 0x22, 0x25, 0xef, 0xa0, 0x0, 0x0,
    0x0, 0x0, 0x7f, 0xa1, 0x0, 0x0, 0x33, 0x33,
    0x33, 0xac, 0x33, 0x33, 0x33, 0xde, 0xee, 0xee,
    0xff, 0xee, 0xee, 0xec, 0x0, 0x0, 0x0, 0x8b,
    0x0, 0x0, 0x0, 0x0, 0x0, 0x0, 0x8b, 0x0,
    0x0, 0x0, 0x0, 0x0, 0x57, 0xda, 0x0, 0x0,
    0x0, 0x0, 0x0, 0x5d, 0xa3, 0x0, 0x0, 0x0,

    /* U+5B8C "完" */
    0x0, 0x0, 0x0, 0x0, 0x0, 0x0, 0x0, 0x0,
    0x0, 0x0, 0x0, 0x2d, 0x10, 0x0, 0x0, 0x0,
    0x1, 0x11, 0x11, 0x2e, 0xb1, 0x11, 0x11, 0x10,
    0xc, 0xff, 0xff, 0xff, 0xff, 0xff, 0xff, 0xe0,
    0xc, 0x90, 0x0, 0x0, 0x0, 0x0, 0x5, 0xe0,
    0xb, 0x81, 0x43, 0x33, 0x33, 0x34, 0x5, 0xd0,
    0x0, 0x5, 0xee, 0xee, 0xee, 0xee, 0x20, 0x0,
    0x0, 0x0, 0x0, 0x0, 0x0, 0x0, 0x0, 0x0,
    0x1e, 0xdd, 0xdd, 0xdd, 0xdd, 0xdd, 0xdd, 0xe1,
    0x4, 0x33, 0x3d, 0xa3, 0x5f, 0x53, 0x33, 0x40,
    0x0, 0x0, 0xf, 0x70, 0x2f, 0x20, 0x0, 0x0,
    0x0, 0x0, 0x4f, 0x30, 0x2f, 0x20, 0x0, 0x0,
    0x0, 0x0, 0xcc, 0x0, 0x2f, 0x20, 0x3, 0x70,
    0x0, 0x3d, 0xe2, 0x0, 0x2f, 0x62, 0x29, 0xe0,
    0x1c, 0xfc, 0x20, 0x0, 0xc, 0xff, 0xff, 0x50,
    0x5, 0x40, 0x0, 0x0, 0x0, 0x0, 0x0, 0x0,

    /* U+5BC6 "密" */
    0x0, 0x0, 0x0, 0x8, 0x70, 0x0, 0x0, 0x0,
    0x1, 0x33, 0x33, 0x3c, 0xe3, 0x33, 0x33, 0x30,
    0x6, 0xfd, 0xdd, 0xdd, 0xdd, 0xdd, 0xde, 0xf0,
    0x6, 0xe0, 0x0, 0x3e, 0x40, 0x0, 0x5, 0xf0,
    0x2, 0x75, 0x7, 0x38, 0xc0, 0xbc, 0x3, 0x40,
    0x0, 0x8e, 0xf, 0x50, 0x1c, 0xc2, 0x1f, 0x70,
    0x1, 0xe7, 0xf, 0x67, 0xe7, 0x3, 0x17, 0xf3,
    0x0, 0x31, 0x1f, 0xfb, 0x31, 0x1c, 0xe0, 0x40,
    0x4, 0x7b, 0xfe, 0xff, 0xff, 0xfe, 0x40, 0x0,
    0xc, 0xc7, 0x20, 0x2, 0x70, 0x0, 0x0, 0x0,
    0x0, 0xc, 0x50, 0x4, 0xf0, 0x0, 0x5f, 0x0,
    0x0, 0xe, 0x50, 0x4, 0xf0, 0x0, 0x5e, 0x0,
    0x0, 0xe, 0x50, 0x4, 0xf0, 0x0, 0x5e, 0x0,
    0x0, 0xe, 0xff, 0xff, 0xff, 0xff, 0xfe, 0x0,
    0x0, 0x0, 0x0, 0x0, 0x0, 0x0, 0x5f, 0x0,

    /* U+5C0F "小" */
    0x0, 0x0, 0x0, 0x6f, 0x0, 0x0, 0x0, 0x0,
    0x0, 0x0, 0x5e, 0x0, 0x0, 0x0, 0x0, 0x0,
    0x0, 0x5e, 0x0, 0x0, 0x0, 0x0, 0x0, 0x0,
    0x5e, 0x0, 0x0, 0x0, 0x0, 0x2d, 0x30, 0x5e,
    0x0, 0xd3, 0x0, 0x0, 0x7f, 0x0, 0x5e, 0x0,
    0xbc, 0x0, 0x0, 0xca, 0x0, 0x5e, 0x0, 0x3f,
    0x50, 0x2, 0xf4, 0x0, 0x5e, 0x0, 0xa, 0xd0,
    0x9, 0xe0, 0x0, 0x5e, 0x0, 0x3, 0xf4, 0x1f,
    0x70, 0x0, 0x5e, 0x0, 0x0, 0xcb, 0x3c, 0x10,
    0x0, 0x5e, 0x0, 0x0, 0x32, 0x0, 0x0, 0x0,
    0x5e, 0x0, 0x0, 0x0, 0x0, 0x0, 0x1, 0x7e,
    0x0, 0x0, 0x0, 0x0, 0x0, 0x2f, 0xf9, 0x0,
    0x0, 0x0, 0x0, 0x0, 0x4, 0x20, 0x0, 0x0,
    0x0,

    /* U+5C1A "尚" */
    0x0, 0x0, 0x0, 0x39, 0x0, 0x0, 0x0, 0x7,
    0x50, 0x0, 0x5f, 0x0, 0x8, 0x90, 0x5, 0xf6,
    0x0, 0x5e, 0x0, 0x3f, 0x40, 0x0, 0x5f, 0x50,
    0x5e, 0x2, 0xe6, 0x0, 0x0, 0x5, 0x10, 0x5e,
    0x4, 0x80, 0x0, 0x6f, 0xff, 0xff, 0xff, 0xff,
    0xff, 0xf6, 0x5e, 0x0, 0x0, 0x0, 0x0, 0x0,
    0xe5, 0x5e, 0x0, 0x11, 0x11, 0x11, 0x0, 0xe5,
    0x5e, 0x0, 0xfe, 0xee, 0xef, 0x10, 0xe5, 0x5e,
    0x0, 0xf4, 0x0, 0x1f, 0x0, 0xe5, 0x5e, 0x0,
    0xf4, 0x0, 0x1f, 0x0, 0xe5, 0x5e, 0x0, 0xef,
    0xff, 0xff, 0x10, 0xe5, 0x5e, 0x0, 0x0, 0x0,
    0x0, 0x11, 0xf5, 0x5e, 0x0, 0x0, 0x0, 0x0,
    0x7f, 0xc1, 0x0, 0x0, 0x0, 0x0, 0x0, 0x0,
    0x0,

    /* U+5C4F "屏" */
    0x0, 0x5f, 0xff, 0xff, 0xff, 0xff, 0xff, 0x0,
    0x0, 0x5d, 0x0, 0x0, 0x0, 0x0, 0x2e, 0x0,
    0x0, 0x4f, 0xff, 0xff, 0xff, 0xff, 0xff, 0x0,
    0x0, 0x4d, 0x0, 0x25, 0x0, 0x5, 0x20, 0x0,
    0x0, 0x4c, 0x0, 0x5e, 0x10, 0xe, 0x60, 0x0,
    0x0, 0x5c, 0x14, 0x4b, 0x64, 0x7e, 0x44, 0x30,
    0x0, 0x6b, 0x4b, 0xbf, 0xcb, 0xbf, 0xcc, 0x70,
    0x0, 0x8a, 0x0, 0xd, 0x30, 0xf, 0x10, 0x0,
    0x0, 0xb7, 0xcd, 0xdf, 0xed, 0xdf, 0xdd, 0xe2,
    0x1, 0xf4, 0x11, 0x1f, 0x31, 0x1f, 0x21, 0x10,
    0x7, 0xe0, 0x0, 0x5e, 0x0, 0xf, 0x10, 0x0,
    0xe, 0x80, 0x4, 0xf6, 0x0, 0xf, 0x10, 0x0,
    0x1, 0x10, 0x2f, 0x70, 0x0, 0x1f, 0x20, 0x0,
    0x0, 0x0, 0x0, 0x0, 0x0, 0x0, 0x0, 0x0,

    /* U+5DE5 "工" */
    0x3, 0xfe, 0xee, 0xee, 0xee, 0xee, 0xfb, 0x0,
    0x1, 0x43, 0x33, 0x3f, 0x93, 0x33, 0x43, 0x0,
    0x0, 0x0, 0x0, 0xe, 0x70, 0x0, 0x0, 0x0,
    0x0, 0x0, 0x0, 0xe, 0x70, 0x0, 0x0, 0x0,
    0x0, 0x0, 0x0, 0xe, 0x70, 0x0, 0x0, 0x0,
    0x0, 0x0, 0x0, 0xe, 0x70, 0x0, 0x0, 0x0,
    0x0, 0x0, 0x0, 0xe, 0x70, 0x0, 0x0, 0x0,
    0x0, 0x0, 0x0, 0xe, 0x70, 0x0, 0x0, 0x0,
    0x0, 0x0, 0x0, 0xe, 0x70, 0x0, 0x0, 0x0,
    0x0, 0x0, 0x0, 0xe, 0x70, 0x0, 0x0, 0x0,
    0x0, 0x0, 0x0, 0xe, 0x70, 0x0, 0x0, 0x0,
    0x7e, 0xee, 0xee, 0xef, 0xfe, 0xee, 0xee, 0xf2,
    0x23, 0x33, 0x33, 0x33, 0x33, 0x33, 0x33, 0x40,

    /* U+5DF2 "已" */
    0x0, 0x0, 0x0, 0x0, 0x0, 0x0, 0x0, 0x7f,
    0xff, 0xff, 0xff, 0xff, 0xff, 0x0, 0x13, 0x22,
    0x22, 0x22, 0x22, 0x6f, 0x0, 0x0, 0x0, 0x0,
    0x0, 0x0, 0x4f, 0x0, 0xa, 0x60, 0x0, 0x0,
    0x0, 0x4f, 0x0, 0xe, 0x80, 0x0, 0x0, 0x0,
    0x4f, 0x0, 0xd, 0xff, 0xff, 0xff, 0xff, 0xff,
    0x0, 0xd, 0x81, 0x11, 0x11, 0x11, 0x5f, 0x10,
    0xd, 0x70, 0x0, 0x0, 0x0, 0x1, 0x0, 0xd,
    0x70, 0x0, 0x0, 0x0, 0x0, 0x0, 0xd, 0x70,
    0x0, 0x0, 0x0, 0x0, 0x62, 0xd, 0x70, 0x0,
    0x0, 0x0, 0x0, 0xeb, 0xc, 0xd4, 0x44, 0x44,
    0x44, 0x48, 0xf6, 0x4, 0xde, 0xff, 0xff, 0xff,
    0xfe, 0xa0,

    /* U+5E55 "幕" */
    0x0, 0x0, 0xe, 0x40, 0x9, 0x90, 0x0, 0x0,
    0x7, 0xdd, 0xdf, 0xdd, 0xde, 0xed, 0xdd, 0x40,
    0x0, 0x0, 0xe, 0x40, 0x9, 0x90, 0x0, 0x0,
    0x0, 0xc, 0xcd, 0xcc, 0xcd, 0xdd, 0x80, 0x0,
    0x0, 0xe, 0x50, 0x0, 0x0, 0xa, 0x90, 0x0,
    0x0, 0xe, 0xcb, 0xbb, 0xbb, 0xbe, 0x90, 0x0,
    0x0, 0xe, 0xa7, 0x77, 0x77, 0x7c, 0x90, 0x0,
    0x0, 0x3, 0x45, 0xf7, 0x44, 0x44, 0x20, 0x0,
    0xd, 0xdd, 0xdf, 0xdd, 0xde, 0xfd, 0xdd, 0x90,
    0x0, 0x4, 0xc9, 0x6, 0x61, 0xbb, 0x40, 0x0,
    0x2b, 0xec, 0xfc, 0xce, 0xec, 0xcf, 0xef, 0xd1,
    0x6, 0x14, 0xf0, 0x9, 0x90, 0xb, 0x71, 0x40,
    0x0, 0x4, 0xf0, 0x9, 0x90, 0x2c, 0x60, 0x0,
    0x0, 0x3, 0xa0, 0x9, 0x90, 0xcf, 0x20, 0x0,
    0x0, 0x0, 0x0, 0x9, 0x90, 0x10, 0x0, 0x0,

    /* U+5F00 "开" */
    0x0, 0x0, 0x0, 0x0, 0x0, 0x0, 0x0, 0x0,
    0x0, 0xef, 0xff, 0xff, 0xff, 0xff, 0xff, 0x60,
    0x0, 0x22, 0x27, 0xe2, 0x22, 0xf7, 0x22, 0x10,
    0x0, 0x0, 0x6, 0xe0, 0x0, 0xf5, 0x0, 0x0,
    0x0, 0x0, 0x6, 0xe0, 0x0, 0xf5, 0x0, 0x0,
    0x0, 0x0, 0x6, 0xe0, 0x0, 0xf5, 0x0, 0x0,
    0x5, 0x44, 0x48, 0xf4, 0x44, 0xf8, 0x44, 0x51,
    0xe, 0xdd, 0xce, 0xfc, 0xcc, 0xfd, 0xcd, 0xd3,
    0x0, 0x0, 0x9, 0xb0, 0x0, 0xf5, 0x0, 0x0,
    0x0, 0x0, 0xe, 0x70, 0x0, 0xf5, 0x0, 0x0,
    0x0, 0x0, 0x7f, 0x20, 0x0, 0xf5, 0x0, 0x0,
    0x0, 0x4, 0xf8, 0x0, 0x0, 0xf5, 0x0, 0x0,
    0x1, 0x8f, 0xa0, 0x0, 0x0, 0xf6, 0x0, 0x0,
    0x2, 0xb8, 0x0, 0x0, 0x0, 0xf6, 0x0, 0x0,

    /* U+5F0F "式" */
    0x0, 0x0, 0x0, 0x0, 0x10, 0x0, 0x0, 0x0,
    0x0, 0x0, 0x0, 0x1, 0xf7, 0x18, 0x0, 0x0,
    0x0, 0x0, 0x0, 0x0, 0xf6, 0x2e, 0xb0, 0x0,
    0x0, 0x0, 0x0, 0x0, 0xf7, 0x3, 0x80, 0x0,
    0x4f, 0xff, 0xff, 0xff, 0xff, 0xff, 0xff, 0x60,
    0x13, 0x22, 0x22, 0x22, 0xca, 0x22, 0x23, 0x10,
    0x0, 0x0, 0x0, 0x0, 0x9b, 0x0, 0x0, 0x0,
    0x1, 0x33, 0x33, 0x33, 0x6e, 0x0, 0x0, 0x0,
    0x6, 0xdd, 0xfe, 0xea, 0x3f, 0x10, 0x0, 0x0,
    0x0, 0x0, 0xe5, 0x0, 0xe, 0x60, 0x0, 0x0,
    0x0, 0x0, 0xe5, 0x0, 0xa, 0xb0, 0x0, 0x0,
    0x0, 0x0, 0xe5, 0x0, 0x5, 0xf2, 0x0, 0x0,
    0x0, 0x0, 0xe8, 0x8c, 0x40, 0xda, 0x6, 0xa1,
    0x6, 0x9c, 0xfc, 0x85, 0x10, 0x4f, 0x78, 0xf0,
    0xb, 0xc6, 0x10, 0x0, 0x0, 0x7, 0xff, 0xb0,
    0x0, 0x0, 0x0, 0x0, 0x0, 0x0, 0x38, 0x20,

    /* U+6027 "性" */
    0x0, 0x2, 0x0, 0x0, 0x0, 0x0, 0x0, 0x0,
    0x0, 0xf, 0x30, 0x0, 0x0, 0xe5, 0x0, 0x0,
    0x0, 0xf, 0x30, 0x7, 0x40, 0xe5, 0x0, 0x0,
    0x0, 0xf, 0x30, 0xd, 0x60, 0xe5, 0x0, 0x0,
    0x2, 0x1f, 0x87, 0xf, 0x62, 0xe6, 0x23, 0x10,
    0xc, 0x5f, 0x7e, 0x4f, 0xee, 0xfe, 0xee, 0x70,
    0xf, 0x2f, 0x3d, 0xbb, 0x0, 0xe5, 0x0, 0x0,
    0x2f, 0xf, 0x30, 0xe5, 0x0, 0xe5, 0x0, 0x0,
    0x27, 0xf, 0x30, 0x41, 0x0, 0xe5, 0x0, 0x0,
    0x0, 0xf, 0x30, 0xd, 0xff, 0xff, 0xff, 0x50,
    0x0, 0xf, 0x30, 0x1, 0x11, 0xe5, 0x11, 0x0,
    0x0, 0xf, 0x30, 0x0, 0x0, 0xe5, 0x0, 0x0,
    0x0, 0xf, 0x30, 0x0, 0x0, 0xe5, 0x0, 0x0,
    0x0, 0xf, 0x30, 0x11, 0x11, 0xe5, 0x11, 0x10,
    0x0, 0xf, 0x30, 0xff, 0xff, 0xff, 0xff, 0xf1,
    0x0, 0xf, 0x30, 0x0, 0x0, 0x0, 0x0, 0x0,

    /* U+606F "息" */
    0x0, 0x0, 0x0, 0xb6, 0x0, 0x0, 0x0, 0x0,
    0x0, 0x1, 0x12, 0xf3, 0x11, 0x11, 0x10, 0x0,
    0x0, 0x1f, 0xcc, 0xcc, 0xcc, 0xcc, 0xf3, 0x0,
    0x0, 0x1f, 0x31, 0x11, 0x11, 0x11, 0xf3, 0x0,
    0x0, 0x1f, 0xcc, 0xcc, 0xcc, 0xcc, 0xf3, 0x0,
    0x0, 0x1f, 0x31, 0x11, 0x11, 0x11, 0xf3, 0x0,
    0x0, 0x1f, 0xcc, 0xcc, 0xcc, 0xcc, 0xf3, 0x0,
    0x0, 0x1f, 0x31, 0x11, 0x11, 0x11, 0xf3, 0x0,
    0x0, 0x1c, 0xcc, 0xcc, 0xcc, 0xcc, 0xc2, 0x0,
    0x0, 0x0, 0x36, 0x3, 0x60, 0x0, 0x22, 0x0,
    0x2, 0xe0, 0x6d, 0x4, 0xf2, 0x0, 0xad, 0x10,
    0x7, 0xc0, 0x6d, 0x0, 0x71, 0x2, 0xc, 0xc0,
    0xe, 0x60, 0x6d, 0x0, 0x0, 0x4f, 0x12, 0xb1,
    0x5, 0x0, 0x3e, 0xff, 0xff, 0xf9, 0x0, 0x0,

    /* U+6210 "成" */
    0x0, 0x0, 0x0, 0x0, 0x0, 0x0, 0x0, 0x0,
    0x0, 0x0, 0x0, 0x0, 0x5f, 0xa, 0x80, 0x0,
    0x0, 0x0, 0x0, 0x0, 0x5f, 0x3, 0xe9, 0x0,
    0x0, 0x0, 0x0, 0x0, 0x4f, 0x0, 0x47, 0x0,
    0x0, 0xcf, 0xff, 0xff, 0xff, 0xff, 0xff, 0xa0,
    0x0, 0xc8, 0x11, 0x11, 0x2f, 0x21, 0x11, 0x10,
    0x0, 0xb7, 0x0, 0x0, 0xf, 0x20, 0x79, 0x0,
    0x0, 0xbf, 0xff, 0xf7, 0xd, 0x40, 0xda, 0x0,
    0x0, 0xc8, 0x22, 0xd6, 0xb, 0x84, 0xf2, 0x0,
    0x0, 0xc6, 0x0, 0xd5, 0x8, 0xbd, 0x90, 0x0,
    0x0, 0xe5, 0x0, 0xe3, 0x3, 0xfe, 0x10, 0x0,
    0x1, 0xf3, 0x0, 0xf2, 0x4, 0xf9, 0x0, 0x30,
    0x5, 0xf0, 0x9d, 0xf0, 0x4f, 0xaf, 0x21, 0xf3,
    0xc, 0xa0, 0x68, 0x48, 0xf6, 0xa, 0xe8, 0xf1,
    0x3f, 0x20, 0x0, 0xcd, 0x30, 0x1, 0xcf, 0xc0,
    0x0, 0x0, 0x0, 0x20, 0x0, 0x0, 0x3, 0x10,

    /* U+624B "手" */
    0x0, 0x0, 0x0, 0x0, 0x0, 0x0, 0x10, 0x0,
    0x0, 0x23, 0x34, 0x56, 0x79, 0xbe, 0xf7, 0x0,
    0x0, 0x8e, 0xed, 0xcd, 0xf8, 0x75, 0x42, 0x0,
    0x0, 0x0, 0x0, 0x6, 0xe0, 0x0, 0x0, 0x0,
    0x0, 0x12, 0x22, 0x27, 0xe2, 0x22, 0x22, 0x0,
    0x0, 0x7f, 0xff, 0xff, 0xff, 0xff, 0xfd, 0x0,
    0x0, 0x0, 0x0, 0x6, 0xe0, 0x0, 0x0, 0x0,
    0x0, 0x0, 0x0, 0x6, 0xe0, 0x0, 0x0, 0x0,
    0xf, 0xff, 0xff, 0xff, 0xff, 0xff, 0xff, 0xf4,
    0x2, 0x21, 0x11, 0x17, 0xe1, 0x11, 0x11, 0x20,
    0x0, 0x0, 0x0, 0x6, 0xe0, 0x0, 0x0, 0x0,
    0x0, 0x0, 0x0, 0x6, 0xe0, 0x0, 0x0, 0x0,
    0x0, 0x0, 0x1, 0x3a, 0xe0, 0x0, 0x0, 0x0,
    0x0, 0x0, 0x2, 0xff, 0x80, 0x0, 0x0, 0x0,
    0x0, 0x0, 0x0, 0x31, 0x0, 0x0, 0x0, 0x0,

    /* U+626B "扫" */
    0x0, 0x7, 0xf0, 0x0, 0x0, 0x0, 0x0, 0x0,
    0x0, 0x6e, 0x0, 0x8f, 0xff, 0xff, 0xff, 0x0,
    0x6, 0xe0, 0x2, 0x33, 0x33, 0x37, 0xf0, 0xfe,
    0xef, 0xde, 0x20, 0x0, 0x0, 0x5e, 0x4, 0x48,
    0xf4, 0x40, 0x0, 0x0, 0x5, 0xe0, 0x0, 0x6e,
    0x1, 0x0, 0x0, 0x0, 0x5e, 0x0, 0x6, 0xf8,
    0xe0, 0xcf, 0xff, 0xff, 0xe0, 0x2, 0xbf, 0xa2,
    0x2, 0x21, 0x11, 0x6e, 0xa, 0xfd, 0xe0, 0x0,
    0x0, 0x0, 0x5, 0xe0, 0x73, 0x6e, 0x0, 0x0,
    0x0, 0x0, 0x5e, 0x0, 0x6, 0xe0, 0x0, 0x0,
    0x0, 0x5, 0xe0, 0x0, 0x6e, 0x0, 0x54, 0x44,
    0x44, 0x8e, 0x0, 0x6, 0xe0, 0xd, 0xdd, 0xdd,
    0xde, 0xf0, 0xb, 0xe8, 0x0, 0x0, 0x0, 0x0,
    0x5f, 0x0, 0x20, 0x0, 0x0, 0x0, 0x0, 0x0,
    0x0,

    /* U+626C "扬" */
    0x0, 0xe, 0x50, 0x0, 0x0, 0x0, 0x0, 0x0,
    0x0, 0xe, 0x40, 0xf, 0xff, 0xff, 0xff, 0x50,
    0x0, 0xd, 0x40, 0x2, 0x22, 0x2b, 0xd5, 0x0,
    0x14, 0x4e, 0x74, 0x0, 0x3, 0xd9, 0x0, 0x0,
    0x28, 0x8e, 0xa8, 0x1, 0x8e, 0x50, 0x0, 0x0,
    0x0, 0xd, 0x40, 0xe, 0xff, 0xff, 0xff, 0xf3,
    0x0, 0xd, 0x77, 0x2, 0x2f, 0x59, 0xa3, 0xf1,
    0x4, 0x8f, 0xe7, 0x0, 0x6e, 0xb, 0x73, 0xf0,
    0x3f, 0xae, 0x40, 0x1, 0xe6, 0xf, 0x44, 0xf0,
    0x1, 0xd, 0x40, 0x1d, 0xb0, 0x5e, 0x5, 0xe0,
    0x0, 0xd, 0x46, 0xfb, 0x1, 0xe8, 0x6, 0xd0,
    0x0, 0xd, 0x41, 0x80, 0xb, 0xd0, 0x7, 0xc0,
    0x2, 0x4e, 0x40, 0x4, 0xdd, 0x11, 0x3c, 0xa0,
    0x2, 0xfc, 0x10, 0x6f, 0x90, 0x6, 0xfd, 0x20,
    0x0, 0x0, 0x0, 0x2, 0x0, 0x0, 0x20, 0x0,

    /* U+62A5 "报" */
    0x0, 0x4, 0xf0, 0x0, 0x0, 0x0, 0x0, 0x0,
    0x0, 0x3, 0xe0, 0x4, 0xff, 0xff, 0xff, 0x0,
    0x0, 0x3, 0xe0, 0x4, 0xe1, 0x11, 0x4f, 0x0,
    0x4, 0x47, 0xe4, 0x54, 0xe0, 0x0, 0x4e, 0x0,
    0xb, 0xcd, 0xfc, 0xc4, 0xe0, 0x27, 0xcb, 0x0,
    0x0, 0x3, 0xe0, 0x4, 0xe0, 0x19, 0x71, 0x0,
    0x0, 0x3, 0xe1, 0x64, 0xff, 0xff, 0xff, 0x60,
    0x1, 0x5a, 0xfe, 0x94, 0xe8, 0x91, 0x4f, 0x20,
    0x1f, 0xeb, 0xe0, 0x4, 0xe2, 0xe0, 0x6c, 0x0,
    0x2, 0x3, 0xe0, 0x4, 0xe0, 0xc7, 0xd6, 0x0,
    0x0, 0x3, 0xe0, 0x4, 0xe0, 0x3f, 0xd0, 0x0,
    0x0, 0x3, 0xe0, 0x4, 0xe0, 0x3f, 0xf4, 0x0,
    0x0, 0x17, 0xd0, 0x4, 0xe4, 0xe6, 0x6f, 0x91,
    0x0, 0xde, 0x60, 0x4, 0xeb, 0x60, 0x4, 0xe5,
    0x0, 0x0, 0x0, 0x0, 0x0, 0x0, 0x0, 0x0,

    /* U+62E9 "择" */
    0x0, 0x3f, 0x10, 0x0, 0x0, 0x0, 0x0, 0x0,
    0x0, 0x3f, 0x10, 0x5f, 0xff, 0xff, 0xfd, 0x0,
    0x1, 0x4f, 0x21, 0x4, 0xd0, 0x1, 0xe3, 0x0,
    0x2f, 0xff, 0xfe, 0x0, 0xab, 0x4d, 0x60, 0x0,
    0x0, 0x3f, 0x10, 0x0, 0x1e, 0xf9, 0x0, 0x0,
    0x0, 0x3f, 0x11, 0x69, 0xea, 0x6e, 0xea, 0x81,
    0x0, 0x3f, 0xb5, 0xa8, 0x25, 0x80, 0x59, 0xa0,
    0x29, 0xef, 0x81, 0x11, 0x18, 0xd1, 0x11, 0x0,
    0x2d, 0x8f, 0x10, 0x8f, 0xff, 0xff, 0xfc, 0x0,
    0x0, 0x3f, 0x10, 0x0, 0x7, 0xd0, 0x0, 0x0,
    0x0, 0x3f, 0x12, 0x21, 0x17, 0xd1, 0x22, 0x20,
    0x0, 0x3f, 0x1c, 0xee, 0xef, 0xfe, 0xee, 0xf0,
    0x3, 0x7f, 0x0, 0x0, 0x7, 0xd0, 0x0, 0x0,
    0x9, 0xfc, 0x0, 0x0, 0x7, 0xd0, 0x0, 0x0,
    0x3, 0x50, 0x0, 0x0, 0x8, 0xd0, 0x0, 0x0,

    /* U+6301 "持" */
    0x0, 0xd, 0x50, 0x0, 0x6, 0xd0, 0x0, 0x0,
    0x0, 0xf, 0x40, 0x0, 0x5, 0xd0, 0x0, 0x0,
    0x0, 0xe, 0x40, 0x27, 0x69, 0xe6, 0x67, 0x0,
    0x15, 0x5f, 0x86, 0x3a, 0xac, 0xfa, 0xab, 0x0,
    0x3d, 0xcf, 0xdd, 0x10, 0x5, 0xd0, 0x0, 0x0,
    0x0, 0xe, 0x40, 0x43, 0x37, 0xd3, 0x33, 0x31,
    0x0, 0xe, 0x41, 0xcc, 0xcc, 0xcd, 0xfc, 0xd3,
    0x0, 0x2f, 0xea, 0x0, 0x0, 0x6, 0xc0, 0x0,
    0x4e, 0xff, 0x50, 0x9d, 0xdd, 0xde, 0xfd, 0xd0,
    0x19, 0x1e, 0x40, 0x23, 0x22, 0x28, 0xc2, 0x30,
    0x0, 0xe, 0x40, 0x1e, 0x40, 0x6, 0xc0, 0x0,
    0x0, 0xe, 0x40, 0xb, 0xd0, 0x6, 0xc0, 0x0,
    0x0, 0xe, 0x40, 0x3, 0xf2, 0x6, 0xc0, 0x0,
    0x4, 0x8f, 0x30, 0x0, 0x11, 0x5b, 0xb0, 0x0,
    0x6, 0xd7, 0x0, 0x0, 0x0, 0xed, 0x40, 0x0,

    /* U+6309 "按" */
    0x0, 0x0, 0x0, 0x0, 0x1, 0x10, 0x0, 0x0,
    0x0, 0xf, 0x20, 0x0, 0xb, 0xa0, 0x0, 0x0,
    0x0, 0xf, 0x20, 0x0, 0x2, 0xe1, 0x0, 0x0,
    0x0, 0xf, 0x20, 0x8c, 0xcc, 0xcc, 0xcc, 0x70,
    0x3d, 0xcf, 0xd5, 0xa9, 0x33, 0x33, 0x3a, 0x90,
    0x2, 0x2f, 0x41, 0xa8, 0xa, 0x90, 0x8, 0x90,
    0x0, 0xf, 0x20, 0x33, 0xf, 0x50, 0x2, 0x30,
    0x0, 0xf, 0x22, 0x22, 0x6e, 0x22, 0x22, 0x20,
    0x0, 0x1f, 0xd8, 0xcd, 0xfe, 0xdd, 0xfe, 0xd1,
    0x2a, 0xff, 0x40, 0x4, 0xe1, 0x1, 0xf2, 0x0,
    0x9, 0x2f, 0x20, 0xd, 0x70, 0x8, 0xb0, 0x0,
    0x0, 0xf, 0x20, 0x1b, 0xe7, 0x3f, 0x30, 0x0,
    0x0, 0xf, 0x20, 0x0, 0x2c, 0xfd, 0x0, 0x0,
    0x0, 0xf, 0x10, 0x2, 0x8f, 0x8c, 0xe6, 0x0,
    0x6, 0xef, 0x7, 0xdf, 0xa2, 0x0, 0x7f, 0xa0,
    0x1, 0x61, 0x2, 0x51, 0x0, 0x0, 0x2, 0x20,

    /* U+63A5 "接" */
    0x0, 0x0, 0x0, 0x0, 0x0, 0x40, 0x0, 0x0,
    0x0, 0x1f, 0x10, 0x0, 0x3, 0xf2, 0x0, 0x0,
    0x0, 0x1f, 0x10, 0x58, 0x88, 0xfb, 0x88, 0x90,
    0x0, 0x1f, 0x10, 0x58, 0x88, 0x88, 0x98, 0x90,
    0x3f, 0xef, 0xe9, 0x1, 0xa0, 0x0, 0xf4, 0x0,
    0x3, 0x3f, 0x32, 0x0, 0xe7, 0x4, 0xf0, 0x0,
    0x0, 0x1f, 0x10, 0x22, 0x86, 0x2a, 0xb2, 0x30,
    0x0, 0x1f, 0x12, 0x9d, 0xdd, 0xdd, 0xdd, 0xd0,
    0x1, 0x5f, 0xe5, 0x0, 0xd, 0x50, 0x0, 0x0,
    0x3f, 0xcf, 0x11, 0xff, 0xff, 0xff, 0xff, 0xf8,
    0x4, 0x1f, 0x10, 0x11, 0xe6, 0x3, 0xf1, 0x0,
    0x0, 0x1f, 0x10, 0x6, 0xf7, 0x1a, 0x80, 0x0,
    0x0, 0x1f, 0x10, 0x0, 0x4b, 0xff, 0x30, 0x0,
    0x1, 0x3f, 0x0, 0x1, 0x5c, 0xda, 0xfa, 0x20,
    0x9, 0xfc, 0x2, 0xdf, 0xd6, 0x0, 0x3c, 0xe1,
    0x2, 0x30, 0x0, 0x42, 0x0, 0x0, 0x0, 0x20,

    /* U+63CF "描" */
    0x0, 0x2f, 0x10, 0x0, 0xc4, 0x8, 0xa0, 0x0,
    0x0, 0x2f, 0x10, 0x0, 0xc4, 0x7, 0xa0, 0x0,
    0x0, 0x2f, 0x11, 0xa9, 0xeb, 0x9c, 0xd9, 0x94,
    0x13, 0x4f, 0x33, 0x88, 0xea, 0x8b, 0xd8, 0x83,
    0x4e, 0xdf, 0xd8, 0x0, 0xc4, 0x7, 0xa0, 0x0,
    0x0, 0x2f, 0x10, 0x0, 0x10, 0x0, 0x10, 0x0,
    0x0, 0x2f, 0x54, 0x6f, 0xff, 0xff, 0xff, 0x50,
    0x4, 0xaf, 0xc3, 0x4e, 0x1, 0xf1, 0xe, 0x40,
    0x2e, 0xaf, 0x10, 0x4e, 0x1, 0xf1, 0xe, 0x40,
    0x0, 0x2f, 0x10, 0x4f, 0xee, 0xfe, 0xef, 0x40,
    0x0, 0x2f, 0x10, 0x4e, 0x12, 0xf2, 0x1e, 0x40,
    0x0, 0x2f, 0x10, 0x4e, 0x1, 0xf1, 0xe, 0x40,
    0x0, 0x3f, 0x0, 0x4e, 0x23, 0xf3, 0x2e, 0x40,
    0x5, 0xde, 0x0, 0x4f, 0xcc, 0xcc, 0xcf, 0x40,
    0x4, 0xd4, 0x0, 0x6e, 0x0, 0x0, 0xe, 0x40,
    0x0, 0x0, 0x0, 0x0, 0x0, 0x0, 0x0, 0x0,

    /* U+63D0 "提" */
    0x0, 0x3f, 0x0, 0x0, 0x0, 0x0, 0x0, 0x0,
    0x0, 0x3f, 0x0, 0x1f, 0xff, 0xff, 0xff, 0x0,
    0x0, 0x3f, 0x0, 0x1f, 0x43, 0x33, 0x5f, 0x0,
    0x5, 0x7f, 0x55, 0x1f, 0xee, 0xee, 0xef, 0x0,
    0x19, 0xaf, 0x88, 0x1f, 0x10, 0x0, 0x3f, 0x0,
    0x0, 0x3f, 0x0, 0x1f, 0xff, 0xff, 0xfe, 0x0,
    0x0, 0x3f, 0x13, 0x0, 0x0, 0x0, 0x0, 0x0,
    0x0, 0x5f, 0xe7, 0xff, 0xff, 0xff, 0xff, 0xf3,
    0x3c, 0xff, 0x20, 0x11, 0x3, 0xf0, 0x0, 0x10,
    0x18, 0x3f, 0x0, 0x2f, 0x23, 0xf1, 0x12, 0x0,
    0x0, 0x3f, 0x0, 0x5f, 0x3, 0xfe, 0xef, 0x0,
    0x0, 0x3f, 0x0, 0xaf, 0x33, 0xf0, 0x0, 0x0,
    0x1, 0x5f, 0x4, 0xf9, 0xfc, 0xf3, 0x33, 0x41,
    0x8, 0xfb, 0x3f, 0x80, 0x29, 0xdf, 0xff, 0xf0,
    0x1, 0x20, 0x4, 0x0, 0x0, 0x0, 0x0, 0x0,

    /* U+64AD "播" */
    0x0, 0x1f, 0x10, 0x0, 0x2, 0x35, 0x8a, 0x0,
    0x0, 0x1f, 0x0, 0xdf, 0xff, 0xfc, 0xb9, 0x30,
    0x0, 0x1f, 0x0, 0x1b, 0x14, 0xe0, 0x7b, 0x0,
    0x3b, 0xbf, 0xb3, 0x9, 0x74, 0xe0, 0xd4, 0x0,
    0x14, 0x4f, 0x37, 0xee, 0xee, 0xfe, 0xfe, 0xe5,
    0x0, 0x1f, 0x0, 0x11, 0xdb, 0xf9, 0xb0, 0x10,
    0x0, 0x1f, 0x73, 0x1c, 0xb3, 0xf1, 0xea, 0x0,
    0x2, 0x9f, 0xd7, 0xdc, 0x3, 0xc0, 0x3f, 0xe4,
    0x4f, 0xaf, 0x1e, 0xdf, 0xff, 0xff, 0xfe, 0xa1,
    0x2, 0x1f, 0x1, 0x4d, 0x3, 0xd0, 0x3e, 0x0,
    0x0, 0x1f, 0x0, 0x4f, 0xee, 0xfe, 0xee, 0x0,
    0x0, 0x1f, 0x0, 0x4d, 0x14, 0xd1, 0x4e, 0x0,
    0x0, 0x1f, 0x0, 0x4d, 0x25, 0xe2, 0x5e, 0x0,
    0x6, 0xbf, 0x0, 0x4f, 0xcc, 0xcc, 0xde, 0x0,
    0x6, 0xd6, 0x0, 0x5d, 0x0, 0x0, 0x3f, 0x0,

    /* U+652F "支" */
    0x0, 0x0, 0x0, 0xe, 0x50, 0x0, 0x0, 0x0,
    0x33, 0x33, 0x33, 0xe7, 0x33, 0x33, 0x41, 0xa,
    0xed, 0xdd, 0xdf, 0xed, 0xdd, 0xde, 0x40, 0x0,
    0x0, 0x0, 0xd4, 0x0, 0x0, 0x0, 0x0, 0x0,
    0x0, 0xd, 0x40, 0x0, 0x0, 0x0, 0x4, 0xff,
    0xff, 0xff, 0xff, 0xd0, 0x0, 0x0, 0x0, 0x8a,
    0x0, 0x0, 0xc8, 0x0, 0x0, 0x0, 0x1, 0xf3,
    0x0, 0x5e, 0x0, 0x0, 0x0, 0x0, 0x7, 0xd1,
    0x1e, 0x50, 0x0, 0x0, 0x0, 0x0, 0xb, 0xcd,
    0x80, 0x0, 0x0, 0x0, 0x0, 0x0, 0x8f, 0xf6,
    0x0, 0x0, 0x0, 0x1, 0x59, 0xea, 0x25, 0xde,
    0x96, 0x42, 0xa, 0xfd, 0x82, 0x0, 0x0, 0x49,
    0xdf, 0x50, 0x1, 0x0, 0x0, 0x0, 0x0, 0x0,
    0x0,

    /* U+653E "放" */
    0x0, 0x2, 0x0, 0x0, 0x0, 0x10, 0x0, 0x0,
    0x0, 0xe, 0x60, 0x0, 0x5, 0xf3, 0x0, 0x0,
    0x0, 0x7, 0xe0, 0x0, 0x8, 0xc0, 0x0, 0x0,
    0x0, 0x1, 0x60, 0x0, 0xd, 0x60, 0x0, 0x0,
    0x3f, 0xff, 0xff, 0xfd, 0x3f, 0xff, 0xff, 0xf2,
    0x1, 0x2f, 0x10, 0x11, 0x9a, 0x11, 0x9a, 0x20,
    0x0, 0x1f, 0x10, 0x2, 0xfe, 0x0, 0xa8, 0x0,
    0x0, 0x2f, 0xdd, 0xd8, 0xae, 0x40, 0xc6, 0x0,
    0x0, 0x2f, 0x22, 0xc5, 0xa, 0x80, 0xf4, 0x0,
    0x0, 0x4d, 0x0, 0xc4, 0x5, 0xd3, 0xf0, 0x0,
    0x0, 0x7b, 0x0, 0xd3, 0x0, 0xfc, 0xc0, 0x0,
    0x0, 0xc7, 0x0, 0xe3, 0x0, 0x9f, 0x50, 0x0,
    0x2, 0xf2, 0x0, 0xf1, 0x1, 0xdf, 0x90, 0x0,
    0xc, 0xb0, 0x5a, 0xf0, 0x6e, 0xa2, 0xeb, 0x30,
    0x3e, 0x20, 0x7c, 0x59, 0xf6, 0x0, 0x2c, 0xf2,
    0x0, 0x0, 0x0, 0x1, 0x10, 0x0, 0x0, 0x20,

    /* U+6570 "数" */
    0x3, 0x50, 0xd6, 0x18, 0x6, 0xa0, 0x0, 0x0,
    0x3e, 0x2d, 0x57, 0xa0, 0x9a, 0x0, 0x0, 0x2,
    0x63, 0xc6, 0x84, 0xd, 0x50, 0x0, 0x0, 0xee,
    0xff, 0xfe, 0xe6, 0xfd, 0xcc, 0xc6, 0x0, 0x2e,
    0xe7, 0x50, 0x7d, 0x33, 0xc8, 0x20, 0x5e, 0x6c,
    0x8e, 0x5c, 0xc0, 0xd, 0x50, 0x2d, 0x41, 0xa4,
    0x48, 0xff, 0x0, 0xe3, 0x0, 0x0, 0x8b, 0x0,
    0x68, 0xd3, 0x1f, 0x0, 0x2f, 0xff, 0xff, 0xfb,
    0x9, 0x84, 0xd0, 0x0, 0x15, 0xd0, 0xc, 0x60,
    0x4e, 0xa8, 0x0, 0x0, 0xdc, 0x56, 0xe0, 0x0,
    0xdf, 0x20, 0x0, 0x1, 0x5b, 0xfe, 0x70, 0x1d,
    0xf4, 0x0, 0x0, 0x6, 0xe6, 0x49, 0x3d, 0x97,
    0xf5, 0x0, 0x9e, 0xb2, 0x0, 0xaf, 0x70, 0x7,
    0xf5, 0x3, 0x20, 0x0, 0x3, 0x10, 0x0, 0x2,
    0x0,

    /* U+6574 "整" */
    0x0, 0x0, 0x0, 0x0, 0x0, 0x0, 0x0, 0x0,
    0x0, 0x0, 0xf4, 0x0, 0x0, 0xc6, 0x0, 0x0,
    0x27, 0x77, 0xf9, 0x77, 0x32, 0xf1, 0x0, 0x0,
    0x27, 0x77, 0xf8, 0x77, 0x2a, 0xee, 0xef, 0xe3,
    0xa, 0xbb, 0xfc, 0xba, 0x3f, 0x40, 0x5d, 0x0,
    0xd, 0x62, 0xf5, 0x4e, 0x8b, 0xc0, 0xb8, 0x0,
    0xd, 0xee, 0xff, 0xee, 0x0, 0xbc, 0xd0, 0x0,
    0x0, 0x5e, 0xff, 0x80, 0x1, 0xaf, 0xd4, 0x0,
    0x2a, 0xe4, 0xf5, 0xc2, 0x5f, 0x81, 0x6e, 0xc0,
    0x3c, 0x20, 0x41, 0x0, 0x1, 0x0, 0x0, 0x20,
    0x0, 0xce, 0xee, 0xef, 0xee, 0xee, 0xea, 0x0,
    0x0, 0x2, 0x60, 0xc, 0x60, 0x0, 0x0, 0x0,
    0x0, 0x5, 0xd0, 0xc, 0xee, 0xee, 0xe3, 0x0,
    0x0, 0x5, 0xd0, 0xc, 0x60, 0x0, 0x0, 0x0,
    0x4f, 0xee, 0xee, 0xee, 0xee, 0xee, 0xee, 0xf0,

    /* U+6587 "文" */
    0x0, 0x0, 0x0, 0x1, 0x0, 0x0, 0x0, 0x0,
    0x0, 0x0, 0x0, 0xba, 0x0, 0x0, 0x0, 0x0,
    0x0, 0x0, 0x0, 0x3f, 0x30, 0x0, 0x0, 0x0,
    0x0, 0x0, 0x0, 0x9, 0x50, 0x0, 0x0, 0x0,
    0x2f, 0xff, 0xff, 0xff, 0xff, 0xff, 0xff, 0xf1,
    0x3, 0x34, 0xf5, 0x33, 0x33, 0xe9, 0x34, 0x40,
    0x0, 0x0, 0xe5, 0x0, 0x0, 0xf4, 0x0, 0x0,
    0x0, 0x0, 0x8a, 0x0, 0x5, 0xe0, 0x0, 0x0,
    0x0, 0x0, 0x2f, 0x20, 0xc, 0x90, 0x0, 0x0,
    0x0, 0x0, 0xa, 0xb0, 0x5f, 0x10, 0x0, 0x0,
    0x0, 0x0, 0x1, 0xe9, 0xe7, 0x0, 0x0, 0x0,
    0x0, 0x0, 0x0, 0x6f, 0xe0, 0x0, 0x0, 0x0,
    0x0, 0x0, 0x6, 0xf9, 0xcd, 0x40, 0x0, 0x0,
    0x0, 0x27, 0xee, 0x40, 0x8, 0xfd, 0x84, 0x10,
    0xc, 0xfd, 0x60, 0x0, 0x0, 0x17, 0xdf, 0xb0,
    0x3, 0x30, 0x0, 0x0, 0x0, 0x0, 0x2, 0x10,

    /* U+65AD "断" */
    0x0, 0x0, 0xe4, 0x0, 0x0, 0x0, 0x22, 0xc,
    0x6f, 0x1d, 0x48, 0x89, 0xcd, 0xfe, 0xa0, 0xe5,
    0xe4, 0xd4, 0xe3, 0xb7, 0x10, 0x0, 0xd, 0x58,
    0x4d, 0x7a, 0xb, 0x50, 0x0, 0x0, 0xd5, 0x54,
    0xe7, 0x52, 0xb5, 0x0, 0x0, 0xd, 0x6b, 0xcf,
    0xcb, 0x4b, 0xed, 0xdd, 0xd3, 0xd5, 0xb, 0xf6,
    0x30, 0xb7, 0x26, 0xd3, 0xd, 0x51, 0xfe, 0x9d,
    0xb, 0x50, 0x4c, 0x0, 0xd5, 0xa9, 0xd4, 0xc6,
    0xc4, 0x4, 0xc0, 0xd, 0x9f, 0x2e, 0x45, 0x6e,
    0x20, 0x4c, 0x0, 0xd5, 0x40, 0xe4, 0x1, 0xf0,
    0x4, 0xc0, 0xd, 0x50, 0x6, 0x31, 0x6d, 0x0,
    0x4c, 0x0, 0xdf, 0xff, 0xff, 0xfe, 0x60, 0x4,
    0xd0, 0x0, 0x0, 0x0, 0x4, 0xd0, 0x0, 0x5e,
    0x0, 0x0, 0x0, 0x0, 0x0, 0x0, 0x0, 0x0,
    0x0,

    /* U+65B0 "新" */
    0x0, 0x0, 0xc5, 0x0, 0x0, 0x2, 0x48, 0x90,
    0x3, 0x43, 0xda, 0x44, 0x15, 0xfd, 0xba, 0x91,
    0xc, 0xee, 0xee, 0xee, 0x45, 0xd0, 0x0, 0x0,
    0x0, 0x74, 0x1, 0xb1, 0x5, 0xd0, 0x0, 0x0,
    0x0, 0x6a, 0x7, 0xa0, 0x5, 0xe3, 0x33, 0x31,
    0x2e, 0xdd, 0xdf, 0xed, 0x85, 0xfc, 0xdf, 0xc5,
    0x15, 0x44, 0xd9, 0x44, 0x35, 0xd0, 0x4e, 0x0,
    0x0, 0x0, 0xc6, 0x0, 0x5, 0xc0, 0x4e, 0x0,
    0xe, 0xff, 0xff, 0xff, 0x76, 0xb0, 0x4e, 0x0,
    0x3, 0x53, 0xd7, 0x33, 0x18, 0xa0, 0x4e, 0x0,
    0x0, 0xe8, 0xc6, 0xe3, 0xb, 0x70, 0x4e, 0x0,
    0x8, 0xe1, 0xc6, 0x8d, 0xf, 0x40, 0x4e, 0x0,
    0x3f, 0x30, 0xc6, 0x17, 0x5f, 0x0, 0x4e, 0x0,
    0x4, 0x29, 0xf5, 0x0, 0xd9, 0x0, 0x4f, 0x0,
    0x0, 0xc, 0xa0, 0x3, 0xd2, 0x0, 0x5f, 0x0,
    0x0, 0x0, 0x0, 0x0, 0x0, 0x0, 0x0, 0x0,

    /* U+65E5 "日" */
    0xef, 0xff, 0xff, 0xff, 0xff, 0x6e, 0x82, 0x22,
    0x22, 0x22, 0xf5, 0xe7, 0x0, 0x0, 0x0, 0xf,
    0x5e, 0x70, 0x0, 0x0, 0x0, 0xf5, 0xd7, 0x0,
    0x0, 0x0, 0xf, 0x5d, 0xff, 0xff, 0xff, 0xff,
    0xf5, 0xd7, 0x11, 0x11, 0x11, 0x1f, 0x5d, 0x70,
    0x0, 0x0, 0x0, 0xf5, 0xd7, 0x0, 0x0, 0x0,
    0xf, 0x5d, 0x70, 0x0, 0x0, 0x0, 0xf5, 0xe9,
    0x44, 0x44, 0x44, 0x5f, 0x5e, 0xec, 0xcc, 0xcc,
    0xcc, 0xf5, 0xe7, 0x0, 0x0, 0x0, 0xf, 0x60,

    /* U+65F6 "时" */
    0x0, 0x0, 0x0, 0x0, 0x0, 0xf, 0x60, 0x3,
    0x33, 0x33, 0x0, 0x0, 0x0, 0xf5, 0x0, 0xee,
    0xdd, 0xf3, 0x0, 0x0, 0xf, 0x50, 0xe, 0x60,
    0x1f, 0x36, 0x55, 0x55, 0xf9, 0x62, 0xe6, 0x1,
    0xf4, 0xcc, 0xbb, 0xbf, 0xdc, 0x4d, 0x83, 0x4f,
    0x20, 0x0, 0x0, 0xe5, 0x0, 0xde, 0xdd, 0xf2,
    0x6, 0x0, 0xe, 0x50, 0xd, 0x60, 0x1f, 0x22,
    0xf6, 0x0, 0xe5, 0x0, 0xd6, 0x1, 0xf2, 0x8,
    0xe0, 0xe, 0x50, 0xe, 0x71, 0x3f, 0x20, 0x18,
    0x10, 0xe5, 0x0, 0xef, 0xff, 0xf2, 0x0, 0x0,
    0xe, 0x50, 0xe, 0x60, 0x1f, 0x20, 0x0, 0x0,
    0xe5, 0x0, 0xe6, 0x0, 0x30, 0x0, 0x0, 0xf,
    0x50, 0x1, 0x0, 0x0, 0x0, 0x0, 0x8c, 0xf3,
    0x0, 0x0, 0x0, 0x0, 0x0, 0x4, 0x84, 0x0,
    0x0,

    /* U+6682 "暂" */
    0x0, 0xd, 0x20, 0x0, 0x0, 0x25, 0x70, 0x23,
    0x7e, 0x33, 0x42, 0xff, 0xfe, 0xd1, 0x7b, 0xfb,
    0xaa, 0xb2, 0xf3, 0x0, 0x0, 0x8, 0xa1, 0xc0,
    0x1, 0xf8, 0x77, 0x75, 0x2f, 0xed, 0xfd, 0xc2,
    0xf6, 0x9d, 0x64, 0x2, 0x2, 0xf1, 0x25, 0xf0,
    0x5c, 0x0, 0x8b, 0xcd, 0xfe, 0xaa, 0xa0, 0x5c,
    0x0, 0x44, 0x33, 0xf0, 0x2f, 0x30, 0x5d, 0x0,
    0x0, 0x22, 0x62, 0x23, 0x22, 0x34, 0x0, 0x0,
    0xfd, 0xcc, 0xcc, 0xcc, 0xdf, 0x0, 0x0, 0xf5,
    0x11, 0x11, 0x11, 0x5e, 0x0, 0x0, 0xfc, 0xbb,
    0xbb, 0xbb, 0xce, 0x0, 0x0, 0xf4, 0x0, 0x0,
    0x0, 0x4f, 0x0, 0x0, 0xfd, 0xcc, 0xcc, 0xcc,
    0xdf, 0x0,

    /* U+66F4 "更" */
    0x0, 0x0, 0x0, 0x0, 0x0, 0x0, 0x0, 0x4,
    0xff, 0xff, 0xff, 0xff, 0xff, 0xff, 0xb0, 0x1,
    0x0, 0x0, 0x5e, 0x0, 0x0, 0x1, 0x0, 0x2c,
    0xcc, 0xcd, 0xfc, 0xcc, 0xc2, 0x0, 0x3, 0xf3,
    0x22, 0x6e, 0x22, 0x3f, 0x30, 0x0, 0x3f, 0x21,
    0x15, 0xe1, 0x12, 0xf3, 0x0, 0x3, 0xfe, 0xee,
    0xef, 0xee, 0xef, 0x30, 0x0, 0x3f, 0x10, 0x5,
    0xe0, 0x1, 0xf3, 0x0, 0x3, 0xff, 0xff, 0xff,
    0xff, 0xff, 0x30, 0x0, 0x4, 0xd3, 0x1a, 0xa1,
    0x11, 0x10, 0x0, 0x0, 0xa, 0xe4, 0xe5, 0x0,
    0x0, 0x0, 0x0, 0x0, 0x6, 0xff, 0x20, 0x0,
    0x0, 0x0, 0x0, 0x3, 0xbe, 0xaf, 0xc7, 0x30,
    0x0, 0x7, 0xbe, 0xe8, 0x0, 0x17, 0xbf, 0xff,
    0xd0, 0x47, 0x30, 0x0, 0x0, 0x0, 0x2, 0x44,
    0x0,

    /* U+6708 "月" */
    0x0, 0x5f, 0xff, 0xff, 0xff, 0xff, 0x40, 0x5,
    0xe0, 0x0, 0x0, 0x0, 0xf3, 0x0, 0x4e, 0x0,
    0x0, 0x0, 0xf, 0x30, 0x4, 0xfb, 0xbb, 0xbb,
    0xbb, 0xf3, 0x0, 0x4e, 0x33, 0x33, 0x33, 0x3f,
    0x30, 0x4, 0xe0, 0x0, 0x0, 0x0, 0xf3, 0x0,
    0x5e, 0x0, 0x0, 0x0, 0xf, 0x30, 0x6, 0xff,
    0xff, 0xff, 0xff, 0xf3, 0x0, 0x8b, 0x0, 0x0,
    0x0, 0xf, 0x30, 0xc, 0x80, 0x0, 0x0, 0x0,
    0xf3, 0x3, 0xf2, 0x0, 0x0, 0x0, 0xf, 0x30,
    0xcb, 0x0, 0x0, 0x1, 0x57, 0xf2, 0x7e, 0x20,
    0x0, 0x0, 0xf, 0xea, 0x0, 0x0, 0x0, 0x0,
    0x0, 0x0, 0x0,

    /* U+6709 "有" */
    0x0, 0x0, 0x0, 0x0, 0x0, 0x0, 0x0, 0x0,
    0x0, 0x0, 0x0, 0x3f, 0x30, 0x0, 0x0, 0x0,
    0x0, 0x0, 0x0, 0x7f, 0x0, 0x0, 0x0, 0x0,
    0x7, 0xff, 0xff, 0xff, 0xff, 0xff, 0xff, 0xf1,
    0x1, 0x21, 0x15, 0xf4, 0x11, 0x11, 0x11, 0x20,
    0x0, 0x0, 0xd, 0xc0, 0x0, 0x0, 0x0, 0x0,
    0x0, 0x0, 0x8f, 0xff, 0xff, 0xff, 0xfa, 0x0,
    0x0, 0x5, 0xfe, 0x0, 0x0, 0x0, 0xaa, 0x0,
    0x0, 0x5f, 0xee, 0x33, 0x33, 0x33, 0xba, 0x0,
    0x8, 0xf8, 0x7f, 0xcc, 0xcc, 0xcc, 0xea, 0x0,
    0x9, 0x50, 0x7e, 0x0, 0x0, 0x0, 0xaa, 0x0,
    0x0, 0x0, 0x7f, 0xff, 0xff, 0xff, 0xfa, 0x0,
    0x0, 0x0, 0x7e, 0x0, 0x0, 0x0, 0xaa, 0x0,
    0x0, 0x0, 0x7e, 0x0, 0x0, 0x13, 0xc9, 0x0,
    0x0, 0x0, 0x7e, 0x0, 0x0, 0x2f, 0xd3, 0x0,
    0x0, 0x0, 0x0, 0x0, 0x0, 0x0, 0x0, 0x0,

    /* U+672A "未" */
    0x0, 0x0, 0x0, 0xf, 0x50, 0x0, 0x0, 0x0,
    0x0, 0x0, 0x0, 0xe, 0x50, 0x0, 0x0, 0x0,
    0x0, 0x32, 0x22, 0x2e, 0x62, 0x22, 0x31, 0x0,
    0x0, 0xdd, 0xdd, 0xdf, 0xed, 0xdd, 0xe4, 0x0,
    0x0, 0x0, 0x0, 0xe, 0x50, 0x0, 0x0, 0x0,
    0x0, 0x0, 0x0, 0xe, 0x50, 0x0, 0x0, 0x0,
    0x2f, 0xff, 0xff, 0xff, 0xff, 0xff, 0xff, 0x90,
    0x1, 0x0, 0x5, 0xff, 0xf7, 0x0, 0x1, 0x0,
    0x0, 0x0, 0x1e, 0x7e, 0x8f, 0x40, 0x0, 0x0,
    0x0, 0x2, 0xda, 0xe, 0x57, 0xf4, 0x0, 0x0,
    0x0, 0x4e, 0xb0, 0xe, 0x50, 0x8f, 0x80, 0x0,
    0x19, 0xf9, 0x0, 0xe, 0x50, 0x6, 0xff, 0x90,
    0x1b, 0x50, 0x0, 0xf, 0x50, 0x0, 0x18, 0x60,
    0x0, 0x0, 0x0, 0xf, 0x60, 0x0, 0x0, 0x0,

    /* U+672C "本" */
    0x0, 0x0, 0x0, 0xe, 0x70, 0x0, 0x0, 0x0,
    0x0, 0x0, 0x0, 0xd6, 0x0, 0x0, 0x0, 0x0,
    0x0, 0x0, 0xd, 0x60, 0x0, 0x0, 0x0, 0xcf,
    0xff, 0xff, 0xff, 0xff, 0xff, 0xf6, 0x2, 0x21,
    0x13, 0xff, 0xf9, 0x11, 0x12, 0x10, 0x0, 0x0,
    0x7c, 0xda, 0xe0, 0x0, 0x0, 0x0, 0x0, 0xe,
    0x5d, 0x6e, 0x50, 0x0, 0x0, 0x0, 0x8, 0xd0,
    0xd6, 0x6d, 0x0, 0x0, 0x0, 0x2, 0xf5, 0xd,
    0x60, 0xd9, 0x0, 0x0, 0x1, 0xdb, 0x0, 0xd6,
    0x3, 0xf8, 0x0, 0x1, 0xcd, 0x44, 0x4e, 0x94,
    0x56, 0xfb, 0x13, 0xee, 0x28, 0xcc, 0xfd, 0xcd,
    0x34, 0xf9, 0x9, 0x20, 0x0, 0xd, 0x60, 0x0,
    0x2, 0x0, 0x0, 0x0, 0x0, 0xe7, 0x0, 0x0,
    0x0, 0x0, 0x0, 0x0, 0xe, 0x70, 0x0, 0x0,
    0x0,

    /* U+672F "术" */
    0x0, 0x0, 0x0, 0xe, 0x80, 0x2a, 0x0, 0x0,
    0x0, 0x0, 0x0, 0xd, 0x70, 0x1e, 0xb0, 0x0,
    0x0, 0x0, 0x0, 0xd, 0x70, 0x4, 0xf3, 0x0,
    0x2, 0x22, 0x22, 0x2e, 0x82, 0x22, 0x52, 0x10,
    0xf, 0xff, 0xff, 0xff, 0xff, 0xff, 0xff, 0xb0,
    0x0, 0x0, 0x4, 0xff, 0xec, 0x0, 0x0, 0x0,
    0x0, 0x0, 0xb, 0xbd, 0x8f, 0x40, 0x0, 0x0,
    0x0, 0x0, 0x5f, 0x3d, 0x79, 0xc0, 0x0, 0x0,
    0x0, 0x1, 0xe9, 0xd, 0x71, 0xe9, 0x0, 0x0,
    0x0, 0x1d, 0xd0, 0xd, 0x70, 0x4f, 0x90, 0x0,
    0x2, 0xdd, 0x10, 0xd, 0x70, 0x5, 0xfc, 0x30,
    0x3f, 0xc1, 0x0, 0xd, 0x70, 0x0, 0x3d, 0x90,
    0x4, 0x0, 0x0, 0xd, 0x70, 0x0, 0x0, 0x0,
    0x0, 0x0, 0x0, 0xe, 0x70, 0x0, 0x0, 0x0,

    /* U+675F "束" */
    0x0, 0x0, 0x0, 0x5f, 0x0, 0x0, 0x0, 0x0,
    0x0, 0x0, 0x5, 0xe0, 0x0, 0x0, 0x0, 0xbf,
    0xff, 0xff, 0xff, 0xff, 0xff, 0xff, 0x61, 0x21,
    0x11, 0x16, 0xe1, 0x11, 0x11, 0x21, 0x1, 0x44,
    0x44, 0x8f, 0x44, 0x44, 0x40, 0x0, 0x5f, 0xcc,
    0xcd, 0xfc, 0xcc, 0xdf, 0x0, 0x4, 0xe0, 0x0,
    0x5e, 0x0, 0x4, 0xe0, 0x0, 0x5f, 0xdd, 0xde,
    0xfd, 0xdd, 0xef, 0x0, 0x1, 0x33, 0x3c, 0xff,
    0xe8, 0x33, 0x30, 0x0, 0x0, 0x8, 0xe7, 0xf6,
    0xe2, 0x0, 0x0, 0x0, 0xa, 0xe3, 0x5f, 0xa,
    0xe2, 0x0, 0x0, 0x4e, 0xe2, 0x5, 0xf0, 0xa,
    0xf8, 0x10, 0x9f, 0xa0, 0x0, 0x5f, 0x0, 0x6,
    0xef, 0x41, 0x40, 0x0, 0x6, 0xf0, 0x0, 0x0,
    0x50,

    /* U+677F "板" */
    0x0, 0xe, 0x40, 0x0, 0x0, 0x3, 0x6b, 0x0,
    0x0, 0xd, 0x40, 0xb, 0xdf, 0xfd, 0xb9, 0x30,
    0x0, 0xd, 0x40, 0xe, 0x51, 0x0, 0x0, 0x0,
    0xb, 0xaf, 0xcb, 0x3d, 0x40, 0x0, 0x0, 0x0,
    0x6, 0x7f, 0x86, 0x1d, 0xdc, 0xcc, 0xcc, 0x0,
    0x0, 0x5f, 0x40, 0xe, 0xac, 0x33, 0x8d, 0x0,
    0x0, 0xaf, 0x96, 0xe, 0x5f, 0x0, 0x8a, 0x0,
    0x1, 0xff, 0xbe, 0xf, 0x2e, 0x30, 0xb7, 0x0,
    0x9, 0xad, 0x4d, 0x3f, 0x1a, 0x80, 0xf2, 0x0,
    0x3f, 0x3d, 0x40, 0x2e, 0x3, 0xe6, 0xd0, 0x0,
    0x39, 0xd, 0x40, 0x6b, 0x0, 0xcf, 0x50, 0x0,
    0x0, 0xd, 0x40, 0xb8, 0x0, 0xaf, 0x30, 0x0,
    0x0, 0xd, 0x43, 0xf2, 0x7, 0xe9, 0xf4, 0x0,
    0x0, 0xe, 0x5d, 0xa1, 0xbe, 0x30, 0x8f, 0x90,
    0x0, 0xe, 0x57, 0x18, 0xd2, 0x0, 0x6, 0x90,
    0x0, 0x0, 0x0, 0x0, 0x0, 0x0, 0x0, 0x0,

    /* U+67E5 "查" */
    0x0, 0x0, 0x0, 0xa, 0x80, 0x0, 0x0, 0x0,
    0x0, 0x0, 0x0, 0xa, 0x80, 0x0, 0x0, 0x0,
    0x8, 0xff, 0xff, 0xff, 0xff, 0xff, 0xff, 0x70,
    0x1, 0x21, 0x1b, 0xca, 0x9d, 0x91, 0x12, 0x10,
    0x0, 0x0, 0x7e, 0x2a, 0x82, 0xe8, 0x0, 0x0,
    0x0, 0x9, 0xf3, 0xa, 0x80, 0x3e, 0xd6, 0x10,
    0x8, 0xee, 0x53, 0x3b, 0x93, 0x34, 0xbf, 0xe1,
    0x8, 0x66, 0xfc, 0xcc, 0xcc, 0xcf, 0x62, 0x40,
    0x0, 0x6, 0xc2, 0x22, 0x22, 0x2c, 0x60, 0x0,
    0x0, 0x6, 0xfc, 0xcc, 0xcc, 0xcf, 0x60, 0x0,
    0x0, 0x6, 0xc1, 0x11, 0x11, 0x1c, 0x60, 0x0,
    0x0, 0x6, 0xee, 0xee, 0xee, 0xee, 0x60, 0x0,
    0x1, 0x11, 0x11, 0x11, 0x11, 0x11, 0x11, 0x10,
    0x9, 0xff, 0xff, 0xff, 0xff, 0xff, 0xff, 0xe0,

    /* U+68D2 "棒" */
    0x0, 0x0, 0x0, 0x0, 0x1, 0x20, 0x0, 0x0,
    0x0, 0x2f, 0x0, 0x0, 0x6, 0xd0, 0x0, 0x0,
    0x0, 0x2f, 0x0, 0x0, 0x7, 0x90, 0x0, 0x0,
    0x0, 0x2f, 0x0, 0xbe, 0xef, 0xee, 0xee, 0x50,
    0x26, 0x7f, 0x65, 0x0, 0xe, 0x30, 0x0, 0x0,
    0x27, 0xbf, 0x76, 0x3e, 0xef, 0xee, 0xeb, 0x0,
    0x0, 0xaf, 0x0, 0x0, 0x6a, 0x0, 0x0, 0x0,
    0x0, 0xff, 0xd3, 0xed, 0xfd, 0xde, 0xdd, 0xe0,
    0x6, 0xdf, 0x9b, 0x9, 0xb3, 0x45, 0xc1, 0x0,
    0xe, 0x6f, 0x12, 0x8d, 0x17, 0xa0, 0x7d, 0x40,
    0x6c, 0x2f, 0xc, 0xba, 0xee, 0xfe, 0xe5, 0xd2,
    0x2, 0x2f, 0x1, 0x0, 0x7, 0xa0, 0x0, 0x0,
    0x0, 0x2f, 0x2, 0xfe, 0xee, 0xfe, 0xee, 0x90,
    0x0, 0x2f, 0x0, 0x0, 0x7, 0xa0, 0x0, 0x0,
    0x0, 0x2f, 0x0, 0x0, 0x7, 0xa0, 0x0, 0x0,
    0x0, 0x2e, 0x0, 0x0, 0x7, 0xa0, 0x0, 0x0,

    /* U+6A21 "模" */
    0x0, 0xf, 0x30, 0x0, 0x98, 0x9, 0x80, 0x0,
    0x0, 0xf, 0x30, 0xbb, 0xed, 0xbe, 0xdb, 0xa0,
    0x0, 0xf, 0x30, 0x22, 0x99, 0x2a, 0x92, 0x20,
    0x6, 0x6f, 0x86, 0x0, 0x33, 0x4, 0x30, 0x0,
    0xa, 0xaf, 0xba, 0x1f, 0xee, 0xee, 0xef, 0x30,
    0x0, 0x4f, 0x30, 0x1f, 0x0, 0x0, 0xd, 0x30,
    0x0, 0xaf, 0x92, 0x1f, 0xee, 0xee, 0xef, 0x30,
    0x2, 0xff, 0x9c, 0x1f, 0x0, 0x0, 0xd, 0x30,
    0xa, 0x9f, 0x3b, 0x3e, 0xee, 0xfe, 0xee, 0x30,
    0x4e, 0x1f, 0x30, 0x0, 0x4, 0xd0, 0x0, 0x0,
    0x1, 0xf, 0x30, 0xee, 0xef, 0xff, 0xee, 0xf0,
    0x0, 0xf, 0x30, 0x0, 0x1e, 0x8e, 0x50, 0x0,
    0x0, 0xf, 0x30, 0x6, 0xe7, 0x3, 0xe9, 0x10,
    0x0, 0xf, 0x34, 0xfb, 0x30, 0x0, 0x1b, 0xf2,
    0x0, 0x0, 0x0, 0x10, 0x0, 0x0, 0x0, 0x0,

    /* U+6B63 "正" */
    0x1, 0x55, 0x55, 0x55, 0x55, 0x55, 0x56, 0x10,
    0x2c, 0xcc, 0xcc, 0xdf, 0xcc, 0xcc, 0xd2, 0x0,
    0x0, 0x0, 0x5, 0xe0, 0x0, 0x0, 0x0, 0x0,
    0x0, 0x0, 0x5e, 0x0, 0x0, 0x0, 0x0, 0xa,
    0x40, 0x5, 0xe0, 0x0, 0x0, 0x0, 0x0, 0xe6,
    0x0, 0x5f, 0x44, 0x44, 0x40, 0x0, 0xe, 0x60,
    0x5, 0xfc, 0xcc, 0xcb, 0x0, 0x0, 0xe6, 0x0,
    0x5e, 0x0, 0x0, 0x0, 0x0, 0xe, 0x60, 0x5,
    0xe0, 0x0, 0x0, 0x0, 0x0, 0xe6, 0x0, 0x5e,
    0x0, 0x0, 0x0, 0x0, 0xe, 0x60, 0x5, 0xe0,
    0x0, 0x0, 0x1, 0x43, 0xe8, 0x33, 0x7f, 0x33,
    0x33, 0x43, 0x4e, 0xee, 0xee, 0xee, 0xee, 0xee,
    0xee, 0xb0,

    /* U+6B66 "武" */
    0x0, 0x0, 0x0, 0x0, 0xf, 0x60, 0x0, 0x0,
    0x0, 0x33, 0x22, 0x32, 0xf, 0x51, 0x40, 0x0,
    0x0, 0xde, 0xee, 0xea, 0xf, 0x46, 0xf6, 0x0,
    0x0, 0x0, 0x0, 0x0, 0xe, 0x40, 0x79, 0x0,
    0x4, 0x33, 0x33, 0x33, 0x3e, 0x73, 0x34, 0x20,
    0x2d, 0xcc, 0xcf, 0xdc, 0xce, 0xdc, 0xcd, 0x70,
    0x0, 0x0, 0xe, 0x40, 0xa, 0x60, 0x0, 0x0,
    0x0, 0xa6, 0xe, 0x51, 0x18, 0x80, 0x0, 0x0,
    0x0, 0xd7, 0xe, 0xff, 0xb5, 0xc0, 0x0, 0x0,
    0x0, 0xc7, 0xe, 0x40, 0x1, 0xf1, 0x0, 0x0,
    0x0, 0xc7, 0xe, 0x40, 0x0, 0xb8, 0x0, 0x0,
    0x0, 0xc7, 0xe, 0x76, 0x82, 0x3f, 0x21, 0x70,
    0x19, 0xee, 0xef, 0xfd, 0xa1, 0xa, 0xd8, 0xf1,
    0x1e, 0xb7, 0x41, 0x0, 0x0, 0x0, 0xcf, 0xa0,
    0x0, 0x0, 0x0, 0x0, 0x0, 0x0, 0x6, 0x10,

    /* U+6BB5 "段" */
    0x0, 0x0, 0x2, 0x0, 0x0, 0x0, 0x0, 0x0,
    0x0, 0x68, 0xcf, 0x50, 0xcf, 0xff, 0xf0, 0x0,
    0x0, 0xf8, 0x31, 0x0, 0xc6, 0x3, 0xe0, 0x0,
    0x0, 0xf4, 0x0, 0x0, 0xc5, 0x3, 0xe0, 0x0,
    0x0, 0xff, 0xff, 0x51, 0xf2, 0x3, 0xf8, 0x80,
    0x0, 0xf4, 0x1, 0xb, 0xb0, 0x1, 0xff, 0xe0,
    0x0, 0xf4, 0x0, 0x4, 0x42, 0x22, 0x23, 0x0,
    0x0, 0xff, 0xff, 0x58, 0xfb, 0xaa, 0xdc, 0x0,
    0x0, 0xf5, 0x12, 0x0, 0xc7, 0x0, 0xd8, 0x0,
    0x0, 0xf4, 0x0, 0x0, 0x7d, 0x2, 0xf2, 0x0,
    0x0, 0xf8, 0x9d, 0x80, 0x1f, 0x5a, 0xb0, 0x0,
    0x4f, 0xfd, 0xa6, 0x20, 0x8, 0xff, 0x30, 0x0,
    0x15, 0xf4, 0x0, 0x0, 0x1a, 0xfe, 0x40, 0x0,
    0x0, 0xf4, 0x0, 0x49, 0xfc, 0x4a, 0xfe, 0x92,
    0x0, 0xf4, 0x0, 0xcb, 0x40, 0x0, 0x3a, 0xe0,
    0x0, 0x0, 0x0, 0x0, 0x0, 0x0, 0x0, 0x0,

    /* U+6BCF "每" */
    0x0, 0x0, 0x95, 0x0, 0x0, 0x0, 0x0, 0x0,
    0x0, 0x3f, 0x84, 0x44, 0x44, 0x44, 0x51, 0x0,
    0xd, 0xdb, 0xbb, 0xbb, 0xbb, 0xbc, 0x30, 0xb,
    0xd1, 0x0, 0x0, 0x0, 0x0, 0x0, 0xb, 0xe2,
    0xdf, 0xff, 0xff, 0xff, 0xd0, 0x0, 0x52, 0xe,
    0x11, 0xd2, 0x0, 0x5b, 0x0, 0x0, 0x0, 0xf0,
    0xa, 0xe1, 0x6, 0xa0, 0x0, 0x34, 0x4f, 0x44,
    0x4d, 0x44, 0x9b, 0x45, 0x7, 0xbc, 0xfb, 0xbd,
    0xbb, 0xbd, 0xdb, 0xc0, 0x0, 0x3d, 0x3, 0xe6,
    0x0, 0x88, 0x0, 0x0, 0x4, 0xb0, 0x3, 0xc2,
    0x9, 0x70, 0x0, 0x0, 0x6f, 0xdd, 0xdd, 0xdd,
    0xfe, 0xe0, 0x0, 0x1, 0x22, 0x22, 0x22, 0x2e,
    0x63, 0x0, 0x0, 0x0, 0x0, 0x0, 0x6f, 0xe1,
    0x0, 0x0, 0x0, 0x0, 0x0, 0x1, 0x40, 0x0,
    0x0,

    /* U+6CA1 "没" */
    0x0, 0x62, 0x0, 0x0, 0x0, 0x0, 0x0, 0x0,
    0xb, 0xf5, 0x3, 0xff, 0xff, 0xf5, 0x0, 0x0,
    0x7, 0xf4, 0x3e, 0x0, 0xe, 0x40, 0x0, 0x10,
    0x3, 0x5, 0xd0, 0x0, 0xe4, 0x0, 0xe, 0x90,
    0x0, 0xa9, 0x0, 0xe, 0x71, 0x10, 0x2d, 0xc1,
    0x9e, 0x10, 0x0, 0x9f, 0xfa, 0x0, 0x17, 0x7,
    0x20, 0x0, 0x0, 0x0, 0x0, 0x0, 0x0, 0x2f,
    0xff, 0xff, 0xff, 0x30, 0x0, 0x7, 0x80, 0x2f,
    0x20, 0x8, 0xc0, 0x0, 0x0, 0xd7, 0x0, 0xaa,
    0x1, 0xf3, 0x0, 0x0, 0x5e, 0x0, 0x1, 0xe8,
    0xc9, 0x0, 0x0, 0xe, 0x70, 0x0, 0x5, 0xfe,
    0x10, 0x0, 0x8, 0xe0, 0x0, 0x4a, 0xf8, 0xbe,
    0x82, 0x0, 0xb8, 0x2, 0xff, 0xa2, 0x0, 0x5d,
    0xf8, 0x0, 0x0, 0x5, 0x10, 0x0, 0x0, 0x4,
    0x10,

    /* U+6CE8 "注" */
    0x0, 0x0, 0x0, 0x0, 0x0, 0x0, 0x0, 0x0,
    0x0, 0x50, 0x0, 0x0, 0xc6, 0x0, 0x0, 0x0,
    0x3, 0xfa, 0x0, 0x0, 0x4f, 0x60, 0x0, 0x0,
    0x0, 0x2e, 0x71, 0x22, 0x27, 0x42, 0x22, 0x0,
    0x0, 0x1, 0x9, 0xff, 0xff, 0xff, 0xff, 0x40,
    0x2, 0x0, 0x0, 0x0, 0xe, 0x50, 0x0, 0x0,
    0xc, 0xd4, 0x0, 0x0, 0xe, 0x50, 0x0, 0x0,
    0x0, 0x8d, 0x0, 0x0, 0xe, 0x50, 0x0, 0x0,
    0x0, 0x0, 0x2, 0xed, 0xdf, 0xed, 0xde, 0x0,
    0x0, 0x4, 0x10, 0x43, 0x3f, 0x73, 0x34, 0x0,
    0x0, 0xd, 0x80, 0x0, 0xe, 0x50, 0x0, 0x0,
    0x0, 0x6e, 0x10, 0x0, 0xe, 0x50, 0x0, 0x0,
    0x0, 0xe7, 0x0, 0x0, 0xe, 0x50, 0x0, 0x0,
    0x8, 0xe0, 0x2, 0x22, 0x2e, 0x62, 0x22, 0x20,
    0x2f, 0x80, 0x4f, 0xff, 0xff, 0xff, 0xff, 0xf0,
    0x3, 0x10, 0x0, 0x0, 0x0, 0x0, 0x0, 0x0,

    /* U+6D3B "活" */
    0x0, 0x30, 0x0, 0x0, 0x0, 0x0, 0x12, 0x0,
    0x3f, 0x90, 0x13, 0x46, 0x8a, 0xdf, 0xc0, 0x0,
    0x3e, 0xb3, 0xfc, 0xaf, 0x72, 0x0, 0x0, 0x0,
    0x22, 0x0, 0x0, 0xe4, 0x0, 0x0, 0x5, 0x0,
    0x1, 0x0, 0xe, 0x40, 0x1, 0x11, 0xed, 0x34,
    0xff, 0xff, 0xff, 0xff, 0xfd, 0x1, 0x9f, 0x20,
    0x0, 0xe, 0x40, 0x0, 0x0, 0x0, 0x20, 0x0,
    0x0, 0xe4, 0x0, 0x0, 0x0, 0x9, 0x90, 0xbc,
    0xcf, 0xdc, 0xcc, 0x0, 0x1, 0xf4, 0xe, 0x63,
    0x33, 0x36, 0xf0, 0x0, 0x8c, 0x0, 0xe3, 0x0,
    0x0, 0x4e, 0x0, 0x1f, 0x40, 0xe, 0x30, 0x0,
    0x4, 0xe0, 0xb, 0xc0, 0x0, 0xef, 0xff, 0xff,
    0xfe, 0x1, 0xb4, 0x0, 0xf, 0x40, 0x0, 0x4,
    0xf0, 0x0, 0x0, 0x0, 0x0, 0x0, 0x0, 0x0,
    0x0,

    /* U+6D88 "消" */
    0x0, 0x40, 0x0, 0x20, 0x6, 0xf0, 0x1, 0x10,
    0x4, 0xf8, 0x5, 0xf3, 0x6, 0xf0, 0xb, 0xd0,
    0x0, 0x6f, 0x70, 0xcc, 0x6, 0xf0, 0x4f, 0x30,
    0x0, 0x5, 0x0, 0x3b, 0x16, 0xf0, 0x88, 0x0,
    0x1, 0x0, 0x0, 0x22, 0x27, 0xf2, 0x22, 0x10,
    0x2f, 0xa2, 0x0, 0xef, 0xee, 0xee, 0xef, 0x70,
    0x2, 0xab, 0x0, 0xe6, 0x0, 0x0, 0xe, 0x60,
    0x0, 0x0, 0x0, 0xee, 0xdd, 0xdd, 0xdf, 0x60,
    0x0, 0x9, 0x0, 0xe8, 0x44, 0x44, 0x4e, 0x60,
    0x0, 0x3f, 0x20, 0xe6, 0x0, 0x0, 0xe, 0x60,
    0x0, 0x8c, 0x0, 0xef, 0xff, 0xff, 0xff, 0x60,
    0x0, 0xe7, 0x0, 0xe7, 0x11, 0x11, 0x1e, 0x60,
    0x5, 0xf2, 0x0, 0xe6, 0x0, 0x0, 0xe, 0x60,
    0xe, 0xe0, 0x0, 0xe6, 0x0, 0x2, 0x9f, 0x60,
    0x4, 0x80, 0x0, 0xe6, 0x0, 0x0, 0xdc, 0x10,
    0x0, 0x0, 0x0, 0x0, 0x0, 0x0, 0x0, 0x0,

    /* U+73B0 "现" */
    0x5, 0x55, 0x55, 0x1e, 0xff, 0xff, 0xff, 0x30,
    0xb, 0xbf, 0xcc, 0x3e, 0x40, 0x0, 0xe, 0x30,
    0x0, 0xf, 0x30, 0xd, 0x40, 0x84, 0xe, 0x30,
    0x0, 0xf, 0x30, 0xd, 0x40, 0xe6, 0xe, 0x30,
    0x1, 0x1f, 0x31, 0xd, 0x40, 0xe4, 0xe, 0x30,
    0xe, 0xff, 0xff, 0x1d, 0x40, 0xe2, 0xe, 0x30,
    0x0, 0xf, 0x30, 0xe, 0x40, 0xf0, 0xe, 0x30,
    0x0, 0xf, 0x30, 0xe, 0x44, 0xfb, 0xe, 0x30,
    0x0, 0xf, 0x30, 0x4, 0x19, 0xaf, 0x3, 0x10,
    0x0, 0xf, 0x68, 0x30, 0x2f, 0x4f, 0x0, 0x0,
    0x2a, 0xdf, 0xb7, 0x10, 0xc7, 0x2f, 0x0, 0x50,
    0x9, 0x40, 0x0, 0x3d, 0xa0, 0x1f, 0x3, 0xf2,
    0x0, 0x0, 0x8, 0xe6, 0x0, 0xd, 0xbc, 0x80,
    0x0, 0x0, 0x0, 0x10, 0x0, 0x0, 0x0, 0x0,

    /* U+73ED "班" */
    0x0, 0x0, 0x0, 0x0, 0x10, 0x0, 0x0, 0x0,
    0x1, 0x11, 0x11, 0x0, 0xe7, 0x22, 0x22, 0x20,
    0xe, 0xff, 0xfa, 0x0, 0xe6, 0xcc, 0xfc, 0xc1,
    0x0, 0x2f, 0x0, 0x0, 0xe3, 0x2, 0xf0, 0x0,
    0x0, 0x2f, 0x0, 0xc4, 0xe3, 0x2, 0xf0, 0x0,
    0x0, 0x2f, 0x0, 0xd4, 0xe2, 0x2, 0xf0, 0x0,
    0x5, 0x7f, 0x63, 0xd3, 0xe2, 0x67, 0xf6, 0x50,
    0x7, 0xaf, 0xa5, 0xf2, 0xf1, 0x99, 0xf8, 0x70,
    0x0, 0x2f, 0x0, 0x51, 0xf0, 0x2, 0xf0, 0x0,
    0x0, 0x2f, 0x0, 0x4, 0xd0, 0x2, 0xf0, 0x0,
    0x0, 0x2f, 0x0, 0x8, 0x90, 0x2, 0xf0, 0x0,
    0x0, 0x2f, 0x8d, 0xe, 0x40, 0x2, 0xf0, 0x0,
    0x6, 0xcf, 0x93, 0x7d, 0x1, 0x13, 0xf1, 0x10,
    0x1e, 0x81, 0x5, 0xf4, 0xa, 0xdd, 0xdd, 0xe5,
    0x0, 0x0, 0x2, 0x70, 0x0, 0x0, 0x0, 0x0,

    /* U+751F "生" */
    0x0, 0x0, 0x0, 0xf, 0x70, 0x0, 0x0, 0x0,
    0x5, 0xf3, 0x0, 0xe6, 0x0, 0x0, 0x0, 0x0,
    0x9d, 0x0, 0xe, 0x60, 0x0, 0x0, 0x0, 0xe,
    0x93, 0x33, 0xe8, 0x33, 0x34, 0x10, 0x5, 0xfe,
    0xee, 0xef, 0xee, 0xee, 0xe6, 0x0, 0xda, 0x0,
    0x0, 0xe6, 0x0, 0x0, 0x0, 0x6f, 0x20, 0x0,
    0xe, 0x60, 0x0, 0x0, 0x0, 0x10, 0x43, 0x33,
    0xe8, 0x33, 0x42, 0x0, 0x0, 0xe, 0xee, 0xef,
    0xee, 0xee, 0x70, 0x0, 0x0, 0x0, 0x0, 0xe6,
    0x0, 0x0, 0x0, 0x0, 0x0, 0x0, 0xe, 0x60,
    0x0, 0x0, 0x0, 0x0, 0x0, 0x0, 0xe6, 0x0,
    0x0, 0x0, 0x4, 0x33, 0x33, 0x3e, 0x83, 0x33,
    0x33, 0x20, 0xed, 0xdd, 0xdd, 0xdd, 0xdd, 0xdd,
    0xe6,

    /* U+7528 "用" */
    0x0, 0x5f, 0xff, 0xff, 0xff, 0xff, 0xff, 0x0,
    0x4e, 0x0, 0x5, 0xe0, 0x0, 0x5f, 0x0, 0x4e,
    0x0, 0x5, 0xe0, 0x0, 0x5e, 0x0, 0x4f, 0xee,
    0xee, 0xfe, 0xee, 0xee, 0x0, 0x4e, 0x0, 0x5,
    0xe0, 0x0, 0x5e, 0x0, 0x4e, 0x0, 0x5, 0xe0,
    0x0, 0x5e, 0x0, 0x4e, 0x0, 0x5, 0xe0, 0x0,
    0x5e, 0x0, 0x5f, 0xff, 0xff, 0xff, 0xff, 0xfe,
    0x0, 0x6d, 0x0, 0x5, 0xe0, 0x0, 0x5e, 0x0,
    0x8a, 0x0, 0x5, 0xe0, 0x0, 0x5e, 0x0, 0xd6,
    0x0, 0x5, 0xe0, 0x0, 0x5e, 0x3, 0xf1, 0x0,
    0x5, 0xf0, 0x3, 0x8d, 0xc, 0xa0, 0x0, 0x5,
    0xd0, 0xb, 0xf6, 0x1, 0x10, 0x0, 0x0, 0x0,
    0x1, 0x0,

    /* U+7684 "的" */
    0x0, 0x0, 0x0, 0x0, 0x0, 0x0, 0x0, 0x0,
    0x1c, 0x20, 0x0, 0x2c, 0x30, 0x0, 0x0, 0x4f,
    0x0, 0x0, 0x6f, 0x0, 0x0, 0x0, 0x6a, 0x0,
    0x0, 0xca, 0x33, 0x33, 0x4f, 0xff, 0xff, 0x42,
    0xfe, 0xee, 0xff, 0x4e, 0x11, 0x1e, 0x4a, 0xc0,
    0x0, 0x3f, 0x4e, 0x0, 0xe, 0x8f, 0x30, 0x0,
    0x3e, 0x4e, 0x0, 0xe, 0x55, 0x46, 0x0, 0x4e,
    0x4f, 0xee, 0xef, 0x40, 0x6f, 0x10, 0x4d, 0x4e,
    0x22, 0x2e, 0x40, 0xe, 0x70, 0x4d, 0x4e, 0x0,
    0xe, 0x40, 0x8, 0xd0, 0x5c, 0x4e, 0x0, 0xe,
    0x40, 0x1, 0x10, 0x6b, 0x4e, 0x11, 0x1e, 0x40,
    0x0, 0x0, 0x7a, 0x4f, 0xff, 0xff, 0x40, 0x0,
    0x0, 0xa8, 0x5e, 0x0, 0xd, 0x40, 0x4, 0xce,
    0xd2, 0x0, 0x0, 0x0, 0x0, 0x0, 0x63, 0x0,

    /* U+76EE "目" */
    0x5f, 0xff, 0xff, 0xff, 0xff, 0xf6, 0x5f, 0x0,
    0x0, 0x0, 0x0, 0xf6, 0x5f, 0x0, 0x0, 0x0,
    0x0, 0xf6, 0x5f, 0x44, 0x44, 0x44, 0x44, 0xf6,
    0x5f, 0xbb, 0xbb, 0xbb, 0xbb, 0xf6, 0x5f, 0x0,
    0x0, 0x0, 0x0, 0xf6, 0x5f, 0x0, 0x0, 0x0,
    0x0, 0xf6, 0x5f, 0xee, 0xee, 0xee, 0xee, 0xf6,
    0x5f, 0x11, 0x11, 0x11, 0x11, 0xf6, 0x5f, 0x0,
    0x0, 0x0, 0x0, 0xf6, 0x5f, 0x0, 0x0, 0x0,
    0x0, 0xf6, 0x5f, 0xff, 0xff, 0xff, 0xff, 0xf6,
    0x5e, 0x0, 0x0, 0x0, 0x0, 0xf6,

    /* U+770B "看" */
    0x0, 0x0, 0x0, 0x0, 0x12, 0x46, 0x88, 0x0,
    0x1, 0xdd, 0xee, 0xff, 0xed, 0xcb, 0xa9, 0x10,
    0x0, 0x34, 0x32, 0x6e, 0x0, 0x0, 0x10, 0x0,
    0x0, 0x4e, 0xee, 0xff, 0xee, 0xee, 0xe9, 0x0,
    0x0, 0x0, 0x0, 0xe4, 0x0, 0x0, 0x0, 0x10,
    0x2f, 0xff, 0xff, 0xff, 0xff, 0xff, 0xff, 0xf4,
    0x0, 0x0, 0x1e, 0x60, 0x0, 0x0, 0x0, 0x0,
    0x0, 0x1, 0xdf, 0xff, 0xff, 0xff, 0xf7, 0x0,
    0x0, 0x2d, 0xfa, 0x0, 0x0, 0x0, 0xc7, 0x0,
    0x7, 0xfa, 0x9f, 0xff, 0xff, 0xff, 0xf7, 0x0,
    0x1d, 0x70, 0x9a, 0x0, 0x0, 0x0, 0xc7, 0x0,
    0x0, 0x0, 0x9f, 0xee, 0xee, 0xee, 0xf7, 0x0,
    0x0, 0x0, 0x9a, 0x0, 0x0, 0x0, 0xc7, 0x0,
    0x0, 0x0, 0x9f, 0xff, 0xff, 0xff, 0xf7, 0x0,
    0x0, 0x0, 0x9a, 0x0, 0x0, 0x0, 0xc7, 0x0,

    /* U+771F "真" */
    0x0, 0x0, 0x0, 0x0, 0x0, 0x0, 0x0, 0x0,
    0x0, 0x0, 0x0, 0xa, 0xb0, 0x0, 0x0, 0x0,
    0x5, 0xdc, 0xcc, 0xce, 0xec, 0xcc, 0xcd, 0x40,
    0x0, 0x11, 0x11, 0x1e, 0x61, 0x11, 0x11, 0x0,
    0x0, 0x5, 0xdd, 0xdf, 0xed, 0xdd, 0x80, 0x0,
    0x0, 0x5, 0xe1, 0x11, 0x11, 0x1b, 0x90, 0x0,
    0x0, 0x5, 0xff, 0xff, 0xff, 0xff, 0x90, 0x0,
    0x0, 0x5, 0xe2, 0x22, 0x22, 0x2b, 0x90, 0x0,
    0x0, 0x5, 0xff, 0xff, 0xff, 0xff, 0x90, 0x0,
    0x0, 0x5, 0xf6, 0x66, 0x66, 0x6c, 0x90, 0x0,
    0x0, 0x5, 0xf6, 0x66, 0x66, 0x6c, 0x90, 0x0,
    0xf, 0xee, 0xfe, 0xee, 0xee, 0xef, 0xfe, 0xe2,
    0x3, 0x22, 0x27, 0x42, 0x22, 0x84, 0x22, 0x30,
    0x0, 0x4, 0xcf, 0x70, 0x2, 0xaf, 0xc5, 0x0,
    0x2, 0xec, 0x60, 0x0, 0x0, 0x1, 0x9f, 0x30,
    0x0, 0x10, 0x0, 0x0, 0x0, 0x0, 0x1, 0x0,

    /* U+7801 "码" */
    0x0, 0x0, 0x0, 0x0, 0x10, 0x0, 0x0, 0x0,
    0x1f, 0xff, 0xff, 0xd9, 0xff, 0xff, 0xfb, 0x0,
    0x0, 0xe, 0x40, 0x0, 0x33, 0x0, 0x89, 0x0,
    0x0, 0x1f, 0x0, 0x0, 0xa9, 0x0, 0xa7, 0x0,
    0x0, 0x6c, 0x0, 0x0, 0xb6, 0x0, 0xd5, 0x0,
    0x0, 0xbd, 0xaa, 0x50, 0xd4, 0x0, 0xf3, 0x0,
    0x2, 0xfb, 0x6b, 0x80, 0xf3, 0x1, 0xf1, 0x0,
    0x9, 0xf8, 0x9, 0x71, 0xff, 0xff, 0xff, 0xf0,
    0x3f, 0xb8, 0x9, 0x70, 0x0, 0x0, 0x5, 0xd0,
    0x17, 0x98, 0x9, 0x72, 0x22, 0x22, 0x37, 0xc0,
    0x0, 0x9a, 0x4b, 0x7d, 0xee, 0xee, 0xfc, 0xa0,
    0x0, 0x9d, 0xbe, 0x80, 0x0, 0x0, 0x9, 0x80,
    0x0, 0x98, 0x5, 0x50, 0x0, 0x0, 0xd, 0x50,
    0x0, 0x22, 0x0, 0x0, 0x0, 0xd, 0xfe, 0x0,
    0x0, 0x0, 0x0, 0x0, 0x0, 0x5, 0x51, 0x0,

    /* U+79D1 "科" */
    0x0, 0x0, 0x27, 0x90, 0x0, 0x2, 0xf2, 0x0,
    0x7, 0xbf, 0xfb, 0x80, 0x24, 0x2, 0xf2, 0x0,
    0x4, 0x66, 0xf0, 0x0, 0x6f, 0x32, 0xf2, 0x0,
    0x0, 0x4, 0xf0, 0x0, 0x9, 0xe3, 0xf2, 0x0,
    0x4, 0x36, 0xf3, 0x31, 0x0, 0xa3, 0xf2, 0x0,
    0xe, 0xee, 0xfd, 0xe4, 0x80, 0x2, 0xf2, 0x0,
    0x0, 0x9, 0xf1, 0x10, 0xcc, 0x12, 0xf2, 0x0,
    0x0, 0xe, 0xf8, 0xc0, 0xd, 0xc2, 0xf2, 0x0,
    0x0, 0x6f, 0xf0, 0xd9, 0x2, 0x52, 0xf5, 0x72,
    0x0, 0xe8, 0xf0, 0x22, 0x47, 0xad, 0xfe, 0xb3,
    0x9, 0xc4, 0xf0, 0x3f, 0xfb, 0x86, 0xf2, 0x0,
    0x1f, 0x34, 0xf0, 0x4, 0x0, 0x2, 0xf2, 0x0,
    0x2, 0x4, 0xf0, 0x0, 0x0, 0x2, 0xf2, 0x0,
    0x0, 0x4, 0xf0, 0x0, 0x0, 0x2, 0xf2, 0x0,
    0x0, 0x4, 0xf0, 0x0, 0x0, 0x2, 0xf2, 0x0,

    /* U+7A0B "程" */
    0x0, 0x0, 0x39, 0x20, 0x0, 0x0, 0x0, 0x0,
    0x7, 0xdf, 0xfb, 0x73, 0xff, 0xff, 0xff, 0xf0,
    0x2, 0x46, 0xd0, 0x2, 0xf1, 0x11, 0x16, 0xf0,
    0x0, 0x4, 0xd0, 0x2, 0xf0, 0x0, 0x6, 0xe0,
    0x4, 0x58, 0xe5, 0x53, 0xfb, 0xbb, 0xbc, 0xf0,
    0x8, 0xbd, 0xfb, 0xa1, 0x66, 0x66, 0x66, 0x60,
    0x0, 0xb, 0xd0, 0x1, 0x21, 0x11, 0x11, 0x20,
    0x0, 0x2f, 0xd7, 0x45, 0xee, 0xef, 0xee, 0xe3,
    0x0, 0xbd, 0xd7, 0xe0, 0x0, 0x4e, 0x0, 0x0,
    0x8, 0xe5, 0xd0, 0xa3, 0x44, 0x7f, 0x44, 0x40,
    0xe, 0x54, 0xd0, 0x2, 0xed, 0xdf, 0xdd, 0xb0,
    0x2, 0x4, 0xd0, 0x0, 0x0, 0x4e, 0x0, 0x0,
    0x0, 0x4, 0xd0, 0x2, 0x22, 0x5e, 0x22, 0x22,
    0x0, 0x4, 0xd0, 0x2f, 0xff, 0xff, 0xff, 0xfc,
    0x0, 0x5, 0xe0, 0x0, 0x0, 0x0, 0x0, 0x0,

    /* U+7A0D "稍" */
    0x0, 0x0, 0x45, 0x1, 0x0, 0xe5, 0x2, 0x10,
    0x7, 0xbe, 0xf9, 0x2f, 0x10, 0xe5, 0xc, 0xb0,
    0x9, 0x7e, 0x50, 0xc, 0x90, 0xd5, 0x6e, 0x10,
    0x0, 0xd, 0x50, 0x4, 0x80, 0xd5, 0x74, 0x0,
    0x14, 0x3e, 0x73, 0x1, 0x11, 0xd6, 0x11, 0x0,
    0x4e, 0xdf, 0xee, 0x2d, 0xff, 0xff, 0xff, 0x50,
    0x0, 0x4f, 0x50, 0xd, 0x60, 0x0, 0xe, 0x50,
    0x0, 0xaf, 0xb7, 0xd, 0xfe, 0xee, 0xef, 0x50,
    0x3, 0xee, 0x9f, 0x2d, 0x73, 0x33, 0x3f, 0x50,
    0xc, 0x7d, 0x5a, 0x3d, 0x61, 0x11, 0x1e, 0x50,
    0x6e, 0xd, 0x50, 0xd, 0xff, 0xff, 0xff, 0x50,
    0x3, 0xd, 0x50, 0xd, 0x61, 0x11, 0x1e, 0x50,
    0x0, 0xe, 0x50, 0xd, 0x50, 0x0, 0xe, 0x50,
    0x0, 0xe, 0x50, 0xd, 0x50, 0x3, 0x9f, 0x50,
    0x0, 0xc, 0x50, 0xe, 0x50, 0x1, 0xfb, 0x10,
    0x0, 0x0, 0x0, 0x0, 0x0, 0x0, 0x0, 0x0,

    /* U+7AD6 "竖" */
    0x0, 0x0, 0x8b, 0x0, 0x0, 0x0, 0x0, 0x0,
    0x9, 0xa0, 0x8b, 0x5f, 0xff, 0xff, 0xfa, 0x0,
    0x8, 0xa0, 0x7b, 0x4, 0xe0, 0x2, 0xf3, 0x0,
    0x8, 0xa0, 0x7b, 0x0, 0xd7, 0xa, 0xb0, 0x0,
    0x8, 0xa0, 0x7b, 0x0, 0x3f, 0x9f, 0x20, 0x0,
    0x8, 0xa0, 0x7b, 0x0, 0x1d, 0xf9, 0x0, 0x0,
    0x9, 0xa0, 0x8b, 0x3a, 0xd8, 0x6d, 0xc6, 0x30,
    0x1, 0x10, 0x0, 0x4b, 0x0, 0x0, 0x38, 0x50,
    0x1, 0x21, 0x11, 0x4f, 0x61, 0x11, 0x22, 0x0,
    0xa, 0xee, 0xee, 0xee, 0xee, 0xee, 0xec, 0x0,
    0x0, 0x1, 0xa1, 0x0, 0x0, 0x75, 0x0, 0x0,
    0x0, 0x0, 0xcb, 0x0, 0x2, 0xf5, 0x0, 0x0,
    0x12, 0x22, 0x4a, 0x22, 0x2a, 0xc2, 0x22, 0x20,
    0x9f, 0xff, 0xff, 0xff, 0xff, 0xff, 0xff, 0xf1,

    /* U+7B1B "笛" */
    0x0, 0x0, 0x0, 0x0, 0x0, 0x0, 0x0, 0x0,
    0x0, 0xc, 0xb0, 0x0, 0x5, 0xe0, 0x0, 0x0,
    0x0, 0x3f, 0x41, 0x11, 0xb, 0x91, 0x11, 0x10,
    0x0, 0xcf, 0xff, 0xff, 0x3f, 0xff, 0xff, 0xf3,
    0x8, 0xe0, 0x6d, 0x0, 0xd9, 0xb, 0x90, 0x0,
    0x4f, 0x40, 0x3f, 0x11, 0xa1, 0x7, 0xe0, 0x0,
    0x6, 0x0, 0x7, 0x15, 0xf0, 0x2, 0x60, 0x0,
    0x0, 0x2, 0x22, 0x27, 0xf2, 0x22, 0x20, 0x0,
    0x0, 0x4f, 0xee, 0xee, 0xfe, 0xee, 0xf5, 0x0,
    0x0, 0x4f, 0x0, 0x5, 0xe0, 0x0, 0xe5, 0x0,
    0x0, 0x4f, 0xdd, 0xde, 0xfd, 0xdd, 0xf5, 0x0,
    0x0, 0x4f, 0x33, 0x37, 0xf3, 0x33, 0xf5, 0x0,
    0x0, 0x4f, 0x0, 0x5, 0xe0, 0x0, 0xe5, 0x0,
    0x0, 0x4f, 0xff, 0xff, 0xff, 0xff, 0xf5, 0x0,
    0x0, 0x4f, 0x0, 0x0, 0x0, 0x0, 0xe5, 0x0,
    0x0, 0x1, 0x0, 0x0, 0x0, 0x0, 0x0, 0x0,

    /* U+7B2C "第" */
    0x0, 0x1, 0x10, 0x0, 0x0, 0x10, 0x0, 0x0,
    0x0, 0xa, 0xd1, 0x0, 0x2, 0xf5, 0x0, 0x0,
    0x0, 0x2f, 0xec, 0xcc, 0x79, 0xfd, 0xdd, 0xd6,
    0x0, 0xd9, 0x4f, 0x63, 0x5f, 0x54, 0xf5, 0x21,
    0xc, 0xc0, 0x7, 0x60, 0x88, 0x0, 0x87, 0x0,
    0x2, 0x6f, 0xff, 0xff, 0xff, 0xff, 0xfd, 0x0,
    0x0, 0x1, 0x10, 0x5, 0xe0, 0x0, 0x5e, 0x0,
    0x0, 0x0, 0x0, 0x5, 0xe0, 0x0, 0x5e, 0x0,
    0x0, 0x5f, 0xff, 0xff, 0xff, 0xff, 0xfe, 0x0,
    0x0, 0x6d, 0x0, 0x4, 0xe0, 0x0, 0x0, 0x0,
    0x0, 0x7d, 0x44, 0x47, 0xe4, 0x44, 0x44, 0x40,
    0x0, 0x6b, 0xbb, 0xdf, 0xfb, 0xbb, 0xbd, 0xd0,
    0x0, 0x0, 0x4, 0xeb, 0xe0, 0x0, 0x6, 0xc0,
    0x0, 0x3, 0xae, 0x54, 0xe0, 0x3, 0x4c, 0x90,
    0x6, 0xcf, 0x91, 0x4, 0xe0, 0xa, 0xfc, 0x20,
    0x3, 0x92, 0x0, 0x5, 0xf0, 0x1, 0x0, 0x0,

    /* U+7ED3 "结" */
    0x0, 0xa, 0x30, 0x0, 0x0, 0xe5, 0x0, 0x0,
    0x0, 0x3f, 0x40, 0x0, 0x0, 0xe5, 0x0, 0x0,
    0x0, 0xab, 0x0, 0x13, 0x33, 0xe7, 0x33, 0x41,
    0x2, 0xf2, 0x8, 0x6d, 0xcc, 0xfd, 0xcc, 0xd4,
    0xc, 0xa0, 0x6f, 0x30, 0x0, 0xd5, 0x0, 0x0,
    0x5f, 0xdd, 0xf5, 0x2, 0x22, 0xe6, 0x22, 0x10,
    0x16, 0x3b, 0x90, 0x9, 0xdd, 0xdd, 0xdd, 0x70,
    0x0, 0x4d, 0x0, 0x0, 0x0, 0x0, 0x0, 0x0,
    0x3, 0xe8, 0x7a, 0x24, 0xff, 0xff, 0xff, 0x40,
    0xf, 0xfd, 0xa8, 0x4, 0xe0, 0x0, 0xe, 0x40,
    0x2, 0x0, 0x0, 0x4, 0xe0, 0x0, 0xe, 0x40,
    0x0, 0x3, 0x58, 0x34, 0xe0, 0x0, 0xe, 0x40,
    0x4f, 0xff, 0xda, 0x24, 0xff, 0xff, 0xff, 0x40,
    0x5, 0x20, 0x0, 0x4, 0xe0, 0x0, 0xe, 0x40,
    0x0, 0x0, 0x0, 0x0, 0x10, 0x0, 0x0, 0x0,

    /* U+7EDC "络" */
    0x0, 0x3, 0x0, 0x0, 0x4b, 0x10, 0x0, 0x0,
    0x0, 0xe, 0x70, 0x0, 0xac, 0x0, 0x0, 0x0,
    0x0, 0x5e, 0x0, 0x1, 0xff, 0xff, 0xff, 0x50,
    0x0, 0xc5, 0xa, 0x1a, 0xf9, 0x0, 0x9c, 0x0,
    0x6, 0xc0, 0x7e, 0x7f, 0x4f, 0x44, 0xf2, 0x0,
    0x1f, 0xed, 0xf6, 0x44, 0x6, 0xef, 0x50, 0x0,
    0x6, 0x28, 0xd0, 0x0, 0x8, 0xff, 0x50, 0x0,
    0x0, 0x1f, 0x40, 0x17, 0xee, 0x48, 0xfd, 0x72,
    0x0, 0xab, 0x0, 0xcf, 0xa1, 0x0, 0x3c, 0xf8,
    0x7, 0xfc, 0xdd, 0x25, 0xff, 0xff, 0xff, 0x21,
    0x4, 0x96, 0x42, 0x3, 0xe0, 0x0, 0x3f, 0x0,
    0x0, 0x2, 0x59, 0x13, 0xe0, 0x0, 0x3e, 0x0,
    0x8, 0xff, 0xb6, 0x3, 0xfc, 0xcc, 0xde, 0x0,
    0x4, 0x92, 0x0, 0x3, 0xf3, 0x33, 0x6e, 0x0,
    0x0, 0x0, 0x0, 0x3, 0xe0, 0x0, 0x3f, 0x0,
    0x0, 0x0, 0x0, 0x0, 0x10, 0x0, 0x0, 0x0,

    /* U+7EE7 "继" */
    0x0, 0x67, 0x0, 0x0, 0x0, 0x4e, 0x0, 0x0,
    0x0, 0xca, 0x0, 0x73, 0xa2, 0x4e, 0x9, 0x60,
    0x1, 0xf2, 0x0, 0xd6, 0xa8, 0x4e, 0xf, 0x50,
    0x8, 0x90, 0x51, 0xd5, 0x5d, 0x4e, 0x5f, 0x0,
    0x2e, 0x10, 0xf7, 0xd5, 0x15, 0x4e, 0x15, 0x0,
    0x8f, 0xef, 0xc0, 0xd5, 0x43, 0x6f, 0x33, 0x30,
    0x24, 0x4f, 0x20, 0xd5, 0xdd, 0xff, 0xdd, 0xb0,
    0x0, 0xc7, 0x0, 0xd5, 0x0, 0xee, 0x10, 0x0,
    0xa, 0xb1, 0x20, 0xd5, 0x8, 0xee, 0xc7, 0x0,
    0x2f, 0xff, 0xc0, 0xd5, 0x4e, 0x6e, 0x2f, 0x40,
    0x2, 0x0, 0x0, 0xd7, 0xf6, 0x4e, 0x6, 0x40,
    0x0, 0x13, 0x61, 0xd5, 0x40, 0x4f, 0x0, 0x0,
    0x6f, 0xfd, 0x90, 0xd6, 0x11, 0x13, 0x11, 0x10,
    0x13, 0x0, 0x0, 0xdf, 0xff, 0xff, 0xff, 0xf2,

    /* U+7EED "续" */
    0x0, 0x19, 0x20, 0x0, 0x0, 0xf3, 0x0, 0x0,
    0x0, 0x8e, 0x10, 0x13, 0x22, 0xf5, 0x22, 0x30,
    0x0, 0xe7, 0x0, 0x4d, 0xcc, 0xfd, 0xcc, 0xc0,
    0x5, 0xe0, 0x68, 0x1, 0x0, 0xf3, 0x0, 0x0,
    0x1e, 0x70, 0xd6, 0x5d, 0xcc, 0xcc, 0xce, 0xa0,
    0x5f, 0xfe, 0xd0, 0x3, 0x70, 0x33, 0xe, 0x40,
    0x3, 0x1e, 0x40, 0x3, 0xeb, 0x9b, 0x7, 0x0,
    0x0, 0x8b, 0x0, 0x4a, 0x23, 0x99, 0x0, 0x0,
    0x5, 0xf5, 0x42, 0x1d, 0xb0, 0x98, 0x0, 0x0,
    0xc, 0xfe, 0xc4, 0x2, 0x50, 0xa7, 0x1, 0x10,
    0x2, 0x10, 0x0, 0x8e, 0xee, 0xfe, 0xee, 0xe0,
    0x0, 0x13, 0x64, 0x0, 0x6, 0xe2, 0x10, 0x0,
    0x1f, 0xfe, 0xb5, 0x1, 0x8f, 0x56, 0xf8, 0x10,
    0x4, 0x20, 0x3, 0xdf, 0xc3, 0x0, 0x4d, 0xe1,
    0x0, 0x0, 0x0, 0x63, 0x0, 0x0, 0x0, 0x40,

    /* U+7F51 "网" */
    0x6f, 0xff, 0xff, 0xff, 0xff, 0xff, 0xff, 0x5,
    0xe1, 0x11, 0x11, 0x11, 0x11, 0x15, 0xf0, 0x5e,
    0x1, 0x0, 0xb3, 0x0, 0x47, 0x5e, 0x5, 0xe6,
    0xe0, 0x3f, 0x34, 0x9, 0xc5, 0xe0, 0x5e, 0xd,
    0x77, 0xb7, 0xe1, 0xd5, 0x5e, 0x5, 0xe0, 0x3f,
    0xd5, 0xc, 0xbf, 0x5, 0xe0, 0x5e, 0x0, 0xaf,
    0x0, 0x4f, 0xa0, 0x5e, 0x5, 0xe0, 0xb, 0xf4,
    0x1, 0xfa, 0x5, 0xe0, 0x5e, 0x3, 0xfa, 0xd0,
    0xad, 0xf3, 0x5e, 0x5, 0xe0, 0xc8, 0x1b, 0x6f,
    0x2b, 0xb5, 0xe0, 0x5e, 0x7e, 0x0, 0x3f, 0x80,
    0x38, 0x5e, 0x5, 0xe3, 0x40, 0x1, 0x70, 0x0,
    0x5, 0xe0, 0x5e, 0x0, 0x0, 0x0, 0x0, 0x16,
    0xbe, 0x6, 0xe0, 0x0, 0x0, 0x0, 0x0, 0xdc,
    0x60,

    /* U+7F6E "置" */
    0xd, 0xed, 0xde, 0xdd, 0xfd, 0xde, 0xc0, 0x0,
    0xc6, 0x4, 0xa0, 0xd, 0x20, 0x7c, 0x0, 0xa,
    0xcc, 0xcc, 0xde, 0xcc, 0xcc, 0xa0, 0x3, 0x66,
    0x66, 0x6c, 0xd6, 0x66, 0x66, 0x0, 0x48, 0x77,
    0x77, 0xea, 0x77, 0x77, 0x80, 0x0, 0x6, 0xbb,
    0xbf, 0xcb, 0xbb, 0x40, 0x0, 0x0, 0x89, 0x22,
    0x22, 0x22, 0xb5, 0x0, 0x0, 0x7, 0xed, 0xdd,
    0xdd, 0xdf, 0x50, 0x0, 0x0, 0x78, 0x11, 0x11,
    0x11, 0xb5, 0x0, 0x0, 0x7, 0xff, 0xff, 0xff,
    0xff, 0x50, 0x0, 0x0, 0x7b, 0x77, 0x77, 0x77,
    0xd5, 0x0, 0x0, 0x7, 0xb5, 0x55, 0x55, 0x5c,
    0x50, 0x0, 0xed, 0xee, 0xdd, 0xdd, 0xdd, 0xed,
    0xde, 0x0,

    /* U+7F8E "美" */
    0x0, 0x0, 0x0, 0x0, 0x1, 0x0, 0x0, 0x0,
    0x0, 0x3d, 0x0, 0x0, 0xe4, 0x0, 0x0, 0x0,
    0x0, 0xb7, 0x0, 0x7c, 0x0, 0x0, 0x0, 0xdf,
    0xff, 0xff, 0xff, 0xff, 0xfe, 0x0, 0x0, 0x0,
    0x0, 0x8a, 0x0, 0x0, 0x0, 0x0, 0x4, 0x33,
    0x39, 0xb3, 0x33, 0x40, 0x0, 0x0, 0xba, 0xaa,
    0xdd, 0xaa, 0xab, 0x10, 0x1, 0x0, 0x0, 0x8,
    0xa0, 0x0, 0x1, 0x10, 0xae, 0xee, 0xee, 0xee,
    0xee, 0xee, 0xeb, 0x0, 0x0, 0x0, 0x9, 0x70,
    0x0, 0x0, 0x0, 0x1d, 0xcc, 0xcc, 0xfe, 0xcc,
    0xcc, 0xc5, 0x0, 0x32, 0x22, 0x5f, 0xe7, 0x22,
    0x23, 0x10, 0x0, 0x0, 0x2e, 0x62, 0xe7, 0x0,
    0x0, 0x0, 0x2, 0x8f, 0x70, 0x2, 0xcd, 0x72,
    0x0, 0x5e, 0xfa, 0x20, 0x0, 0x0, 0x6d, 0xfd,
    0x0, 0x61, 0x0, 0x0, 0x0, 0x0, 0x3, 0x30,

    /* U+80B2 "育" */
    0x0, 0x0, 0x0, 0x86, 0x0, 0x0, 0x0, 0x1,
    0x0, 0x0, 0x8e, 0x0, 0x0, 0x11, 0x7e, 0xee,
    0xfe, 0xee, 0xee, 0xee, 0xed, 0x0, 0x1, 0xd9,
    0x0, 0x6, 0x40, 0x0, 0x0, 0x2c, 0xa0, 0x1,
    0x2a, 0xf8, 0x0, 0x0, 0x8f, 0xed, 0xcb, 0xa9,
    0x8d, 0x80, 0x0, 0x4, 0x33, 0x33, 0x33, 0x34,
    0x0, 0x0, 0x1f, 0xcc, 0xcc, 0xcc, 0xdf, 0x0,
    0x0, 0x1f, 0x0, 0x0, 0x0, 0x4e, 0x0, 0x0,
    0x1f, 0xff, 0xff, 0xff, 0xfe, 0x0, 0x0, 0x1f,
    0x10, 0x0, 0x0, 0x4e, 0x0, 0x0, 0x1f, 0xff,
    0xff, 0xff, 0xfe, 0x0, 0x0, 0x1f, 0x0, 0x0,
    0x0, 0x5e, 0x0, 0x0, 0x2f, 0x0, 0x0, 0x9,
    0xfa, 0x0, 0x0, 0x0, 0x0, 0x0, 0x1, 0x10,
    0x0,

    /* U+80FD "能" */
    0x0, 0x0, 0x0, 0x0, 0x0, 0x0, 0x0, 0x0,
    0x7, 0xc0, 0x0, 0xf, 0x30, 0x1, 0x0, 0x1,
    0xe7, 0x2, 0x0, 0xe3, 0x19, 0xf1, 0x0, 0xbb,
    0x6, 0xe1, 0xe, 0xbe, 0xa3, 0x0, 0x9f, 0x44,
    0x5e, 0xd0, 0xe8, 0x10, 0x11, 0x9, 0xca, 0x97,
    0x7d, 0x3e, 0x40, 0x7, 0xd0, 0x1, 0x11, 0x11,
    0x0, 0xbe, 0xcc, 0xf6, 0x1, 0xff, 0xff, 0xf6,
    0x0, 0x22, 0x21, 0x0, 0x1f, 0x11, 0x1c, 0x50,
    0xe3, 0x0, 0x20, 0x1, 0xfe, 0xee, 0xf5, 0xe,
    0x31, 0xaf, 0x20, 0x1f, 0x21, 0x1c, 0x50, 0xec,
    0xfc, 0x30, 0x1, 0xf3, 0x22, 0xd5, 0xe, 0xb4,
    0x0, 0x0, 0x1f, 0xdd, 0xdf, 0x50, 0xe3, 0x0,
    0x0, 0x1, 0xf1, 0x0, 0xc5, 0xe, 0x40, 0x6,
    0xe0, 0x1f, 0x10, 0xbf, 0x40, 0xaf, 0xff, 0xf7,
    0x1, 0xf1, 0xb, 0xb0, 0x0, 0x0, 0x0, 0x0,
    0x0, 0x0, 0x0, 0x0, 0x0, 0x0, 0x0, 0x0,

    /* U+8282 "节" */
    0x0, 0x0, 0x1f, 0x30, 0x8, 0xd0, 0x0, 0x0,
    0x0, 0x0, 0x1f, 0x30, 0x8, 0xd0, 0x0, 0x0,
    0x2f, 0xff, 0xff, 0xff, 0xff, 0xff, 0xff, 0xf1,
    0x3, 0x21, 0x2f, 0x41, 0x19, 0xd1, 0x12, 0x20,
    0x0, 0x0, 0x1f, 0x30, 0x8, 0xd0, 0x0, 0x0,
    0x1, 0x21, 0x25, 0x21, 0x13, 0x41, 0x11, 0x0,
    0x9, 0xff, 0xff, 0xff, 0xff, 0xff, 0xff, 0x20,
    0x0, 0x0, 0x0, 0xf5, 0x0, 0x0, 0x4f, 0x10,
    0x0, 0x0, 0x0, 0xf5, 0x0, 0x0, 0x5f, 0x0,
    0x0, 0x0, 0x0, 0xf5, 0x0, 0x0, 0x5f, 0x0,
    0x0, 0x0, 0x0, 0xf5, 0x0, 0x0, 0x7e, 0x0,
    0x0, 0x0, 0x0, 0xf5, 0x0, 0x9b, 0xfa, 0x0,
    0x0, 0x0, 0x0, 0xf5, 0x0, 0x9c, 0x81, 0x0,
    0x0, 0x0, 0x0, 0xf5, 0x0, 0x0, 0x0, 0x0,
    0x0, 0x0, 0x0, 0xf5, 0x0, 0x0, 0x0, 0x0,

    /* U+82F1 "英" */
    0x0, 0x0, 0x37, 0x0, 0x3, 0x70, 0x0, 0x0,
    0x12, 0x27, 0xd2, 0x22, 0x7e, 0x22, 0x33, 0x8,
    0xee, 0xef, 0xee, 0xee, 0xfe, 0xee, 0xd0, 0x0,
    0x6, 0xc0, 0x20, 0x5d, 0x0, 0x0, 0x0, 0x0,
    0x24, 0xe, 0x81, 0x40, 0x0, 0x0, 0x0, 0xcd,
    0xdd, 0xfe, 0xdd, 0xd7, 0x0, 0x0, 0xd, 0x73,
    0x3e, 0x73, 0x3c, 0x80, 0x0, 0x0, 0xd4, 0x0,
    0xe4, 0x0, 0xb8, 0x0, 0x1, 0x1d, 0x50, 0xe,
    0x40, 0xb, 0x80, 0x13, 0xff, 0xff, 0xff, 0xff,
    0xff, 0xff, 0xfc, 0x0, 0x0, 0x0, 0x9c, 0xda,
    0x0, 0x0, 0x0, 0x0, 0x0, 0x6f, 0x21, 0xea,
    0x10, 0x0, 0x0, 0x2, 0xbe, 0x30, 0x1, 0xce,
    0x60, 0x0, 0x5c, 0xfa, 0x10, 0x0, 0x0, 0x7e,
    0xf7, 0x0, 0x72, 0x0, 0x0, 0x0, 0x0, 0x5,
    0x0,

    /* U+83DC "菜" */
    0x0, 0x0, 0x0, 0x0, 0x0, 0x10, 0x0, 0x0,
    0x0, 0x0, 0xd, 0x70, 0x3, 0xf0, 0x0, 0x0,
    0x5, 0x44, 0x4d, 0x94, 0x46, 0xf4, 0x44, 0x41,
    0x1d, 0xcc, 0xcf, 0xdc, 0xcd, 0xfc, 0xcc, 0xc3,
    0x0, 0x0, 0xb, 0x50, 0x3, 0xe2, 0x31, 0x0,
    0x1, 0xcd, 0xdd, 0xef, 0xfe, 0xdc, 0xc9, 0x0,
    0x0, 0x38, 0x21, 0x1a, 0x60, 0x1, 0xc3, 0x0,
    0x0, 0x1e, 0x80, 0x8, 0xe0, 0x8, 0xd0, 0x0,
    0x0, 0x5, 0xf1, 0x4, 0xc0, 0x1e, 0x40, 0x0,
    0x2, 0x22, 0x32, 0x26, 0xe2, 0x22, 0x22, 0x20,
    0x2f, 0xff, 0xff, 0xff, 0xff, 0xff, 0xff, 0xf3,
    0x0, 0x0, 0xb, 0xd5, 0xd7, 0xd1, 0x0, 0x0,
    0x0, 0x0, 0xae, 0x24, 0xd0, 0xae, 0x40, 0x0,
    0x0, 0x3d, 0xd2, 0x4, 0xd0, 0x9, 0xfb, 0x40,
    0xa, 0xfa, 0x0, 0x4, 0xd0, 0x0, 0x5e, 0xc1,
    0x4, 0x50, 0x0, 0x5, 0xe0, 0x0, 0x0, 0x10,

    /* U+8868 "表" */
    0x0, 0x0, 0x0, 0xe, 0x70, 0x0, 0x0, 0x0,
    0x0, 0x11, 0x0, 0xe, 0x60, 0x0, 0x1, 0x0,
    0x2, 0xff, 0xff, 0xff, 0xff, 0xff, 0xff, 0x10,
    0x0, 0x0, 0x0, 0xd, 0x60, 0x0, 0x0, 0x0,
    0x0, 0x6f, 0xff, 0xff, 0xff, 0xff, 0xf6, 0x0,
    0x0, 0x0, 0x0, 0xd, 0x60, 0x0, 0x0, 0x0,
    0x5d, 0xdd, 0xdd, 0xdf, 0xed, 0xdd, 0xdd, 0xd0,
    0x13, 0x22, 0x26, 0xf5, 0x72, 0x22, 0x33, 0x30,
    0x0, 0x0, 0x5f, 0x71, 0xf1, 0x3, 0xe4, 0x0,
    0x0, 0x19, 0xff, 0x40, 0xab, 0x3e, 0x90, 0x0,
    0x7, 0xed, 0x3e, 0x40, 0x2e, 0xf7, 0x0, 0x0,
    0xb, 0x70, 0xe, 0x47, 0xc3, 0xfa, 0x30, 0x0,
    0x0, 0x0, 0xf, 0xee, 0x60, 0x2c, 0xfe, 0xa0,
    0x0, 0x0, 0x1f, 0x90, 0x0, 0x0, 0x39, 0x70,
    0x0, 0x0, 0x1, 0x0, 0x0, 0x0, 0x0, 0x0,

    /* U+8981 "要" */
    0x0, 0x0, 0x0, 0x0, 0x0, 0x0, 0x0, 0x0,
    0xf, 0xff, 0xff, 0xff, 0xff, 0xff, 0xff, 0xd0,
    0x0, 0x0, 0x5, 0xe0, 0xe, 0x40, 0x0, 0x0,
    0x0, 0xbf, 0xff, 0xff, 0xff, 0xff, 0xfb, 0x0,
    0x0, 0xb8, 0x5, 0xe0, 0xe, 0x40, 0x8b, 0x0,
    0x0, 0xb8, 0x5, 0xe0, 0xe, 0x40, 0x8b, 0x0,
    0x0, 0xbf, 0xff, 0xff, 0xff, 0xff, 0xfb, 0x0,
    0x0, 0x0, 0x0, 0x8b, 0x0, 0x0, 0x0, 0x0,
    0xad, 0xdd, 0xdd, 0xfe, 0xdd, 0xdd, 0xdd, 0xe2,
    0x22, 0x22, 0x5f, 0x62, 0x25, 0xf4, 0x22, 0x30,
    0x0, 0x2, 0xee, 0x72, 0x1e, 0x70, 0x0, 0x0,
    0x0, 0x0, 0x36, 0xae, 0xfe, 0x40, 0x0, 0x0,
    0x0, 0x0, 0x25, 0xbe, 0x78, 0xdf, 0xb6, 0x10,
    0xa, 0xff, 0xfb, 0x60, 0x0, 0x2, 0x8e, 0x90,
    0x2, 0x42, 0x0, 0x0, 0x0, 0x0, 0x0, 0x0,

    /* U+8BA1 "计" */
    0x0, 0x82, 0x0, 0x0, 0x4, 0xf0, 0x0, 0x0,
    0x0, 0xae, 0x20, 0x0, 0x4, 0xe0, 0x0, 0x0,
    0x0, 0xb, 0xe1, 0x0, 0x4, 0xe0, 0x0, 0x0,
    0x0, 0x0, 0x70, 0x0, 0x4, 0xe0, 0x0, 0x0,
    0x1, 0x11, 0x0, 0x0, 0x4, 0xe0, 0x0, 0x0,
    0x6f, 0xff, 0x49, 0xff, 0xff, 0xff, 0xff, 0xf1,
    0x0, 0xe, 0x41, 0x21, 0x15, 0xe1, 0x11, 0x20,
    0x0, 0xe, 0x40, 0x0, 0x4, 0xe0, 0x0, 0x0,
    0x0, 0xe, 0x40, 0x0, 0x4, 0xe0, 0x0, 0x0,
    0x0, 0xe, 0x44, 0x30, 0x4, 0xe0, 0x0, 0x0,
    0x0, 0xe, 0x7e, 0x70, 0x4, 0xe0, 0x0, 0x0,
    0x0, 0xf, 0xf8, 0x0, 0x4, 0xe0, 0x0, 0x0,
    0x0, 0x2f, 0x80, 0x0, 0x4, 0xe0, 0x0, 0x0,
    0x0, 0x3, 0x0, 0x0, 0x4, 0xf0, 0x0, 0x0,

    /* U+8BBE "设" */
    0x0, 0x50, 0x0, 0x0, 0x0, 0x0, 0x0, 0x0,
    0x0, 0xdb, 0x0, 0xf, 0xff, 0xff, 0x30, 0x0,
    0x0, 0x1e, 0x90, 0xf, 0x20, 0x1f, 0x30, 0x0,
    0x0, 0x3, 0x50, 0x2f, 0x10, 0x1f, 0x30, 0x0,
    0x0, 0x0, 0x0, 0x8c, 0x0, 0x1f, 0x30, 0x0,
    0x4d, 0xdd, 0x15, 0xf4, 0x0, 0xf, 0xed, 0xd0,
    0x13, 0x5f, 0x14, 0x60, 0x0, 0x2, 0x54, 0x40,
    0x0, 0x2f, 0x14, 0xff, 0xff, 0xff, 0xf5, 0x0,
    0x0, 0x2f, 0x10, 0x1f, 0x10, 0x7, 0xe0, 0x0,
    0x0, 0x2f, 0x10, 0xb, 0x80, 0xe, 0x70, 0x0,
    0x0, 0x2f, 0x39, 0x2, 0xf3, 0x9d, 0x0, 0x0,
    0x0, 0x2f, 0xec, 0x0, 0x7f, 0xf3, 0x0, 0x0,
    0x0, 0x4f, 0xb0, 0x1, 0xaf, 0xf8, 0x10, 0x0,
    0x0, 0x4d, 0x14, 0xaf, 0x91, 0x3b, 0xfc, 0x91,
    0x0, 0x0, 0x1b, 0x71, 0x0, 0x0, 0x26, 0x90,

    /* U+8BED "语" */
    0x0, 0x10, 0x0, 0x0, 0x0, 0x0, 0x0, 0x0,
    0x0, 0xd6, 0x7, 0xee, 0xef, 0xee, 0xee, 0x80,
    0x0, 0x2d, 0x20, 0x0, 0x3f, 0x0, 0x0, 0x0,
    0x0, 0x0, 0x0, 0xff, 0xff, 0xff, 0xfa, 0x0,
    0x13, 0x33, 0x0, 0x0, 0xb8, 0x0, 0xa9, 0x0,
    0x7f, 0xff, 0x10, 0x0, 0xe5, 0x0, 0xd8, 0x0,
    0x0, 0x2f, 0x14, 0x45, 0xf6, 0x44, 0xf9, 0x51,
    0x0, 0x2f, 0x1a, 0xaa, 0xaa, 0xaa, 0xaa, 0xa3,
    0x0, 0x2f, 0x10, 0x1, 0x11, 0x11, 0x11, 0x0,
    0x0, 0x2f, 0x11, 0x5f, 0xff, 0xff, 0xfd, 0x0,
    0x0, 0x2f, 0xa9, 0x4e, 0x0, 0x0, 0x5d, 0x0,
    0x0, 0x2f, 0xf3, 0x4e, 0x0, 0x0, 0x5d, 0x0,
    0x0, 0x5f, 0x60, 0x4e, 0x22, 0x22, 0x7d, 0x0,
    0x0, 0xab, 0x0, 0x4f, 0xdd, 0xdd, 0xed, 0x0,
    0x0, 0x1, 0x0, 0x5e, 0x0, 0x0, 0x5d, 0x0,
    0x0, 0x0, 0x0, 0x0, 0x0, 0x0, 0x0, 0x0,

    /* U+8BF7 "请" */
    0x0, 0x41, 0x0, 0x0, 0x3, 0xf0, 0x0, 0x0,
    0x0, 0xad, 0x10, 0xbb, 0xbc, 0xfb, 0xbb, 0xa0,
    0x0, 0xb, 0xc0, 0x33, 0x35, 0xf3, 0x33, 0x30,
    0x0, 0x1, 0x30, 0x8d, 0xdd, 0xfd, 0xdd, 0x70,
    0x0, 0x0, 0x0, 0x0, 0x3, 0xf0, 0x0, 0x0,
    0x2e, 0xdd, 0x6, 0xdc, 0xcd, 0xfc, 0xcc, 0xd6,
    0x3, 0x6e, 0x1, 0x22, 0x22, 0x22, 0x22, 0x21,
    0x0, 0x3e, 0x0, 0x3f, 0xff, 0xff, 0xff, 0x0,
    0x0, 0x3e, 0x0, 0x2f, 0x0, 0x0, 0x3f, 0x0,
    0x0, 0x3e, 0x0, 0x2f, 0xee, 0xee, 0xef, 0x0,
    0x0, 0x3e, 0x1a, 0x2f, 0x0, 0x0, 0x3f, 0x0,
    0x0, 0x4f, 0xe7, 0x2f, 0xee, 0xee, 0xef, 0x0,
    0x0, 0x9e, 0x30, 0x2f, 0x0, 0x0, 0x3f, 0x0,
    0x0, 0x12, 0x0, 0x3f, 0x0, 0x1, 0xec, 0x0,
    0x0, 0x0, 0x0, 0x0, 0x0, 0x0, 0x0, 0x0,

    /* U+8BFE "课" */
    0x0, 0xa5, 0x0, 0xff, 0xff, 0xff, 0xff, 0x0,
    0x0, 0x9e, 0x0, 0xf3, 0xd, 0x40, 0x4e, 0x0,
    0x0, 0x1f, 0x60, 0xf4, 0xd, 0x40, 0x4e, 0x0,
    0x0, 0x3, 0x0, 0xff, 0xff, 0xff, 0xfe, 0x0,
    0x13, 0x33, 0x0, 0xf3, 0xd, 0x40, 0x4e, 0x0,
    0x5b, 0xcf, 0x0, 0xfe, 0xdf, 0xed, 0xef, 0x0,
    0x0, 0x3f, 0x0, 0x33, 0x3e, 0x63, 0x33, 0x0,
    0x0, 0x3e, 0x3, 0x22, 0x2e, 0x52, 0x22, 0x20,
    0x0, 0x3e, 0xe, 0xdd, 0xef, 0xfd, 0xde, 0xe2,
    0x0, 0x3e, 0x0, 0x0, 0xdf, 0xf5, 0x0, 0x0,
    0x0, 0x3e, 0xa3, 0x8, 0xee, 0xaf, 0x50, 0x0,
    0x0, 0x3f, 0xf2, 0x5f, 0x3d, 0x48, 0xf9, 0x10,
    0x0, 0x5f, 0x79, 0xf5, 0xd, 0x40, 0x6f, 0xf6,
    0x0, 0x6b, 0xb, 0x40, 0xe, 0x40, 0x1, 0x82,
    0x0, 0x0, 0x0, 0x0, 0xe, 0x40, 0x0, 0x0,

    /* U+8C03 "调" */
    0x0, 0x1, 0x0, 0x0, 0x0, 0x0, 0x0, 0x0,
    0x8, 0xd1, 0x4, 0xff, 0xff, 0xff, 0xff, 0x0,
    0xd, 0xb0, 0x3e, 0x0, 0xb2, 0x3, 0xe0, 0x0,
    0x22, 0x3, 0xe2, 0x3e, 0x53, 0x3e, 0x1, 0x11,
    0x0, 0x3e, 0x7c, 0xfc, 0xa3, 0xe3, 0xff, 0xf1,
    0x3, 0xe0, 0xe, 0x30, 0x3e, 0x0, 0x1f, 0x10,
    0x3e, 0x7b, 0xfc, 0xc4, 0xe0, 0x1, 0xf1, 0x3,
    0xe2, 0x33, 0x33, 0x3e, 0x0, 0x1f, 0x10, 0x4e,
    0x5c, 0xcc, 0x93, 0xe0, 0x1, 0xf4, 0xd6, 0xc6,
    0xb1, 0x6c, 0x3e, 0x0, 0x1f, 0xf8, 0x9a, 0x6b,
    0x5, 0xc3, 0xe0, 0x3, 0xf9, 0xe, 0x76, 0xee,
    0xeb, 0x3e, 0x0, 0x29, 0x6, 0xf1, 0x0, 0x0,
    0x5, 0xe0, 0x0, 0x2, 0xf8, 0x0, 0x0, 0x1e,
    0xfb, 0x0, 0x0, 0x4, 0x0, 0x0, 0x0, 0x75,
    0x0,

    /* U+8D25 "败" */
    0x0, 0x0, 0x0, 0x0, 0x0, 0x0, 0x0, 0x0,
    0x0, 0x0, 0x0, 0x0, 0x0, 0xb7, 0x0, 0x0,
    0x3, 0xcc, 0xcc, 0xcb, 0x0, 0xf4, 0x0, 0x0,
    0x3, 0xe3, 0x33, 0x4f, 0x3, 0xe0, 0x0, 0x0,
    0x3, 0xe0, 0x72, 0x2e, 0x8, 0xff, 0xff, 0xf6,
    0x3, 0xe0, 0xe4, 0x2e, 0xe, 0x40, 0x2e, 0x0,
    0x3, 0xe0, 0xe3, 0x2e, 0x5f, 0x50, 0x4c, 0x0,
    0x3, 0xe0, 0xe2, 0x2e, 0xac, 0x70, 0x5a, 0x0,
    0x3, 0xe0, 0xe2, 0x2e, 0x4, 0xb0, 0x88, 0x0,
    0x3, 0xe0, 0xf0, 0x2f, 0x0, 0xe0, 0xb5, 0x0,
    0x3, 0xe2, 0xe0, 0x2f, 0x0, 0xb7, 0xf1, 0x0,
    0x0, 0x7, 0x96, 0x20, 0x0, 0x4f, 0xa0, 0x0,
    0x0, 0x2e, 0x39, 0xe2, 0x0, 0x5f, 0x80, 0x0,
    0x2, 0xe8, 0x0, 0x9e, 0x7, 0xe6, 0xe8, 0x0,
    0xd, 0x90, 0x0, 0x6, 0xdd, 0x20, 0x2d, 0xd3,
    0x1, 0x0, 0x0, 0x1, 0x70, 0x0, 0x0, 0x60,

    /* U+8F7D "载" */
    0x0, 0x0, 0x0, 0x0, 0x0, 0x0, 0x0, 0x0,
    0x0, 0x0, 0xc7, 0x0, 0xf, 0x23, 0x70, 0x0,
    0x6, 0xbb, 0xed, 0xbb, 0x1f, 0x21, 0xe8, 0x0,
    0x2, 0x33, 0xc8, 0x34, 0xf, 0x10, 0x33, 0x0,
    0x13, 0x33, 0xc8, 0x33, 0x3e, 0x53, 0x33, 0x40,
    0x4c, 0xbb, 0xdb, 0xbb, 0xbf, 0xcb, 0xbb, 0xc0,
    0x0, 0x4, 0xf3, 0x0, 0xc, 0x40, 0x31, 0x0,
    0xe, 0xff, 0xff, 0xff, 0x5a, 0x60, 0xc9, 0x0,
    0x1, 0x8c, 0x36, 0x1, 0x8, 0x80, 0xf3, 0x0,
    0x4, 0xe1, 0x5d, 0x0, 0x5, 0xb5, 0xc0, 0x0,
    0x7, 0xff, 0xff, 0xff, 0x21, 0xfd, 0x50, 0x0,
    0x0, 0x0, 0x5d, 0x0, 0x0, 0xcd, 0x0, 0x0,
    0x4, 0x57, 0xaf, 0xdf, 0x31, 0xee, 0x0, 0x30,
    0xf, 0xeb, 0xbd, 0x20, 0x1d, 0x9b, 0x95, 0xe0,
    0x1, 0x0, 0x5d, 0x2, 0xdb, 0x1, 0xef, 0x80,
    0x0, 0x0, 0x5d, 0x5, 0xa0, 0x0, 0x28, 0x0,

    /* U+8F93 "输" */
    0x0, 0x0, 0x0, 0x0, 0x0, 0x0, 0x0, 0x0,
    0x0, 0x38, 0x0, 0x0, 0xc, 0x70, 0x0, 0x0,
    0x0, 0x7d, 0x0, 0x0, 0x5e, 0xe3, 0x0, 0x0,
    0x6, 0xbb, 0x54, 0x1, 0xe4, 0x4e, 0x20, 0x0,
    0xb, 0xfc, 0xb9, 0xc, 0xa2, 0x29, 0xf6, 0x0,
    0x0, 0xf1, 0x0, 0xba, 0xcd, 0xdd, 0x8f, 0xd1,
    0x5, 0xb5, 0x2a, 0xc4, 0x33, 0x0, 0x4, 0x70,
    0xc, 0x5c, 0x82, 0x9a, 0x5e, 0x3b, 0x5e, 0x30,
    0x3f, 0xff, 0xc3, 0x99, 0x3e, 0x3b, 0x5d, 0x30,
    0x2, 0xb, 0x50, 0x9d, 0xbf, 0x3b, 0x5d, 0x30,
    0x0, 0xb, 0x62, 0x97, 0xd, 0x3b, 0x5d, 0x30,
    0x16, 0x9e, 0xf7, 0x9f, 0xef, 0x3b, 0x5d, 0x30,
    0xd, 0x9d, 0x50, 0x98, 0x1d, 0x3c, 0x5d, 0x30,
    0x0, 0xb, 0x50, 0x97, 0xe, 0x36, 0x3e, 0x30,
    0x0, 0xc, 0x50, 0xa7, 0xaf, 0x10, 0xdf, 0x30,
    0x0, 0xc, 0x60, 0x0, 0x11, 0x0, 0xab, 0x0,
    0x0, 0x0, 0x0, 0x0, 0x0, 0x0, 0x0, 0x0,

    /* U+8FD4 "返" */
    0x0, 0x53, 0x0, 0x0, 0x0, 0x1, 0x45, 0x0,
    0x0, 0xba, 0x0, 0x5b, 0xbd, 0xff, 0xff, 0x30,
    0x0, 0x5f, 0x10, 0x7d, 0x54, 0x32, 0x10, 0x0,
    0x0, 0x9, 0x10, 0x6c, 0x0, 0x0, 0x0, 0x0,
    0x0, 0x0, 0x0, 0x6e, 0xaa, 0xaa, 0xa8, 0x0,
    0x3, 0x33, 0x0, 0x6d, 0x55, 0x55, 0xca, 0x0,
    0xc, 0xdf, 0x10, 0x7b, 0x6, 0x0, 0xd6, 0x0,
    0x0, 0x3f, 0x10, 0x9a, 0x3e, 0xc4, 0xf1, 0x0,
    0x0, 0x3f, 0x10, 0xd7, 0x1, 0xbf, 0xb0, 0x0,
    0x0, 0x3f, 0x13, 0xf2, 0x0, 0x8f, 0xf6, 0x0,
    0x0, 0x3f, 0x1d, 0xb0, 0x3b, 0xe3, 0x7f, 0x60,
    0x0, 0x4f, 0x58, 0x21, 0xd9, 0x10, 0x6, 0x10,
    0x5, 0xfa, 0xcc, 0x85, 0x43, 0x33, 0x45, 0x63,
    0xc, 0x70, 0x3, 0x8b, 0xdf, 0xff, 0xff, 0xf2,
    0x0, 0x0, 0x0, 0x0, 0x0, 0x0, 0x0, 0x0,

    /* U+8FDE "连" */
    0x0, 0x20, 0x0, 0x0, 0x5b, 0x0, 0x0, 0x0,
    0x6, 0xe1, 0x0, 0x0, 0xb9, 0x0, 0x0, 0x0,
    0x0, 0xcb, 0xe, 0xee, 0xfe, 0xee, 0xee, 0xa0,
    0x0, 0x2f, 0x32, 0x2c, 0x93, 0x62, 0x22, 0x20,
    0x0, 0x1, 0x0, 0x3f, 0x13, 0xf0, 0x0, 0x0,
    0x2, 0x11, 0x1, 0xd8, 0x14, 0xe1, 0x11, 0x0,
    0xf, 0xff, 0x4, 0xfe, 0xee, 0xfe, 0xef, 0x30,
    0x0, 0x4f, 0x0, 0x0, 0x3, 0xe0, 0x0, 0x0,
    0x0, 0x4f, 0x1, 0x10, 0x3, 0xe0, 0x0, 0x10,
    0x0, 0x4f, 0xf, 0xff, 0xff, 0xff, 0xff, 0xf0,
    0x0, 0x4f, 0x0, 0x0, 0x3, 0xe0, 0x0, 0x0,
    0x0, 0x4f, 0x0, 0x0, 0x3, 0xf0, 0x0, 0x0,
    0x5, 0xc7, 0xba, 0x64, 0x37, 0xf2, 0x22, 0x10,
    0xb, 0x30, 0x4, 0x8b, 0xde, 0xff, 0xff, 0xf4,

    /* U+9009 "选" */
    0x0, 0x0, 0x0, 0x45, 0xb, 0xd0, 0x0, 0x0,
    0x0, 0xc9, 0x0, 0xb9, 0xb, 0xc0, 0x0, 0x0,
    0x0, 0x5f, 0x0, 0xfd, 0xce, 0xfc, 0xd9, 0x0,
    0x0, 0xc, 0x27, 0xd2, 0x2b, 0xd2, 0x22, 0x0,
    0x0, 0x0, 0x5, 0x60, 0xb, 0xc0, 0x0, 0x0,
    0x2, 0x11, 0x6, 0x66, 0x6c, 0xd6, 0x66, 0x50,
    0xf, 0xef, 0x28, 0xaa, 0xfb, 0xbf, 0xaa, 0x80,
    0x0, 0x1f, 0x20, 0x0, 0xf2, 0x4e, 0x0, 0x0,
    0x0, 0x1f, 0x20, 0x2, 0xf0, 0x4e, 0x0, 0x0,
    0x0, 0x1f, 0x20, 0x8, 0xa0, 0x4e, 0x4, 0x50,
    0x0, 0x1f, 0x20, 0x4f, 0x20, 0x4f, 0x4b, 0xf0,
    0x0, 0x1f, 0x32, 0xf5, 0x0, 0x1c, 0xff, 0x80,
    0x3, 0xd9, 0xbb, 0x85, 0x33, 0x22, 0x23, 0x42,
    0xa, 0x70, 0x2, 0x7a, 0xce, 0xef, 0xff, 0xe1,
    0x0, 0x0, 0x0, 0x0, 0x0, 0x0, 0x0, 0x0,

    /* U+90E8 "部" */
    0x0, 0x0, 0x0, 0x0, 0x0, 0x0, 0x0, 0x0,
    0x0, 0xe5, 0x0, 0x0, 0x0, 0x0, 0x0, 0x0,
    0x7, 0xd0, 0x0, 0x3d, 0xdd, 0xda, 0x9, 0xff,
    0xff, 0xff, 0xc4, 0xf4, 0x4e, 0x80, 0x15, 0x71,
    0x17, 0xc1, 0x3f, 0x1, 0xf3, 0x0, 0x6f, 0x20,
    0xb9, 0x3, 0xf0, 0x5e, 0x0, 0x0, 0xd5, 0x2f,
    0x20, 0x3f, 0xa, 0x80, 0xf, 0xff, 0xff, 0xff,
    0xf6, 0xf0, 0xe7, 0x0, 0x11, 0x11, 0x11, 0x11,
    0x3f, 0x5, 0xf4, 0x0, 0x23, 0x33, 0x33, 0x3,
    0xf0, 0x9, 0xe0, 0xc, 0xec, 0xcd, 0xf0, 0x3f,
    0x0, 0x1f, 0x40, 0xc7, 0x0, 0x3f, 0x3, 0xf0,
    0x3, 0xf4, 0xc, 0x70, 0x3, 0xf0, 0x3f, 0x2d,
    0xfc, 0x0, 0xcf, 0xff, 0xff, 0x3, 0xf0, 0x64,
    0x0, 0xc, 0x70, 0x3, 0xf0, 0x3f, 0x0, 0x0,
    0x0, 0xb6, 0x0, 0x2e, 0x3, 0xf0, 0x0, 0x0,

    /* U+9192 "醒" */
    0x0, 0x0, 0x0, 0x0, 0x3f, 0xff, 0xff, 0xf0,
    0x5f, 0xff, 0xff, 0xf8, 0x2e, 0x0, 0x2, 0xe0,
    0x0, 0x2e, 0x3c, 0x0, 0x2e, 0x22, 0x24, 0xe0,
    0x3, 0x5e, 0x6d, 0x31, 0x2f, 0xdd, 0xdd, 0xe0,
    0xf, 0x9f, 0xae, 0xc5, 0x2e, 0x0, 0x2, 0xe0,
    0xf, 0x3e, 0x4c, 0x95, 0x2e, 0xef, 0xee, 0xd0,
    0xf, 0x4d, 0x4c, 0x94, 0x27, 0xe, 0x30, 0x0,
    0xf, 0x7b, 0x4d, 0x94, 0x8e, 0x2e, 0x42, 0x20,
    0xf, 0xd7, 0x1e, 0xf4, 0xdd, 0xdf, 0xdd, 0xa0,
    0xf, 0x11, 0x0, 0x9a, 0xf0, 0xe, 0x30, 0x0,
    0xf, 0xee, 0xee, 0xf6, 0x6b, 0xbf, 0xcb, 0xa0,
    0xf, 0x10, 0x0, 0x94, 0x4, 0x4f, 0x64, 0x40,
    0xf, 0xbb, 0xbb, 0xe5, 0x0, 0xe, 0x30, 0x0,
    0xf, 0x43, 0x33, 0xa8, 0xff, 0xff, 0xff, 0xf4,
    0xf, 0x10, 0x0, 0x95, 0x0, 0x0, 0x0, 0x0,
    0x2, 0x0, 0x0, 0x0, 0x0, 0x0, 0x0, 0x0,

    /* U+91CD "重" */
    0x0, 0x0, 0x0, 0x0, 0x2, 0x47, 0x60, 0x0,
    0x9, 0xbc, 0xde, 0xff, 0xdc, 0xb9, 0x0, 0x0,
    0x23, 0x21, 0xe, 0x50, 0x0, 0x0, 0x3, 0xdc,
    0xcc, 0xcc, 0xfd, 0xcc, 0xcc, 0xca, 0x2, 0x22,
    0x22, 0x2e, 0x62, 0x22, 0x22, 0x20, 0x0, 0xcd,
    0xdd, 0xfe, 0xdd, 0xdd, 0x0, 0x0, 0xe, 0x62,
    0x2e, 0x62, 0x26, 0xe0, 0x0, 0x0, 0xde, 0xee,
    0xfe, 0xee, 0xee, 0x0, 0x0, 0xe, 0x72, 0x2e,
    0x72, 0x27, 0xe0, 0x0, 0x0, 0xef, 0xff, 0xff,
    0xff, 0xff, 0x0, 0x0, 0x0, 0x0, 0xe, 0x50,
    0x0, 0x0, 0x0, 0xd, 0xee, 0xee, 0xfe, 0xee,
    0xef, 0x80, 0x0, 0x0, 0x0, 0xe, 0x50, 0x0,
    0x0, 0x1, 0xff, 0xff, 0xff, 0xff, 0xff, 0xff,
    0xfb,

    /* U+91CF "量" */
    0x0, 0xf, 0xcc, 0xcc, 0xcc, 0xcc, 0xf0, 0x0,
    0x0, 0xfd, 0xdd, 0xdd, 0xdd, 0xdf, 0x0, 0x0,
    0xf, 0x64, 0x44, 0x44, 0x46, 0xf0, 0x0, 0x0,
    0x66, 0x66, 0x66, 0x66, 0x66, 0x0, 0x2f, 0xed,
    0xdd, 0xdd, 0xdd, 0xdd, 0xde, 0xf0, 0x0, 0x66,
    0x66, 0x66, 0x66, 0x66, 0x0, 0x0, 0x1f, 0x87,
    0x7c, 0xc7, 0x78, 0xf1, 0x0, 0x1, 0xfd, 0xdd,
    0xee, 0xdd, 0xdf, 0x10, 0x0, 0x1f, 0x65, 0x5b,
    0xb5, 0x56, 0xf1, 0x0, 0x0, 0x77, 0x77, 0xcc,
    0x77, 0x77, 0x0, 0x0, 0x7c, 0xcc, 0xce, 0xec,
    0xcc, 0xd5, 0x0, 0x1, 0x10, 0x0, 0x99, 0x0,
    0x1, 0x0, 0xb, 0xdd, 0xdd, 0xde, 0xed, 0xdd,
    0xdd, 0xb0,

    /* U+949F "钟" */
    0x0, 0x1d, 0x40, 0x0, 0x0, 0xf4, 0x0, 0x0,
    0x6, 0xf3, 0x0, 0x0, 0xf, 0x40, 0x0, 0x0,
    0xdd, 0x34, 0x0, 0x0, 0xf4, 0x0, 0x0, 0x9f,
    0xcc, 0xd3, 0x77, 0x7f, 0x97, 0x72, 0x5f, 0x60,
    0x0, 0x1f, 0x76, 0xf8, 0x6f, 0x42, 0x6d, 0xff,
    0xd0, 0xf2, 0xf, 0x40, 0xe4, 0x0, 0xe, 0x40,
    0xf, 0x20, 0xf4, 0xe, 0x40, 0x0, 0xe4, 0x0,
    0xf2, 0xf, 0x40, 0xe4, 0xb, 0xff, 0xff, 0x4f,
    0x53, 0xf6, 0x3f, 0x40, 0x22, 0xe6, 0x31, 0xfc,
    0xcf, 0xdc, 0xf4, 0x0, 0xe, 0x41, 0x1b, 0x10,
    0xf4, 0xa, 0x30, 0x0, 0xe7, 0xe1, 0x0, 0xf,
    0x40, 0x0, 0x0, 0x1f, 0xf9, 0x0, 0x0, 0xf4,
    0x0, 0x0, 0x5, 0xf8, 0x0, 0x0, 0xf, 0x40,
    0x0, 0x0, 0x5, 0x0, 0x0, 0x0, 0xf5, 0x0,
    0x0,

    /* U+94AE "钮" */
    0x0, 0x6, 0x10, 0x0, 0x0, 0x0, 0x0, 0x0,
    0x0, 0x2f, 0x20, 0x4, 0x33, 0x33, 0x33, 0x10,
    0x0, 0xab, 0x33, 0x2c, 0xbf, 0xdb, 0xbf, 0x40,
    0x4, 0xfb, 0xbb, 0x60, 0xd, 0x40, 0xe, 0x30,
    0x1d, 0x60, 0x0, 0x0, 0xe, 0x30, 0xf, 0x20,
    0x3c, 0xfe, 0xee, 0x0, 0xf, 0x20, 0xf, 0x10,
    0x0, 0xf, 0x21, 0x7, 0x7f, 0x76, 0x7f, 0x0,
    0x0, 0xf, 0x20, 0x9, 0x9f, 0x88, 0x9f, 0x0,
    0xb, 0xef, 0xef, 0x40, 0x3e, 0x0, 0x3e, 0x0,
    0x0, 0xf, 0x21, 0x0, 0x4d, 0x0, 0x4e, 0x0,
    0x0, 0xf, 0x22, 0x0, 0x5c, 0x0, 0x5d, 0x0,
    0x0, 0xf, 0x4e, 0x40, 0x7a, 0x0, 0x5c, 0x0,
    0x0, 0x1f, 0xf6, 0x10, 0x89, 0x0, 0x6b, 0x10,
    0x0, 0x5f, 0x40, 0xde, 0xee, 0xee, 0xee, 0xe1,
    0x0, 0x2, 0x0, 0x0, 0x0, 0x0, 0x0, 0x0,

    /* U+94C3 "铃" */
    0x0, 0x4, 0x0, 0x0, 0x0, 0x61, 0x0, 0x0,
    0x0, 0x3e, 0x20, 0x0, 0x4, 0xf3, 0x0, 0x0,
    0x0, 0xcf, 0xff, 0x80, 0xb, 0xaa, 0x0, 0x0,
    0x7, 0xb0, 0x1, 0x0, 0x5c, 0xc, 0x50, 0x0,
    0x5f, 0x20, 0x0, 0x2, 0xe3, 0x12, 0xe4, 0x0,
    0x3b, 0xff, 0xfd, 0x3e, 0x59, 0xc0, 0x5f, 0x60,
    0x0, 0xe, 0x30, 0xa7, 0x0, 0xd9, 0x6, 0xf2,
    0x0, 0xe, 0x30, 0x1, 0x11, 0x42, 0x11, 0x10,
    0x3f, 0xff, 0xff, 0x8f, 0xff, 0xff, 0xff, 0x50,
    0x0, 0xe, 0x30, 0x0, 0x0, 0x0, 0xd9, 0x0,
    0x0, 0xe, 0x30, 0x0, 0x0, 0xa, 0xa0, 0x0,
    0x0, 0xe, 0x5c, 0x51, 0xc3, 0x7d, 0x0, 0x0,
    0x0, 0x1f, 0xf8, 0x0, 0x6e, 0xf4, 0x0, 0x0,
    0x0, 0x7f, 0x50, 0x0, 0x2, 0xcd, 0x20, 0x0,
    0x0, 0x2, 0x0, 0x0, 0x0, 0x8, 0x10, 0x0,

    /* U+952E "键" */
    0x0, 0x87, 0x0, 0x0, 0x0, 0xb5, 0x0, 0x0,
    0x0, 0xe7, 0x5, 0x43, 0x26, 0xc8, 0x55, 0x0,
    0x6, 0xf8, 0x8c, 0xe9, 0x3a, 0xeb, 0xaf, 0x0,
    0x1e, 0x98, 0x70, 0xc4, 0x22, 0xc6, 0x3f, 0x20,
    0x89, 0x0, 0x1, 0xe1, 0xcc, 0xfd, 0xcf, 0xd0,
    0x6, 0xcc, 0xa7, 0x90, 0x1, 0xc5, 0x2f, 0x0,
    0x0, 0xb4, 0xf, 0xfe, 0x4e, 0xfe, 0xed, 0x0,
    0x0, 0xb5, 0x12, 0x3d, 0x0, 0xc5, 0x0, 0x0,
    0x1f, 0xfe, 0xb6, 0x4c, 0x8f, 0xff, 0xfe, 0x0,
    0x0, 0xb4, 0xe, 0x99, 0x0, 0xc5, 0x0, 0x0,
    0x0, 0xb4, 0x59, 0xf6, 0xde, 0xfe, 0xee, 0x10,
    0x0, 0xbe, 0xb2, 0xf5, 0x10, 0xc5, 0x1, 0x0,
    0x1, 0xfa, 0xa, 0xad, 0xb6, 0xd6, 0x22, 0x30,
    0x0, 0x50, 0x5c, 0x0, 0x59, 0xcd, 0xef, 0xc0,
    0x0, 0x0, 0x0, 0x0, 0x0, 0x0, 0x0, 0x0,

    /* U+95ED "闭" */
    0x0, 0x94, 0x0, 0x0, 0x0, 0x0, 0x0, 0x0,
    0x8f, 0x20, 0xdf, 0xff, 0xff, 0xff, 0x2, 0x7,
    0x30, 0x23, 0x72, 0x22, 0x6f, 0x6f, 0x0, 0x0,
    0x3, 0xf1, 0x0, 0x5e, 0x5e, 0x0, 0x0, 0x3,
    0xf0, 0x0, 0x5e, 0x5e, 0x2f, 0xff, 0xff, 0xff,
    0xf6, 0x5e, 0x5e, 0x3, 0x22, 0x7f, 0xf3, 0x31,
    0x5e, 0x5e, 0x0, 0x0, 0xda, 0xf0, 0x0, 0x5e,
    0x5e, 0x0, 0xa, 0xd3, 0xf0, 0x0, 0x5e, 0x5e,
    0x0, 0xae, 0x23, 0xf0, 0x0, 0x5e, 0x5e, 0x4e,
    0xe3, 0x3, 0xf0, 0x0, 0x5e, 0x5e, 0x29, 0x10,
    0x7, 0xf0, 0x0, 0x5e, 0x5e, 0x0, 0x0, 0xcf,
    0xa0, 0x25, 0xae, 0x6e, 0x0, 0x0, 0x21, 0x0,
    0x2f, 0xd6, 0x0, 0x0, 0x0, 0x0, 0x0, 0x0,
    0x0,

    /* U+95F4 "间" */
    0x0, 0x0, 0x0, 0x0, 0x0, 0x0, 0x0, 0x0,
    0xc6, 0x0, 0x0, 0x0, 0x0, 0x0, 0x0, 0x5f,
    0x36, 0xff, 0xff, 0xff, 0xf6, 0x25, 0x6, 0x30,
    0x11, 0x11, 0x11, 0xd6, 0x6f, 0x0, 0x0, 0x0,
    0x0, 0x0, 0xd6, 0x5e, 0x0, 0xff, 0xff, 0xff,
    0x40, 0xd6, 0x5e, 0x0, 0xf4, 0x0, 0xf, 0x30,
    0xd6, 0x5e, 0x0, 0xf3, 0x0, 0xf, 0x30, 0xd6,
    0x5e, 0x0, 0xff, 0xff, 0xff, 0x30, 0xd6, 0x5e,
    0x0, 0xf4, 0x0, 0xf, 0x30, 0xd6, 0x5e, 0x0,
    0xf3, 0x0, 0xf, 0x30, 0xd6, 0x5e, 0x0, 0xfd,
    0xcc, 0xcf, 0x40, 0xd6, 0x5e, 0x0, 0x33, 0x33,
    0x33, 0x10, 0xd6, 0x6f, 0x0, 0x0, 0x0, 0x0,
    0x14, 0xf5, 0x6f, 0x0, 0x0, 0x0, 0x0, 0x4f,
    0xd1, 0x0, 0x0, 0x0, 0x0, 0x0, 0x1, 0x0,

    /* U+95F9 "闹" */
    0x6, 0x70, 0x0, 0x0, 0x0, 0x0, 0x0, 0x3,
    0xf8, 0xf, 0xff, 0xff, 0xff, 0xf4, 0x0, 0x65,
    0x1, 0x40, 0x0, 0x0, 0xe3, 0x83, 0x0, 0x2,
    0xd2, 0x0, 0x0, 0xe3, 0xc5, 0x6d, 0xdd, 0xdd,
    0xdd, 0xb0, 0xe3, 0xc5, 0x11, 0x0, 0xe3, 0x1,
    0x20, 0xe3, 0xc5, 0x0, 0x0, 0xe3, 0x0, 0x0,
    0xe3, 0xc5, 0x1f, 0xee, 0xfe, 0xee, 0xd0, 0xe3,
    0xc5, 0xf, 0x20, 0xe3, 0x5, 0xd0, 0xe3, 0xc5,
    0xf, 0x20, 0xe3, 0x5, 0xd0, 0xe3, 0xc5, 0xf,
    0x20, 0xe3, 0x6, 0xd0, 0xe3, 0xc5, 0x1f, 0x20,
    0xe3, 0xbf, 0x90, 0xe3, 0xc5, 0x0, 0x0, 0xf3,
    0x10, 0x0, 0xf3, 0xc5, 0x0, 0x0, 0x92, 0x0,
    0x5d, 0xf2, 0xd5, 0x0, 0x0, 0x0, 0x0, 0x3c,
    0x80,

    /* U+97F3 "音" */
    0x0, 0x0, 0x1, 0xd4, 0x0, 0x0, 0x0, 0x2,
    0x11, 0x11, 0xd9, 0x11, 0x11, 0x20, 0x3e, 0xdd,
    0xdd, 0xdd, 0xdd, 0xdd, 0xd0, 0x0, 0x7, 0x70,
    0x0, 0x9, 0x50, 0x0, 0x0, 0x5, 0xf2, 0x0,
    0x1f, 0x40, 0x0, 0x43, 0x33, 0xe6, 0x33, 0x9d,
    0x33, 0x34, 0xbb, 0xbb, 0xbb, 0xbb, 0xbb, 0xbb,
    0xbc, 0x0, 0x0, 0x0, 0x0, 0x0, 0x0, 0x0,
    0x0, 0xbf, 0xff, 0xff, 0xff, 0xfb, 0x0, 0x0,
    0xb9, 0x0, 0x0, 0x0, 0xab, 0x0, 0x0, 0xbf,
    0xff, 0xff, 0xff, 0xfb, 0x0, 0x0, 0xb9, 0x0,
    0x0, 0x0, 0xab, 0x0, 0x0, 0xb9, 0x11, 0x11,
    0x11, 0xab, 0x0, 0x0, 0xbe, 0xdd, 0xdd, 0xdd,
    0xfb, 0x0, 0x0, 0xb9, 0x0, 0x0, 0x0, 0xab,
    0x0, 0x0, 0x0, 0x0, 0x0, 0x0, 0x0, 0x0,

    /* U+FF0C "，" */
    0x6, 0x61, 0xf, 0xf3, 0xf, 0xf3, 0x0, 0xe2,
    0x8, 0xa0, 0x3, 0x0
};


/*---------------------
 *  GLYPH DESCRIPTION
 *--------------------*/

static const lv_font_fmt_txt_glyph_dsc_t glyph_dsc[] = {
    {.bitmap_index = 0, .adv_w = 0, .box_w = 0, .box_h = 0, .ofs_x = 0, .ofs_y = 0} /* id = 0 reserved */,
    {.bitmap_index = 0, .adv_w = 128, .box_w = 0, .box_h = 0, .ofs_x = 0, .ofs_y = 0},
    {.bitmap_index = 0, .adv_w = 128, .box_w = 2, .box_h = 12, .ofs_x = 3, .ofs_y = 0},
    {.bitmap_index = 12, .adv_w = 128, .box_w = 4, .box_h = 4, .ofs_x = 2, .ofs_y = 8},
    {.bitmap_index = 20, .adv_w = 128, .box_w = 8, .box_h = 12, .ofs_x = 0, .ofs_y = 0},
    {.bitmap_index = 68, .adv_w = 128, .box_w = 7, .box_h = 15, .ofs_x = 0, .ofs_y = -2},
    {.bitmap_index = 121, .adv_w = 128, .box_w = 8, .box_h = 12, .ofs_x = 0, .ofs_y = 0},
    {.bitmap_index = 169, .adv_w = 128, .box_w = 8, .box_h = 12, .ofs_x = 0, .ofs_y = 0},
    {.bitmap_index = 217, .adv_w = 128, .box_w = 3, .box_h = 4, .ofs_x = 2, .ofs_y = 8},
    {.bitmap_index = 223, .adv_w = 128, .box_w = 5, .box_h = 16, .ofs_x = 3, .ofs_y = -2},
    {.bitmap_index = 263, .adv_w = 128, .box_w = 5, .box_h = 16, .ofs_x = 0, .ofs_y = -2},
    {.bitmap_index = 303, .adv_w = 128, .box_w = 8, .box_h = 9, .ofs_x = 0, .ofs_y = 3},
    {.bitmap_index = 339, .adv_w = 128, .box_w = 8, .box_h = 8, .ofs_x = 0, .ofs_y = 2},
    {.bitmap_index = 371, .adv_w = 128, .box_w = 2, .box_h = 4, .ofs_x = 1, .ofs_y = -2},
    {.bitmap_index = 375, .adv_w = 128, .box_w = 8, .box_h = 2, .ofs_x = 0, .ofs_y = 5},
    {.bitmap_index = 383, .adv_w = 128, .box_w = 2, .box_h = 2, .ofs_x = 1, .ofs_y = 0},
    {.bitmap_index = 385, .adv_w = 128, .box_w = 8, .box_h = 14, .ofs_x = 0, .ofs_y = -1},
    {.bitmap_index = 441, .adv_w = 128, .box_w = 8, .box_h = 13, .ofs_x = 0, .ofs_y = -1},
    {.bitmap_index = 493, .adv_w = 128, .box_w = 4, .box_h = 12, .ofs_x = 1, .ofs_y = 0},
    {.bitmap_index = 517, .adv_w = 128, .box_w = 8, .box_h = 13, .ofs_x = 0, .ofs_y = 0},
    {.bitmap_index = 569, .adv_w = 128, .box_w = 8, .box_h = 12, .ofs_x = 0, .ofs_y = 0},
    {.bitmap_index = 617, .adv_w = 128, .box_w = 8, .box_h = 12, .ofs_x = 0, .ofs_y = 0},
    {.bitmap_index = 665, .adv_w = 128, .box_w = 8, .box_h = 12, .ofs_x = 0, .ofs_y = 0},
    {.bitmap_index = 713, .adv_w = 128, .box_w = 8, .box_h = 12, .ofs_x = 0, .ofs_y = 0},
    {.bitmap_index = 761, .adv_w = 128, .box_w = 8, .box_h = 12, .ofs_x = 0, .ofs_y = 0},
    {.bitmap_index = 809, .adv_w = 128, .box_w = 8, .box_h = 12, .ofs_x = 0, .ofs_y = 0},
    {.bitmap_index = 857, .adv_w = 128, .box_w = 8, .box_h = 12, .ofs_x = 0, .ofs_y = 0},
    {.bitmap_index = 905, .adv_w = 128, .box_w = 2, .box_h = 8, .ofs_x = 3, .ofs_y = 0},
    {.bitmap_index = 913, .adv_w = 128, .box_w = 2, .box_h = 10, .ofs_x = 3, .ofs_y = -2},
    {.bitmap_index = 923, .adv_w = 128, .box_w = 8, .box_h = 14, .ofs_x = 0, .ofs_y = -1},
    {.bitmap_index = 979, .adv_w = 128, .box_w = 8, .box_h = 6, .ofs_x = 0, .ofs_y = 3},
    {.bitmap_index = 1003, .adv_w = 128, .box_w = 8, .box_h = 14, .ofs_x = 0, .ofs_y = -1},
    {.bitmap_index = 1059, .adv_w = 128, .box_w = 7, .box_h = 12, .ofs_x = 0, .ofs_y = 0},
    {.bitmap_index = 1101, .adv_w = 128, .box_w = 8, .box_h = 12, .ofs_x = 0, .ofs_y = 0},
    {.bitmap_index = 1149, .adv_w = 128, .box_w = 8, .box_h = 12, .ofs_x = 0, .ofs_y = 0},
    {.bitmap_index = 1197, .adv_w = 128, .box_w = 8, .box_h = 12, .ofs_x = 0, .ofs_y = 0},
    {.bitmap_index = 1245, .adv_w = 128, .box_w = 8, .box_h = 12, .ofs_x = 0, .ofs_y = 0},
    {.bitmap_index = 1293, .adv_w = 128, .box_w = 8, .box_h = 12, .ofs_x = 0, .ofs_y = 0},
    {.bitmap_index = 1341, .adv_w = 128, .box_w = 8, .box_h = 12, .ofs_x = 0, .ofs_y = 0},
    {.bitmap_index = 1389, .adv_w = 128, .box_w = 8, .box_h = 12, .ofs_x = 0, .ofs_y = 0},
    {.bitmap_index = 1437, .adv_w = 128, .box_w = 8, .box_h = 12, .ofs_x = 0, .ofs_y = 0},
    {.bitmap_index = 1485, .adv_w = 128, .box_w = 8, .box_h = 12, .ofs_x = 0, .ofs_y = 0},
    {.bitmap_index = 1533, .adv_w = 128, .box_w = 2, .box_h = 12, .ofs_x = 3, .ofs_y = 0},
    {.bitmap_index = 1545, .adv_w = 128, .box_w = 7, .box_h = 12, .ofs_x = 0, .ofs_y = 0},
    {.bitmap_index = 1587, .adv_w = 128, .box_w = 8, .box_h = 12, .ofs_x = 0, .ofs_y = 0},
    {.bitmap_index = 1635, .adv_w = 128, .box_w = 8, .box_h = 12, .ofs_x = 0, .ofs_y = 0},
    {.bitmap_index = 1683, .adv_w = 128, .box_w = 8, .box_h = 12, .ofs_x = 0, .ofs_y = 0},
    {.bitmap_index = 1731, .adv_w = 128, .box_w = 8, .box_h = 12, .ofs_x = 0, .ofs_y = 0},
    {.bitmap_index = 1779, .adv_w = 128, .box_w = 8, .box_h = 12, .ofs_x = 0, .ofs_y = 0},
    {.bitmap_index = 1827, .adv_w = 128, .box_w = 8, .box_h = 12, .ofs_x = 0, .ofs_y = 0},
    {.bitmap_index = 1875, .adv_w = 128, .box_w = 8, .box_h = 13, .ofs_x = 0, .ofs_y = -1},
    {.bitmap_index = 1927, .adv_w = 128, .box_w = 8, .box_h = 12, .ofs_x = 0, .ofs_y = 0},
    {.bitmap_index = 1975, .adv_w = 128, .box_w = 8, .box_h = 12, .ofs_x = 0, .ofs_y = 0},
    {.bitmap_index = 2023, .adv_w = 128, .box_w = 8, .box_h = 12, .ofs_x = 0, .ofs_y = 0},
    {.bitmap_index = 2071, .adv_w = 128, .box_w = 8, .box_h = 12, .ofs_x = 0, .ofs_y = 0},
    {.bitmap_index = 2119, .adv_w = 128, .box_w = 8, .box_h = 12, .ofs_x = 0, .ofs_y = 0},
    {.bitmap_index = 2167, .adv_w = 128, .box_w = 8, .box_h = 12, .ofs_x = 0, .ofs_y = 0},
    {.bitmap_index = 2215, .adv_w = 128, .box_w = 8, .box_h = 12, .ofs_x = 0, .ofs_y = 0},
    {.bitmap_index = 2263, .adv_w = 128, .box_w = 8, .box_h = 12, .ofs_x = 0, .ofs_y = 0},
    {.bitmap_index = 2311, .adv_w = 128, .box_w = 8, .box_h = 12, .ofs_x = 0, .ofs_y = 0},
    {.bitmap_index = 2359, .adv_w = 128, .box_w = 5, .box_h = 16, .ofs_x = 3, .ofs_y = -2},
    {.bitmap_index = 2399, .adv_w = 128, .box_w = 8, .box_h = 14, .ofs_x = 0, .ofs_y = -2},
    {.bitmap_index = 2455, .adv_w = 128, .box_w = 5, .box_h = 16, .ofs_x = 0, .ofs_y = -2},
    {.bitmap_index = 2495, .adv_w = 128, .box_w = 7, .box_h = 3, .ofs_x = 0, .ofs_y = 11},
    {.bitmap_index = 2506, .adv_w = 128, .box_w = 8, .box_h = 1, .ofs_x = 0, .ofs_y = -2},
    {.bitmap_index = 2510, .adv_w = 128, .box_w = 4, .box_h = 3, .ofs_x = 2, .ofs_y = 11},
    {.bitmap_index = 2516, .adv_w = 128, .box_w = 8, .box_h = 8, .ofs_x = 0, .ofs_y = 0},
    {.bitmap_index = 2548, .adv_w = 128, .box_w = 8, .box_h = 12, .ofs_x = 0, .ofs_y = 0},
    {.bitmap_index = 2596, .adv_w = 128, .box_w = 8, .box_h = 8, .ofs_x = 0, .ofs_y = 0},
    {.bitmap_index = 2628, .adv_w = 128, .box_w = 7, .box_h = 12, .ofs_x = 0, .ofs_y = 0},
    {.bitmap_index = 2670, .adv_w = 128, .box_w = 8, .box_h = 8, .ofs_x = 0, .ofs_y = 0},
    {.bitmap_index = 2702, .adv_w = 128, .box_w = 8, .box_h = 12, .ofs_x = 0, .ofs_y = 0},
    {.bitmap_index = 2750, .adv_w = 128, .box_w = 8, .box_h = 11, .ofs_x = 0, .ofs_y = -2},
    {.bitmap_index = 2794, .adv_w = 128, .box_w = 7, .box_h = 12, .ofs_x = 0, .ofs_y = 0},
    {.bitmap_index = 2836, .adv_w = 128, .box_w = 2, .box_h = 12, .ofs_x = 3, .ofs_y = 0},
    {.bitmap_index = 2848, .adv_w = 128, .box_w = 5, .box_h = 14, .ofs_x = 1, .ofs_y = -2},
    {.bitmap_index = 2883, .adv_w = 128, .box_w = 8, .box_h = 12, .ofs_x = 0, .ofs_y = 0},
    {.bitmap_index = 2931, .adv_w = 128, .box_w = 2, .box_h = 12, .ofs_x = 3, .ofs_y = 0},
    {.bitmap_index = 2943, .adv_w = 128, .box_w = 8, .box_h = 8, .ofs_x = 0, .ofs_y = 0},
    {.bitmap_index = 2975, .adv_w = 128, .box_w = 7, .box_h = 8, .ofs_x = 0, .ofs_y = 0},
    {.bitmap_index = 3003, .adv_w = 128, .box_w = 8, .box_h = 8, .ofs_x = 0, .ofs_y = 0},
    {.bitmap_index = 3035, .adv_w = 128, .box_w = 8, .box_h = 10, .ofs_x = 0, .ofs_y = -2},
    {.bitmap_index = 3075, .adv_w = 128, .box_w = 7, .box_h = 10, .ofs_x = 0, .ofs_y = -2},
    {.bitmap_index = 3110, .adv_w = 128, .box_w = 6, .box_h = 8, .ofs_x = 1, .ofs_y = 0},
    {.bitmap_index = 3134, .adv_w = 128, .box_w = 6, .box_h = 8, .ofs_x = 1, .ofs_y = 0},
    {.bitmap_index = 3158, .adv_w = 128, .box_w = 7, .box_h = 11, .ofs_x = 0, .ofs_y = 0},
    {.bitmap_index = 3197, .adv_w = 128, .box_w = 7, .box_h = 8, .ofs_x = 0, .ofs_y = 0},
    {.bitmap_index = 3225, .adv_w = 128, .box_w = 8, .box_h = 8, .ofs_x = 0, .ofs_y = 0},
    {.bitmap_index = 3257, .adv_w = 128, .box_w = 8, .box_h = 8, .ofs_x = 0, .ofs_y = 0},
    {.bitmap_index = 3289, .adv_w = 128, .box_w = 8, .box_h = 8, .ofs_x = 0, .ofs_y = 0},
    {.bitmap_index = 3321, .adv_w = 128, .box_w = 8, .box_h = 10, .ofs_x = 0, .ofs_y = -2},
    {.bitmap_index = 3361, .adv_w = 128, .box_w = 7, .box_h = 8, .ofs_x = 0, .ofs_y = 0},
    {.bitmap_index = 3389, .adv_w = 128, .box_w = 4, .box_h = 15, .ofs_x = 3, .ofs_y = -2},
    {.bitmap_index = 3419, .adv_w = 128, .box_w = 2, .box_h = 17, .ofs_x = 3, .ofs_y = -2},
    {.bitmap_index = 3436, .adv_w = 128, .box_w = 5, .box_h = 15, .ofs_x = 0, .ofs_y = -2},
    {.bitmap_index = 3474, .adv_w = 128, .box_w = 8, .box_h = 5, .ofs_x = 0, .ofs_y = 11},
    {.bitmap_index = 3494, .adv_w = 256, .box_w = 4, .box_h = 3, .ofs_x = 6, .ofs_y = 5},
    {.bitmap_index = 3500, .adv_w = 256, .box_w = 16, .box_h = 1, .ofs_x = 0, .ofs_y = 6},
    {.bitmap_index = 3508, .adv_w = 256, .box_w = 16, .box_h = 2, .ofs_x = 0, .ofs_y = 5},
    {.bitmap_index = 3524, .adv_w = 256, .box_w = 15, .box_h = 13, .ofs_x = 0, .ofs_y = -1},
    {.bitmap_index = 3622, .adv_w = 256, .box_w = 14, .box_h = 14, .ofs_x = 1, .ofs_y = -1},
    {.bitmap_index = 3720, .adv_w = 256, .box_w = 14, .box_h = 16, .ofs_x = 1, .ofs_y = -2},
    {.bitmap_index = 3832, .adv_w = 256, .box_w = 15, .box_h = 16, .ofs_x = 0, .ofs_y = -2},
    {.bitmap_index = 3952, .adv_w = 256, .box_w = 16, .box_h = 14, .ofs_x = 0, .ofs_y = -2},
    {.bitmap_index = 4064, .adv_w = 256, .box_w = 16, .box_h = 15, .ofs_x = 0, .ofs_y = -2},
    {.bitmap_index = 4184, .adv_w = 256, .box_w = 14, .box_h = 15, .ofs_x = 1, .ofs_y = -2},
    {.bitmap_index = 4289, .adv_w = 256, .box_w = 12, .box_h = 15, .ofs_x = 2, .ofs_y = -2},
    {.bitmap_index = 4379, .adv_w = 256, .box_w = 12, .box_h = 15, .ofs_x = 2, .ofs_y = -2},
    {.bitmap_index = 4469, .adv_w = 256, .box_w = 16, .box_h = 11, .ofs_x = 0, .ofs_y = 0},
    {.bitmap_index = 4557, .adv_w = 256, .box_w = 14, .box_h = 13, .ofs_x = 1, .ofs_y = -1},
    {.bitmap_index = 4648, .adv_w = 256, .box_w = 16, .box_h = 15, .ofs_x = 0, .ofs_y = -2},
    {.bitmap_index = 4768, .adv_w = 256, .box_w = 16, .box_h = 16, .ofs_x = 0, .ofs_y = -2},
    {.bitmap_index = 4896, .adv_w = 256, .box_w = 16, .box_h = 14, .ofs_x = 0, .ofs_y = -1},
    {.bitmap_index = 5008, .adv_w = 256, .box_w = 16, .box_h = 16, .ofs_x = 0, .ofs_y = -2},
    {.bitmap_index = 5136, .adv_w = 256, .box_w = 16, .box_h = 14, .ofs_x = 0, .ofs_y = -1},
    {.bitmap_index = 5248, .adv_w = 256, .box_w = 16, .box_h = 16, .ofs_x = 0, .ofs_y = -2},
    {.bitmap_index = 5376, .adv_w = 256, .box_w = 16, .box_h = 16, .ofs_x = 0, .ofs_y = -2},
    {.bitmap_index = 5504, .adv_w = 256, .box_w = 16, .box_h = 16, .ofs_x = 0, .ofs_y = -2},
    {.bitmap_index = 5632, .adv_w = 256, .box_w = 16, .box_h = 16, .ofs_x = 0, .ofs_y = -2},
    {.bitmap_index = 5760, .adv_w = 256, .box_w = 16, .box_h = 15, .ofs_x = 0, .ofs_y = -2},
    {.bitmap_index = 5880, .adv_w = 256, .box_w = 16, .box_h = 16, .ofs_x = 0, .ofs_y = -2},
    {.bitmap_index = 6008, .adv_w = 256, .box_w = 16, .box_h = 15, .ofs_x = 0, .ofs_y = -2},
    {.bitmap_index = 6128, .adv_w = 256, .box_w = 16, .box_h = 15, .ofs_x = 0, .ofs_y = -2},
    {.bitmap_index = 6248, .adv_w = 256, .box_w = 14, .box_h = 15, .ofs_x = 1, .ofs_y = -2},
    {.bitmap_index = 6353, .adv_w = 256, .box_w = 16, .box_h = 15, .ofs_x = 0, .ofs_y = -2},
    {.bitmap_index = 6473, .adv_w = 256, .box_w = 14, .box_h = 16, .ofs_x = 1, .ofs_y = -2},
    {.bitmap_index = 6585, .adv_w = 256, .box_w = 14, .box_h = 14, .ofs_x = 1, .ofs_y = -2},
    {.bitmap_index = 6683, .adv_w = 256, .box_w = 16, .box_h = 15, .ofs_x = 0, .ofs_y = -2},
    {.bitmap_index = 6803, .adv_w = 256, .box_w = 15, .box_h = 16, .ofs_x = 1, .ofs_y = -2},
    {.bitmap_index = 6923, .adv_w = 256, .box_w = 15, .box_h = 15, .ofs_x = 0, .ofs_y = -2},
    {.bitmap_index = 7036, .adv_w = 256, .box_w = 16, .box_h = 15, .ofs_x = 0, .ofs_y = -2},
    {.bitmap_index = 7156, .adv_w = 256, .box_w = 16, .box_h = 15, .ofs_x = 0, .ofs_y = -2},
    {.bitmap_index = 7276, .adv_w = 256, .box_w = 15, .box_h = 16, .ofs_x = 0, .ofs_y = -2},
    {.bitmap_index = 7396, .adv_w = 256, .box_w = 14, .box_h = 15, .ofs_x = 1, .ofs_y = -2},
    {.bitmap_index = 7501, .adv_w = 256, .box_w = 15, .box_h = 16, .ofs_x = 0, .ofs_y = -2},
    {.bitmap_index = 7621, .adv_w = 256, .box_w = 15, .box_h = 15, .ofs_x = 0, .ofs_y = -2},
    {.bitmap_index = 7734, .adv_w = 256, .box_w = 16, .box_h = 15, .ofs_x = 0, .ofs_y = -2},
    {.bitmap_index = 7854, .adv_w = 256, .box_w = 15, .box_h = 14, .ofs_x = 0, .ofs_y = -2},
    {.bitmap_index = 7959, .adv_w = 256, .box_w = 15, .box_h = 15, .ofs_x = 0, .ofs_y = -2},
    {.bitmap_index = 8072, .adv_w = 256, .box_w = 14, .box_h = 16, .ofs_x = 0, .ofs_y = -2},
    {.bitmap_index = 8184, .adv_w = 256, .box_w = 16, .box_h = 15, .ofs_x = 0, .ofs_y = -2},
    {.bitmap_index = 8304, .adv_w = 256, .box_w = 15, .box_h = 14, .ofs_x = 0, .ofs_y = -2},
    {.bitmap_index = 8409, .adv_w = 256, .box_w = 14, .box_h = 15, .ofs_x = 1, .ofs_y = -1},
    {.bitmap_index = 8514, .adv_w = 256, .box_w = 16, .box_h = 14, .ofs_x = 0, .ofs_y = -2},
    {.bitmap_index = 8626, .adv_w = 256, .box_w = 14, .box_h = 14, .ofs_x = 1, .ofs_y = -2},
    {.bitmap_index = 8724, .adv_w = 256, .box_w = 14, .box_h = 14, .ofs_x = 1, .ofs_y = -2},
    {.bitmap_index = 8822, .adv_w = 256, .box_w = 16, .box_h = 15, .ofs_x = 0, .ofs_y = -2},
    {.bitmap_index = 8942, .adv_w = 256, .box_w = 15, .box_h = 15, .ofs_x = 0, .ofs_y = -2},
    {.bitmap_index = 9055, .adv_w = 256, .box_w = 15, .box_h = 16, .ofs_x = 0, .ofs_y = -2},
    {.bitmap_index = 9175, .adv_w = 256, .box_w = 16, .box_h = 15, .ofs_x = 0, .ofs_y = -2},
    {.bitmap_index = 9295, .adv_w = 256, .box_w = 14, .box_h = 15, .ofs_x = 1, .ofs_y = -2},
    {.bitmap_index = 9400, .adv_w = 256, .box_w = 16, .box_h = 15, .ofs_x = 0, .ofs_y = -2},
    {.bitmap_index = 9520, .adv_w = 256, .box_w = 16, .box_h = 15, .ofs_x = 0, .ofs_y = -2},
    {.bitmap_index = 9640, .adv_w = 256, .box_w = 16, .box_h = 17, .ofs_x = 0, .ofs_y = -3},
    {.bitmap_index = 9776, .adv_w = 256, .box_w = 14, .box_h = 16, .ofs_x = 1, .ofs_y = -2},
    {.bitmap_index = 9888, .adv_w = 256, .box_w = 16, .box_h = 16, .ofs_x = 0, .ofs_y = -2},
    {.bitmap_index = 10016, .adv_w = 256, .box_w = 16, .box_h = 15, .ofs_x = 0, .ofs_y = -2},
    {.bitmap_index = 10136, .adv_w = 256, .box_w = 14, .box_h = 15, .ofs_x = 1, .ofs_y = -2},
    {.bitmap_index = 10241, .adv_w = 256, .box_w = 14, .box_h = 15, .ofs_x = 1, .ofs_y = -2},
    {.bitmap_index = 10346, .adv_w = 256, .box_w = 16, .box_h = 14, .ofs_x = 0, .ofs_y = -2},
    {.bitmap_index = 10458, .adv_w = 256, .box_w = 16, .box_h = 13, .ofs_x = 0, .ofs_y = -1},
    {.bitmap_index = 10562, .adv_w = 256, .box_w = 14, .box_h = 14, .ofs_x = 1, .ofs_y = -1},
    {.bitmap_index = 10660, .adv_w = 256, .box_w = 16, .box_h = 15, .ofs_x = 0, .ofs_y = -2},
    {.bitmap_index = 10780, .adv_w = 256, .box_w = 16, .box_h = 14, .ofs_x = 0, .ofs_y = -1},
    {.bitmap_index = 10892, .adv_w = 256, .box_w = 16, .box_h = 16, .ofs_x = 0, .ofs_y = -2},
    {.bitmap_index = 11020, .adv_w = 256, .box_w = 16, .box_h = 16, .ofs_x = 0, .ofs_y = -2},
    {.bitmap_index = 11148, .adv_w = 256, .box_w = 16, .box_h = 14, .ofs_x = 0, .ofs_y = -1},
    {.bitmap_index = 11260, .adv_w = 256, .box_w = 16, .box_h = 16, .ofs_x = 0, .ofs_y = -2},
    {.bitmap_index = 11388, .adv_w = 256, .box_w = 16, .box_h = 15, .ofs_x = 0, .ofs_y = -2},
    {.bitmap_index = 11508, .adv_w = 256, .box_w = 15, .box_h = 15, .ofs_x = 0, .ofs_y = -2},
    {.bitmap_index = 11621, .adv_w = 256, .box_w = 16, .box_h = 15, .ofs_x = 0, .ofs_y = -2},
    {.bitmap_index = 11741, .adv_w = 256, .box_w = 16, .box_h = 15, .ofs_x = 0, .ofs_y = -2},
    {.bitmap_index = 11861, .adv_w = 256, .box_w = 16, .box_h = 15, .ofs_x = 0, .ofs_y = -2},
    {.bitmap_index = 11981, .adv_w = 256, .box_w = 16, .box_h = 15, .ofs_x = 0, .ofs_y = -2},
    {.bitmap_index = 12101, .adv_w = 256, .box_w = 16, .box_h = 16, .ofs_x = 0, .ofs_y = -2},
    {.bitmap_index = 12229, .adv_w = 256, .box_w = 16, .box_h = 16, .ofs_x = 0, .ofs_y = -2},
    {.bitmap_index = 12357, .adv_w = 256, .box_w = 16, .box_h = 16, .ofs_x = 0, .ofs_y = -3},
    {.bitmap_index = 12485, .adv_w = 256, .box_w = 16, .box_h = 15, .ofs_x = 0, .ofs_y = -2},
    {.bitmap_index = 12605, .adv_w = 256, .box_w = 16, .box_h = 15, .ofs_x = 0, .ofs_y = -2},
    {.bitmap_index = 12725, .adv_w = 256, .box_w = 15, .box_h = 14, .ofs_x = 0, .ofs_y = -2},
    {.bitmap_index = 12830, .adv_w = 256, .box_w = 16, .box_h = 16, .ofs_x = 0, .ofs_y = -2},
    {.bitmap_index = 12958, .adv_w = 256, .box_w = 15, .box_h = 15, .ofs_x = 0, .ofs_y = -2},
    {.bitmap_index = 13071, .adv_w = 256, .box_w = 16, .box_h = 15, .ofs_x = 0, .ofs_y = -1},
    {.bitmap_index = 13191, .adv_w = 256, .box_w = 16, .box_h = 16, .ofs_x = 0, .ofs_y = -2},
    {.bitmap_index = 13319, .adv_w = 256, .box_w = 15, .box_h = 15, .ofs_x = 1, .ofs_y = -2},
    {.bitmap_index = 13432, .adv_w = 256, .box_w = 16, .box_h = 16, .ofs_x = 0, .ofs_y = -3},
    {.bitmap_index = 13560, .adv_w = 256, .box_w = 11, .box_h = 13, .ofs_x = 3, .ofs_y = -1},
    {.bitmap_index = 13632, .adv_w = 256, .box_w = 15, .box_h = 15, .ofs_x = 1, .ofs_y = -2},
    {.bitmap_index = 13745, .adv_w = 256, .box_w = 14, .box_h = 14, .ofs_x = 1, .ofs_y = -1},
    {.bitmap_index = 13843, .adv_w = 256, .box_w = 15, .box_h = 15, .ofs_x = 1, .ofs_y = -2},
    {.bitmap_index = 13956, .adv_w = 256, .box_w = 13, .box_h = 14, .ofs_x = 1, .ofs_y = -2},
    {.bitmap_index = 14047, .adv_w = 256, .box_w = 16, .box_h = 16, .ofs_x = 0, .ofs_y = -2},
    {.bitmap_index = 14175, .adv_w = 256, .box_w = 16, .box_h = 14, .ofs_x = 0, .ofs_y = -1},
    {.bitmap_index = 14287, .adv_w = 256, .box_w = 15, .box_h = 15, .ofs_x = 0, .ofs_y = -2},
    {.bitmap_index = 14400, .adv_w = 256, .box_w = 16, .box_h = 14, .ofs_x = 0, .ofs_y = -1},
    {.bitmap_index = 14512, .adv_w = 256, .box_w = 15, .box_h = 14, .ofs_x = 1, .ofs_y = -1},
    {.bitmap_index = 14617, .adv_w = 256, .box_w = 16, .box_h = 16, .ofs_x = 0, .ofs_y = -3},
    {.bitmap_index = 14745, .adv_w = 256, .box_w = 16, .box_h = 14, .ofs_x = 0, .ofs_y = -1},
    {.bitmap_index = 14857, .adv_w = 256, .box_w = 16, .box_h = 16, .ofs_x = 0, .ofs_y = -2},
    {.bitmap_index = 14985, .adv_w = 256, .box_w = 16, .box_h = 15, .ofs_x = 0, .ofs_y = -2},
    {.bitmap_index = 15105, .adv_w = 256, .box_w = 15, .box_h = 13, .ofs_x = 0, .ofs_y = -1},
    {.bitmap_index = 15203, .adv_w = 256, .box_w = 16, .box_h = 15, .ofs_x = 0, .ofs_y = -2},
    {.bitmap_index = 15323, .adv_w = 256, .box_w = 16, .box_h = 16, .ofs_x = 0, .ofs_y = -3},
    {.bitmap_index = 15451, .adv_w = 256, .box_w = 15, .box_h = 15, .ofs_x = 0, .ofs_y = -2},
    {.bitmap_index = 15564, .adv_w = 256, .box_w = 15, .box_h = 15, .ofs_x = 0, .ofs_y = -2},
    {.bitmap_index = 15677, .adv_w = 256, .box_w = 16, .box_h = 16, .ofs_x = 0, .ofs_y = -2},
    {.bitmap_index = 15805, .adv_w = 256, .box_w = 15, .box_h = 15, .ofs_x = 0, .ofs_y = -2},
    {.bitmap_index = 15918, .adv_w = 256, .box_w = 16, .box_h = 16, .ofs_x = 0, .ofs_y = -3},
    {.bitmap_index = 16046, .adv_w = 256, .box_w = 16, .box_h = 14, .ofs_x = 0, .ofs_y = -2},
    {.bitmap_index = 16158, .adv_w = 256, .box_w = 16, .box_h = 15, .ofs_x = 0, .ofs_y = -2},
    {.bitmap_index = 16278, .adv_w = 256, .box_w = 15, .box_h = 14, .ofs_x = 0, .ofs_y = -1},
    {.bitmap_index = 16383, .adv_w = 256, .box_w = 14, .box_h = 14, .ofs_x = 0, .ofs_y = -2},
    {.bitmap_index = 16481, .adv_w = 256, .box_w = 14, .box_h = 16, .ofs_x = 1, .ofs_y = -2},
    {.bitmap_index = 16593, .adv_w = 256, .box_w = 12, .box_h = 13, .ofs_x = 2, .ofs_y = -1},
    {.bitmap_index = 16671, .adv_w = 256, .box_w = 16, .box_h = 15, .ofs_x = 0, .ofs_y = -2},
    {.bitmap_index = 16791, .adv_w = 256, .box_w = 16, .box_h = 16, .ofs_x = 0, .ofs_y = -2},
    {.bitmap_index = 16919, .adv_w = 256, .box_w = 16, .box_h = 15, .ofs_x = 0, .ofs_y = -2},
    {.bitmap_index = 17039, .adv_w = 256, .box_w = 16, .box_h = 15, .ofs_x = 0, .ofs_y = -2},
    {.bitmap_index = 17159, .adv_w = 256, .box_w = 16, .box_h = 15, .ofs_x = 0, .ofs_y = -2},
    {.bitmap_index = 17279, .adv_w = 256, .box_w = 16, .box_h = 16, .ofs_x = 0, .ofs_y = -3},
    {.bitmap_index = 17407, .adv_w = 256, .box_w = 16, .box_h = 14, .ofs_x = 0, .ofs_y = -1},
    {.bitmap_index = 17519, .adv_w = 256, .box_w = 16, .box_h = 16, .ofs_x = 0, .ofs_y = -2},
    {.bitmap_index = 17647, .adv_w = 256, .box_w = 16, .box_h = 16, .ofs_x = 0, .ofs_y = -2},
    {.bitmap_index = 17775, .adv_w = 256, .box_w = 16, .box_h = 15, .ofs_x = 0, .ofs_y = -2},
    {.bitmap_index = 17895, .adv_w = 256, .box_w = 16, .box_h = 16, .ofs_x = 0, .ofs_y = -3},
    {.bitmap_index = 18023, .adv_w = 256, .box_w = 16, .box_h = 14, .ofs_x = 0, .ofs_y = -1},
    {.bitmap_index = 18135, .adv_w = 256, .box_w = 16, .box_h = 15, .ofs_x = 0, .ofs_y = -2},
    {.bitmap_index = 18255, .adv_w = 256, .box_w = 15, .box_h = 14, .ofs_x = 1, .ofs_y = -2},
    {.bitmap_index = 18360, .adv_w = 256, .box_w = 15, .box_h = 13, .ofs_x = 1, .ofs_y = -1},
    {.bitmap_index = 18458, .adv_w = 256, .box_w = 15, .box_h = 16, .ofs_x = 1, .ofs_y = -2},
    {.bitmap_index = 18578, .adv_w = 256, .box_w = 14, .box_h = 15, .ofs_x = 1, .ofs_y = -2},
    {.bitmap_index = 18683, .adv_w = 256, .box_w = 15, .box_h = 17, .ofs_x = 1, .ofs_y = -3},
    {.bitmap_index = 18811, .adv_w = 256, .box_w = 16, .box_h = 15, .ofs_x = 0, .ofs_y = -2},
    {.bitmap_index = 18931, .adv_w = 256, .box_w = 15, .box_h = 15, .ofs_x = 0, .ofs_y = -2},
    {.bitmap_index = 19044, .adv_w = 256, .box_w = 16, .box_h = 16, .ofs_x = 0, .ofs_y = -2},
    {.bitmap_index = 19172, .adv_w = 256, .box_w = 16, .box_h = 15, .ofs_x = 0, .ofs_y = -2},
    {.bitmap_index = 19292, .adv_w = 256, .box_w = 16, .box_h = 15, .ofs_x = 0, .ofs_y = -2},
    {.bitmap_index = 19412, .adv_w = 256, .box_w = 16, .box_h = 14, .ofs_x = 0, .ofs_y = -1},
    {.bitmap_index = 19524, .adv_w = 256, .box_w = 16, .box_h = 15, .ofs_x = 0, .ofs_y = -2},
    {.bitmap_index = 19644, .adv_w = 256, .box_w = 16, .box_h = 16, .ofs_x = 0, .ofs_y = -3},
    {.bitmap_index = 19772, .adv_w = 256, .box_w = 16, .box_h = 15, .ofs_x = 0, .ofs_y = -2},
    {.bitmap_index = 19892, .adv_w = 256, .box_w = 16, .box_h = 15, .ofs_x = 0, .ofs_y = -2},
    {.bitmap_index = 20012, .adv_w = 256, .box_w = 15, .box_h = 15, .ofs_x = 0, .ofs_y = -2},
    {.bitmap_index = 20125, .adv_w = 256, .box_w = 16, .box_h = 16, .ofs_x = 0, .ofs_y = -2},
    {.bitmap_index = 20253, .adv_w = 256, .box_w = 16, .box_h = 16, .ofs_x = 0, .ofs_y = -2},
    {.bitmap_index = 20381, .adv_w = 256, .box_w = 16, .box_h = 17, .ofs_x = 0, .ofs_y = -3},
    {.bitmap_index = 20517, .adv_w = 256, .box_w = 16, .box_h = 15, .ofs_x = 0, .ofs_y = -2},
    {.bitmap_index = 20637, .adv_w = 256, .box_w = 16, .box_h = 14, .ofs_x = 0, .ofs_y = -1},
    {.bitmap_index = 20749, .adv_w = 256, .box_w = 16, .box_h = 15, .ofs_x = 0, .ofs_y = -2},
    {.bitmap_index = 20869, .adv_w = 256, .box_w = 15, .box_h = 16, .ofs_x = 1, .ofs_y = -2},
    {.bitmap_index = 20989, .adv_w = 256, .box_w = 16, .box_h = 16, .ofs_x = 0, .ofs_y = -3},
    {.bitmap_index = 21117, .adv_w = 256, .box_w = 15, .box_h = 14, .ofs_x = 0, .ofs_y = -1},
    {.bitmap_index = 21222, .adv_w = 256, .box_w = 15, .box_h = 13, .ofs_x = 0, .ofs_y = -1},
    {.bitmap_index = 21320, .adv_w = 256, .box_w = 15, .box_h = 15, .ofs_x = 0, .ofs_y = -2},
    {.bitmap_index = 21433, .adv_w = 256, .box_w = 16, .box_h = 15, .ofs_x = 0, .ofs_y = -2},
    {.bitmap_index = 21553, .adv_w = 256, .box_w = 16, .box_h = 15, .ofs_x = 0, .ofs_y = -2},
    {.bitmap_index = 21673, .adv_w = 256, .box_w = 16, .box_h = 15, .ofs_x = 0, .ofs_y = -2},
    {.bitmap_index = 21793, .adv_w = 256, .box_w = 14, .box_h = 15, .ofs_x = 1, .ofs_y = -2},
    {.bitmap_index = 21898, .adv_w = 256, .box_w = 14, .box_h = 16, .ofs_x = 1, .ofs_y = -2},
    {.bitmap_index = 22010, .adv_w = 256, .box_w = 14, .box_h = 15, .ofs_x = 1, .ofs_y = -2},
    {.bitmap_index = 22115, .adv_w = 256, .box_w = 14, .box_h = 16, .ofs_x = 1, .ofs_y = -3},
    {.bitmap_index = 22227, .adv_w = 256, .box_w = 4, .box_h = 6, .ofs_x = 1, .ofs_y = -3}
};

/*---------------------
 *  CHARACTER MAPPING
 *--------------------*/

static const uint16_t unicode_list_1[] = {
    0x0, 0x1f5d, 0x4d49, 0x4d52, 0x4d54, 0x4d57, 0x4d5c, 0x4d63,
    0x4d73, 0x4d99, 0x4da9, 0x4dcf, 0x4dd5, 0x4ddd, 0x4e0e, 0x4e13,
    0x4e5a, 0x4e63, 0x4e9c, 0x4ea5, 0x4ec8, 0x4f2a, 0x4f37, 0x4f62,
    0x4fa5, 0x50ae, 0x50b1, 0x50b6, 0x50ba, 0x50bc, 0x50e2, 0x510f,
    0x514f, 0x5179, 0x51e8, 0x51f1, 0x51f2, 0x51fc, 0x529e, 0x531a,
    0x531f, 0x5338, 0x5357, 0x5378, 0x5393, 0x53b1, 0x5416, 0x55b1,
    0x5624, 0x5627, 0x5671, 0x5839, 0x5850, 0x5856, 0x5863, 0x5872,
    0x587a, 0x5914, 0x5aaf, 0x5ad5, 0x5b0f, 0x5b58, 0x5b63, 0x5b98,
    0x5d2e, 0x5d3b, 0x5d9e, 0x5e49, 0x5e58, 0x5f70, 0x5fb8, 0x6159,
    0x6194, 0x61b4, 0x61b5, 0x61ee, 0x6232, 0x624a, 0x6252, 0x62ee,
    0x6318, 0x6319, 0x63f6, 0x6478, 0x6487, 0x64b9, 0x64bd, 0x64d0,
    0x64f6, 0x64f9, 0x652e, 0x653f, 0x65cb, 0x663d, 0x6651, 0x6652,
    0x6673, 0x6675, 0x6678, 0x66a8, 0x66c8, 0x672e, 0x681b, 0x696a,
    0x6aac, 0x6aaf, 0x6afe, 0x6b18, 0x6bea, 0x6c31, 0x6c84, 0x6cd1,
    0x72f9, 0x7336, 0x7468, 0x7471, 0x75cd, 0x7637, 0x7654, 0x7668,
    0x774a, 0x791a, 0x7954, 0x7956, 0x7a1f, 0x7a64, 0x7a75, 0x7e1c,
    0x7e25, 0x7e30, 0x7e36, 0x7e9a, 0x7eb7, 0x7ed7, 0x7ffb, 0x8046,
    0x81cb, 0x823a, 0x8325, 0x87b1, 0x88ca, 0x8aea, 0x8b07, 0x8b36,
    0x8b40, 0x8b47, 0x8b4c, 0x8c6e, 0x8ec6, 0x8edc, 0x8f1d, 0x8f27,
    0x8f52, 0x9031, 0x90db, 0x9116, 0x9118, 0x93e8, 0x93f7, 0x940c,
    0x9477, 0x9536, 0x953d, 0x9542, 0x973c, 0xfe55
};

/*Collect the unicode lists and glyph_id offsets*/
static const lv_font_fmt_txt_cmap_t cmaps[] =
{
    {
        .range_start = 32, .range_length = 95, .glyph_id_start = 1,
        .unicode_list = NULL, .glyph_id_ofs_list = NULL, .list_length = 0, .type = LV_FONT_FMT_TXT_CMAP_FORMAT0_TINY
    },
    {
        .range_start = 183, .range_length = 65110, .glyph_id_start = 96,
        .unicode_list = unicode_list_1, .glyph_id_ofs_list = NULL, .list_length = 166, .type = LV_FONT_FMT_TXT_CMAP_SPARSE_TINY
    }
};



/*--------------------
 *  ALL CUSTOM DATA
 *--------------------*/

#if LVGL_VERSION_MAJOR == 8
/*Store all the custom data of the font*/
static  lv_font_fmt_txt_glyph_cache_t cache;
#endif

#if LVGL_VERSION_MAJOR >= 8
static const lv_font_fmt_txt_dsc_t font_dsc = {
#else
static lv_font_fmt_txt_dsc_t font_dsc = {
#endif
    .glyph_bitmap = glyph_bitmap,
    .glyph_dsc = glyph_dsc,
    .cmaps = cmaps,
    .kern_dsc = NULL,
    .kern_scale = 0,
    .cmap_num = 2,
    .bpp = 4,
    .kern_classes = 0,
    .bitmap_format = 0,
#if LVGL_VERSION_MAJOR == 8
    .cache = &cache
#endif
};



/*-----------------
 *  PUBLIC FONT
 *----------------*/

/*Initialize a public general font descriptor*/
#if LVGL_VERSION_MAJOR >= 8
const lv_font_t ui_font_16 = {
#else
lv_font_t ui_font_16 = {
#endif
    .get_glyph_dsc = lv_font_get_glyph_dsc_fmt_txt,    /*Function pointer to get glyph's data*/
    .get_glyph_bitmap = lv_font_get_bitmap_fmt_txt,    /*Function pointer to get glyph's bitmap*/
    .line_height = 19,          /*The maximum line height required by the font*/
    .base_line = 3,             /*Baseline measured from the bottom of the line*/
#if !(LVGL_VERSION_MAJOR == 6 && LVGL_VERSION_MINOR == 0)
    .subpx = LV_FONT_SUBPX_NONE,
#endif
#if LV_VERSION_CHECK(7, 4, 0) || LVGL_VERSION_MAJOR >= 8
    .underline_position = -1,
    .underline_thickness = 1,
#endif
    .dsc = &font_dsc,          /*The custom font data. Will be accessed by `get_glyph_bitmap/dsc` */
#if LV_VERSION_CHECK(8, 2, 0) || LVGL_VERSION_MAJOR >= 9
    .fallback = NULL,
#endif
    .user_data = NULL,
};



#endif /*#if UI_FONT_16*/
